role,title,company,city,salary_min,salary_max,created,description,redirect_url
data analyst,Data Analyst,Ignisov Consulting Services,"Bangalore, Karnataka",,,2026-09-09T14:44:26Z,"Role: Data Analyst Job Type: Full-time (Hybrid) Job Location: Bangalore Experience: 6 years Notice Period: Immediate to 30 Days Job Description: Must have strong experience in the Manufacturing domain. Experience working with SAP and Non-SAP data. Strong knowledge of SQL and Python/R. Experience with Azure Data Factory (ADF) and Databricks. Strong understanding of Data Modelling, ETL, Data Mapping, and Data Quality. Experience with Power BI, Tableau, or Looker. Analyze large and complex dataset…",https://www.adzuna.in/land/ad/5876869978?se=joBT2za78RGCw6kuTDrJlg&utm_medium=api&utm_source=0fd54924&v=072D1CE1CC72D0FC85E89D98E0B5C45236CC78D8
data analyst,Data Analyst,Edwagon,"Bangalore, Karnataka",,,2026-09-02T16:44:13Z,"Company Description Edwagon is a growing organization focused on using data-driven insights to improve decision-making and business performance. The company values analytical thinking, collaboration, and continuous learning, and encourages team members to explore innovative approaches to solving complex problems. Edwagon offers opportunities to work with diverse datasets, modern tools, and cross-functional teams. Professionals joining Edwagon can expect a supportive environment that recognizes …",https://www.adzuna.in/land/ad/5867038166?se=joBT2za78RGCw6kuTDrJlg&utm_medium=api&utm_source=0fd54924&v=005005A5CE08BEDFAA80C211793EB9110F5A4178
data analyst,Data Analyst,Futurlytic Private Limited,"Bangalore, Karnataka",,,2026-09-25T01:51:59Z,"Responsibilities for Data analyst • The candidate must be very good in English, both in verbal and written • She must be from technical background with passion to work as data analyst. • The candidate would be good in researching a technological topic /theme The candidate would be good in building query writing using Boolean operators • The candidate would be good in data validation using social media data sources • Leverage customer verbatim comments to pull in relevant support stories for the…",https://www.adzuna.in/land/ad/5897294517?se=joBT2za78RGCw6kuTDrJlg&utm_medium=api&utm_source=0fd54924&v=21DCF7E55436364DA8165DF6052E157821FE1C21
data analyst,Data Analyst,KRFS,"Karnataka, India",,,2026-09-07T18:37:51Z,"We are looking for a Data Analyst who can collect, analyze, interpret, and visualize business and financial data to support strategic decision-making. The ideal candidate should have strong analytical skills, attention to detail, and the ability to convert complex data into meaningful business insights. Key Responsibilities Collect, clean, validate, and analyze data from multiple sources. Prepare regular and ad-hoc business performance reports. Develop dashboards and data visualizations for man…",https://www.adzuna.in/land/ad/5874134576?se=joBT2za78RGCw6kuTDrJlg&utm_medium=api&utm_source=0fd54924&v=C577AE65604914B37179B4F8E139D9AF02F18B8E
data analyst,Data Analyst,Pharmanovia,"Mumbai, Maharashtra",,,2026-09-02T16:42:43Z,"Data Analyst - India - Mumbai or Vadodara - Hybrid - 3 days work from office-2 days working from home. About the Company Pharmanovia is a global speciality pharmaceutical company focused on innovative speciality medicines and trusted, established brands. Pharmanovia combines scientific, medical, regulatory, market access, supply chain and commercial expertise to bring medicines to patients. Together, they reflect a business built to meet patient needs today while helping shape better outcomes f…",https://www.adzuna.in/land/ad/5867036109?se=joBT2za78RGCw6kuTDrJlg&utm_medium=api&utm_source=0fd54924&v=3137DF9B503952DFDC32B05C57551147401959BD
data analyst,Data Analyst,D2N Solutions,India,,,2026-09-28T02:03:11Z,"Company Description D2N Solutions is a talent and solutions provider that helps organizations build high-performing teams aligned with their culture and business goals. The company brings together experienced staffing, recruitment, compliance, finance, and marketing professionals who understand the challenges facing both clients and candidates in today’s employment market. D2N Solutions offers comprehensive support across a wide range of technology services, including artificial intelligence, i…",https://www.adzuna.in/land/ad/5900875751?se=joBT2za78RGCw6kuTDrJlg&utm_medium=api&utm_source=0fd54924&v=C4BA9C08A7EA4AF6219733E04FE23C46C8F6F2A5
data analyst,Data Analyst,Indofast Energy,India,,,2026-09-03T16:50:23Z,"About the Role : We are looking for a highly analytical and detail-oriented Data Analyst to join our Business Development Team. The ideal candidate should have strong skills in data handling, statistical analysis, and visualization tools, along with the ability to translate data into meaningful insights. Key Responsibilities : Data Analysis : - Collect, clean, and validate large datasets from multiple sources - Analyze data to identify trends, patterns, and actionable insights - Develop and mai…",https://www.adzuna.in/land/ad/5868794225?se=joBT2za78RGCw6kuTDrJlg&utm_medium=api&utm_source=0fd54924&v=D8BC56B9CB11BA0D9B5FFCBCF89C96BD2DFA3D7D
data analyst,Data Analyst,Nians,India,,,2026-09-01T16:23:20Z,"About the Role We are looking for a detail-oriented and analytical Data Analyst to join our remote team. The ideal candidate will collect, analyze, and interpret data to uncover actionable insights that support business decisions, improve marketing performance, and optimize operational efficiency. You will work closely with cross-functional teams to transform complex data into meaningful reports and recommendations. The Data Analyst will be responsible for collecting, cleaning, and analyzing da…",https://www.adzuna.in/land/ad/5864443196?se=joBT2za78RGCw6kuTDrJlg&utm_medium=api&utm_source=0fd54924&v=10338B8934051D3701B8DAAFEA2D92D893FF8C64
data analyst,Data Analyst,Cornerstone OnDemand,"Pune, Maharashtra",,,2026-09-09T10:19:37Z,"This job is with Cornerstone OnDemand, an inclusive employer and a member of myGwork – the largest global platform for the LGBTQ business community. Please do not contact the recruiter directly. Data Analyst - Enterprise Data Management Location: Hyderabad, India About the Role: We are seeking an experienced Data Analyst to join our Enterprise Data Management team , with a core focus on Data Quality, Data Governance, and Master Data Management (MDM). In this role, you will be responsible for an…",https://www.adzuna.in/land/ad/5876645051?se=joBT2za78RGCw6kuTDrJlg&utm_medium=api&utm_source=0fd54924&v=631925FDE58F85DB10B5F3F2B9DA1B57320F62F0
data analyst,Data Analyst,JEWELSTAR GROUP,"Mumbai, Maharashtra",,,2026-09-25T15:24:07Z,"Data Analyst & Planner – Job Summary Company: JEWEL STAR GROUP Location: Mumbai (In-Office) Working Hours : US Eastern Time Zone (New York) About the Role: We are looking for an experienced Data Analyst & Planner to analyze business, sales, inventory, customer, marketing, and ecommerce data to support strategic decision-making and business growth. The role involves working closely with cross-functional teams to improve reporting, forecasting, operational efficiency, and overall business perform…",https://www.adzuna.in/land/ad/5898129744?se=joBT2za78RGCw6kuTDrJlg&utm_medium=api&utm_source=0fd54924&v=30E44802987F4CECB43EF7439EAB1BE23B3E5A4E
data analyst,Data Analyst,SmartWinnr,"Hyderabad, Telangana",,,2026-09-28T07:33:09Z,"About SmartWinnr SmartWinnr is a leading global platform that uses gamification to enhance knowledge management and performance optimization for distributed sales teams. The platform serves Fortune 500 clients including Boston Scientific, Johnson & Johnson, and AstraZeneca, along with other major companies such as Abbott, Medtronic, HDFC Life, SBI Life, ICICI Prudential, and Aditya Birla to boost sales productivity. SmartWinnr has earned recognition from G2 as one of the top 50 sales products f…",https://www.adzuna.in/land/ad/5901133222?se=joBT2za78RGCw6kuTDrJlg&utm_medium=api&utm_source=0fd54924&v=BA0F3401CE8F0B17C25D3C424D522B4A812CDC66
data analyst,Data Analyst,HT Digital Streams,India,,,2026-09-18T17:31:52Z,"Job Description : Data Analyst – Fintech About Mint Money Mint Money (by HT Media Group) is a mobile-first personal finance marketplace. We empower millions of users to track credit health, discover personalized loans, and access credit cards seamlessly through partnerships with leading RBI-registered NBFCs and banks. Role Overview As a Data Analyst , you will optimize user acquisition, credit matching, and disbursal funnels. Operating at the intersection of product, marketing, and risk, your i…",https://www.adzuna.in/land/ad/5889222919?se=joBT2za78RGCw6kuTDrJlg&utm_medium=api&utm_source=0fd54924&v=03EF083DA912BE5EBF0E4FE0CF65CCAF6FDA4830
data analyst,Data Analyst,Navneet Education Limited,"Mumbai, Maharashtra",,,2026-09-25T15:21:02Z,"The Data Analyst will be responsible for translating the Group’s data - spanning customer/stakeholder data (Teachers, Schools, Retailers, Distributors, Vendors, Partners) and factory operations data (production, dispatch, inventory, material movement) - into actionable business insights. The role owns dashboard and report development across CRM and ERP systems, surfacing coverage metrics, campaign engagement, operational efficiency, data health scores, and compliance status for SBU heads, plant…",https://www.adzuna.in/land/ad/5898126179?se=joBT2za78RGCw6kuTDrJlg&utm_medium=api&utm_source=0fd54924&v=C4DB41C637EA91E816081FAF9EE7DB65A0AFEAFB
data analyst,Data Analyst,Tata Consultancy Services,India,,,2026-09-25T15:24:02Z,"We are hiring for a DATA ANALYST with the skillsets of Oracle pl/sql, unix. JD: Analyze large volumes of data and generate meaningful business insights. Develop, optimize, and maintain complex Oracle SQL/PLSQL queries, procedures, packages, and functions. Perform data extraction, validation, reconciliation, and quality analysis. Utilize Unix/Linux commands and shell scripting for data processing and automation. Investigate data issues, perform root cause analysis, and provide resolutions. Creat…",https://www.adzuna.in/land/ad/5898129608?se=joBT2za78RGCw6kuTDrJlg&utm_medium=api&utm_source=0fd54924&v=A465629CD7E0313208FBC57D2878FAB324C9B44F
data analyst,Data Analyst,Tata Consultancy Services,"Bangalore, Karnataka",,,2026-09-25T15:24:08Z,"We are hiring for a DATA ANALYST with the skillsets of Oracle pl/sql, unix. JD: Analyze large volumes of data and generate meaningful business insights. Develop, optimize, and maintain complex Oracle SQL/PLSQL queries, procedures, packages, and functions. Perform data extraction, validation, reconciliation, and quality analysis. Utilize Unix/Linux commands and shell scripting for data processing and automation. Investigate data issues, perform root cause analysis, and provide resolutions. Creat…",https://www.adzuna.in/land/ad/5898129792?se=joBT2za78RGCw6kuTDrJlg&utm_medium=api&utm_source=0fd54924&v=64AE30074388AF5F3E58EA892531BD888D52FB26
data analyst,Data Analyst,Daice Labs,India,,,2026-09-02T16:42:41Z,"Job Title: Data Analyst Location: India (Remote) Employment Type: Full-time About Daice Labs Daice Labs is an AI research and product company founded by MIT CSAIL scientists, headquartered in Brookline, MA. The company develops hybrid AI systems that integrate neurosymbolic methods with machine learning to build auditable, adaptive, and governable AI. Daice Labs operates two integrated divisions: a research lab focused on hybrid AI architectures, and Cofabric, a governed AI execution platform f…",https://www.adzuna.in/land/ad/5867036037?se=joBT2za78RGCw6kuTDrJlg&utm_medium=api&utm_source=0fd54924&v=3373786259D5227E399A77A714E583AB630777FD
data analyst,Data Analyst,Persistent Systems,"Hyderabad, Telangana",,,2026-09-05T18:30:21Z,"About Position: We are seeking a highly skilled Data Engineer cum Data Analyst with strong expertise in Hadoop Ecosystem, Google Cloud Platform (GCP), Data Analytics, and Project Management. The ideal candidate will possess hands-on experience in designing scalable data platforms, building data pipelines, performing advanced analytics, and leading end-to-end data initiatives. This role requires a blend of technical expertise, business analysis, stakeholder management, and project delivery capab…",https://www.adzuna.in/land/ad/5871991896?se=joBT2za78RGCw6kuTDrJlg&utm_medium=api&utm_source=0fd54924&v=4E224CAAB3213F1718D14EA4D9357EF9FBB8D759
data analyst,Data Analyst,Drave Digitals Recruitment Services,India,,,2026-09-21T17:39:06Z,"We are hiring Data Analyst Freshers on behalf of our client companies. The selected candidates will work with business and operations teams to collect, organize, analyze, and interpret data to support business decision-making. This is an excellent opportunity for freshers looking to start their career in Data Analytics, Business Intelligence, and Data-driven Operations. Key Responsibilities Collect, clean, validate, and organize data from different sources. Analyze datasets to identify trends, …",https://www.adzuna.in/land/ad/5892770992?se=joBT2za78RGCw6kuTDrJlg&utm_medium=api&utm_source=0fd54924&v=D644AB5D5C1241C76D4155BFF35793D9C6391A7E
data analyst,Data Analyst,HTC Global Services,"Hyderabad, Telangana",,,2026-09-14T17:17:47Z,"We are seeking a highly skilled and detail-oriented Senior Data Analyst / Data Governance Specialist with 7 years of experience to drive data-driven decision-making and ensure robust data governance practices. The ideal candidate will have strong expertise in data analysis, SQL, data modeling, and governance frameworks , along with the ability to translate business requirements into actionable insights. Key Responsibilities Data Analysis & Insights Analyze large volumes of structured and unstru…",https://www.adzuna.in/land/ad/5883562726?se=joBT2za78RGCw6kuTDrJlg&utm_medium=api&utm_source=0fd54924&v=5743FEA422ADE6DE4EE297850815AC6CE580C190
data analyst,Data Analyst,QWR,India,,,2026-09-25T15:21:03Z,"Job title: Data Analyst Location: Pune, Maharashtra, India · On-site · Full-time · Mid-Senior level QWR Interactive Solutions designs and manufactures head-worn computing devices. We have shipped over 50,000 devices across 17 countries. We also build HUMBL, a voice-native AI app. About the role We are looking for a data analyst with 2 to 4 years of experience turning operational data into decisions, ideally in a hardware, manufacturing, consumer product or technology environment. Our data sits …",https://www.adzuna.in/land/ad/5898126198?se=joBT2za78RGCw6kuTDrJlg&utm_medium=api&utm_source=0fd54924&v=49D26B61774F658ECC3D105DFA175760C2E344D8
data analyst,Data Analyst,Quantum Leap Learning Solutions Pvt Ltd,"Bangalore, Karnataka",,,2026-09-28T07:40:57Z,"About the Company Quantumleap Learning Solutions Pvt Ltd is a leading business coaching and consulting firm committed to helping entrepreneurs and business owners scale their businesses effectively. With a structured approach to business growth, we specialize in providing data-driven insights and strategies that empower our clients . Join us and be part of a company that values accuracy, efficiency, and continuous improvement. About the Role We are looking for a business minded Data Analyst wit…",https://www.adzuna.in/land/ad/5901137594?se=joBT2za78RGCw6kuTDrJlg&utm_medium=api&utm_source=0fd54924&v=8797DE99BC0DC8C8175A2CFE3A087271366D70A2
data analyst,Data Analyst,MNC,India,,,2026-09-27T18:07:28Z,"Job Description We are seeking a skilled Data Analyst ,Bangalore, Hyderabad having 4 yrs of experience. About Us CodeVyasa is a mid-sized product engineering company that works with top-tier product and solutions organizations such as McKinsey, Walmart, RazorPay, Swiggy, and others. We are a team of 550 engineers, driving innovation across Product & Data Engineering, focusing on Agentic AI, RPA, Full Stack, and GenAI-based solutions. Key Responsibilities: Design, develop, and maintain interacti…",https://www.adzuna.in/land/ad/5900616406?se=joBT2za78RGCw6kuTDrJlg&utm_medium=api&utm_source=0fd54924&v=AB9C67ED297CE516DED5ABF2B5050CE8E38E0264
data analyst,Data Analyst,Credit Saison India,"Bangalore, Karnataka",,,2026-09-18T23:23:08Z,"Data Analyst About Credit Saison India Established in 2019, Credit Saison India (CS India) is one of the country’s fastest-growing Non-Bank Financial Company (NBFC) lenders, with verticals in wholesale, direct lending and tech-enabled partnerships with Non-Bank Financial Companies (NBFCs) and fintech's with a vision to unlock India’s financial potential. Combining our tech-enabled model with underwriting capability has allowed us to lending at scale to meet India’s huge gap for credit, especial…",https://www.adzuna.in/land/ad/5889675450?se=joBT2za78RGCw6kuTDrJlg&utm_medium=api&utm_source=0fd54924&v=6D13B19E5EE70AAAFCF05B9205126299083FD3DC
data analyst,Data Analyst,Persistent Systems,India,,,2026-09-12T17:20:59Z,"About Position: We are seeking an experienced Data Analyst Healthcare (Azure Databricks) with 8 years of experience in healthcare data analytics, data profiling, source-to-target mapping, and modern cloud-based data platforms. The ideal candidate will possess strong expertise in healthcare claims data, advanced SQL development, Azure Databricks, and business data analysis. This role will act as a critical bridge between business stakeholders, data engineering teams, analytics teams, and AI/ML i…",https://www.adzuna.in/land/ad/5880953033?se=joBT2za78RGCw6kuTDrJlg&utm_medium=api&utm_source=0fd54924&v=FC6D53927597CEACE22EEDAE514F5937F0134DC8
data analyst,Data Analyst,EaseMyTrip.com,India,,,2026-09-03T16:48:56Z,"About the Role As a Data Analyst at EaseMyTrip.com, you will be crucial in analyzing travel data to drive business insights and decisions. Your role involves harnessing large sets of data to identify trends, forecast demand, and optimize our services to enhance customer satisfaction. You will collaborate closely with various departments, including marketing, sales, and customer service, to support our mission of delivering exceptional travel experiences. This position is key to driving data-dri…",https://www.adzuna.in/land/ad/5868791758?se=joBT2za78RGCw6kuTDrJlg&utm_medium=api&utm_source=0fd54924&v=195849E2D4E99C9FB14549118D0AFC947CC7F169
data analyst,Data Analyst,Celestica,India,,,2026-09-18T17:29:26Z,"Summary The AI Data Analyst will design, develop, document, and maintain data pipelines and architectures, workingclosely with IT, Data Engineering, and Data Science teams to deliver artificial intelligence and machine learningsolutions. Provide technical support on selected AI systems (for example, Generative AI applications, agenticworkflows, and internal data integration tools) and participate in enterprise IT and AI projects. Detailed Description Performs tasks such as, but not limited to, …",https://www.adzuna.in/land/ad/5889219254?se=joBT2za78RGCw6kuTDrJlg&utm_medium=api&utm_source=0fd54924&v=F7AFC9AC2D0E9DD4D9D13BF0498E433176A3ACB6
data analyst,Data Analyst,Droisys,India,,,2026-09-23T15:37:34Z,"About Company Droisys is an innovation technology company focused on helping companies accelerate their digital initiatives from strategy and planning through execution. We leverage deep technical expertise, Agile methodologies, and data-driven intelligence to modernize systems of engagement and simplify human/tech interaction. Amazing things happen when we work in environments where everyone feels a true sense of belonging and when candidates have the requisite skills and opportunities to succ…",https://www.adzuna.in/land/ad/5895030147?se=joBT2za78RGCw6kuTDrJlg&utm_medium=api&utm_source=0fd54924&v=C8E2B6FEA72225B485EA300DB4E50DDF5DE96214
data analyst,Data Analyst,Navi,India,,,2026-09-09T14:45:05Z,"About the Team The Analytics team at Navi plays a pivotal role in driving data-informed decision-making across the organization. We work closely with all business functions to generate insights, build visibility, and validate hypotheses that shape strategy and execution. Our work spans five key verticals: Business and Product Analytics, Credit & Credit Risk Analytics, Collections & Biz-fin Analytics, Self-Serve and Automation. About the Role Data analyst is a key role within the Navi central an…",https://www.adzuna.in/land/ad/5876870721?se=joBT2za78RGCw6kuTDrJlg&utm_medium=api&utm_source=0fd54924&v=2576438D5221EA5E732DFE3A9D6E997ECFCBEEA1
data analyst,Data Analyst,CirrusLabs,"Bangalore, Karnataka",,,2026-09-25T15:23:18Z,"Job Summary With the extreme growth rate of our company, teams, and customer base, we are looking for a Data Analyst to help our Business Intelligence team keep up with the needs of the business by providing data and reports to our various functional areas in a timely manner. As part of this team, you’ll work with your team members, our Data Architect, as well as stakeholders throughout the company to build and maintain new reports and dashboards in PowerBI and Salesforce , providing better acc…",https://www.adzuna.in/land/ad/5898128499?se=joBT2za78RGCw6kuTDrJlg&utm_medium=api&utm_source=0fd54924&v=DB79B3F4CE4EA21D3400B80E95C13F026C24FA9A
data analyst,Data Analyst,Innodata Inc.,India,,,2026-09-04T16:57:30Z,"Mandatory skills: Translate business needs into technical specifications and BI solutions. Design, build, and deploy BI solutions (reports, dashboards, semantic models). Develop, optimize, and maintain ETL processes to integrate data from multiple sources. Maintain and improve data warehouses and analytics platforms, including OLAP cubes or tabular models. Write and optimize complex SQL queries and perform ad-hoc data analysis. Create clear, interactive reports and visualizations using BI tools…",https://www.adzuna.in/land/ad/5870527563?se=joBT2za78RGCw6kuTDrJlg&utm_medium=api&utm_source=0fd54924&v=3AE3F6D039668E42E5620EDDC560AB2A23B56122
data analyst,Data Analyst,Midtown Software,"Chandigarh, India",,,2026-09-01T16:22:33Z,"The ideal candidate will use their passion for big data and analytics to provide insights to the business covering a range of topics. The main field of Analysis will be the data on NatGasHub.com and the Energy Industry of the US and Canada. Timings-9:00 am to 6:00 pm Direct exposure to working with U.S. and Canadian clients. Responsibilities Understand the day-to-day issues that our business faces, which can be better understood with data Coordinate with the team to complete tasks Making sure t…",https://www.adzuna.in/land/ad/5864437013?se=joBT2za78RGCw6kuTDrJlg&utm_medium=api&utm_source=0fd54924&v=73B93ADD4FC40B21FE02ED63887439AAE12218B7
data analyst,Data Analyst,Mobily Infotech,India,,,2026-09-22T17:39:57Z,Role tasks & responsibilities: Assist in monthly Sales target distribution reports Produce Sales Channel Profitability and Shops P&L Reports Analyze large Data sets to identify growth potentiality of the Sales channel Produce monthly Sales Opex performance and Budget Control report Support in Forecasting Gross Adds and Sales Cost report Skillset & Competences needed for the role: Analytical thinking Problem solving skills Communication and Relationship-building Project Management Main Technical…,https://www.adzuna.in/land/ad/5893930269?se=joBT2za78RGCw6kuTDrJlg&utm_medium=api&utm_source=0fd54924&v=62874E010F1DE8A440A2762910E5A397D5086C5D
data analyst,Data Analyst,Home Credit India,India,,,2026-09-25T15:23:21Z,"Exp: 3 years Location : Gurugram 1) Design and Develop SQL Logic: Create and implement intermediate to advanced SQL queries, stored procedures, and functions to meet business requirements and enhance data processing efficiency. 2) Maintain and Optimize SQL Processes: Regularly review, maintain, and optimize existing SQL processes, procedures, and chains to ensure optimal performance and scalability. 3) Implement and Manage Business Processes: Design, implement, and manage business processes tha…",https://www.adzuna.in/land/ad/5898128593?se=joBT2za78RGCw6kuTDrJlg&utm_medium=api&utm_source=0fd54924&v=DCAA37E23904574A53638F0A8E5681433FAAB313
data analyst,Data Analyst,Innodata Inc.,"Noida, Ghaziabad",,,2026-09-15T17:26:47Z,"Required Skills: Strong proficiency in Python for data analysis. Strong knowledge of SQL , including joins, subqueries, CTEs, window functions, and aggregations. Hands-on experience with Tableau or Power BI for dashboard development and data visualization. Good understanding of data cleaning, transformation, and exploratory data analysis. Strong analytical and problem-solving skills. Ability to work with large datasets and derive meaningful insights. Good understanding of data visualization pri…",https://www.adzuna.in/land/ad/5884588405?se=joBT2za78RGCw6kuTDrJlg&utm_medium=api&utm_source=0fd54924&v=F8B67DA624021560AEB81E320332ACCB9C424BF1
data analyst,Data analyst,Live Connections,"Chennai, Tamil Nadu",,,2026-09-18T17:30:22Z,3 to 8 years of relevant experience in Data Analytics BI Data Engineering or Data Science Advanced SQL including complex joins CTEs window functions and query performance optimization Hands on proficiency in at least one BI or visualization tool such as Power BI Tableau or Qlik Strong stakeholder management skills and proven ability to work with business teams to shape analytical solutions Python or equivalent scripting such as R or PySpark for data manipulation automation or analysis Good to H…,https://www.adzuna.in/land/ad/5889220796?se=joBT2za78RGCw6kuTDrJlg&utm_medium=api&utm_source=0fd54924&v=DA2B7E776D183BB53842F894AF7B97E6948A3BB7
data analyst,Data Analyst,Mobily Infotech,India,,,2026-09-02T16:42:44Z,"Job Purpose To support the design, calculation, validation, control, and payment of sales incentives, commissions, and performance-based rewards across Consumer Sales channels. The role is responsible for KPI monitoring, commission accuracy, scheme compliance, reporting, financial controls, and coordination with stakeholders to ensure timely and accurate incentive processing. Experience 2-5 years of experience in sales operations, incentive management, commission administration, finance, or per…",https://www.adzuna.in/land/ad/5867036118?se=joBT2za78RGCw6kuTDrJlg&utm_medium=api&utm_source=0fd54924&v=E3CE73797177587B6E8B13A271CB9FF87FE7917E
data analyst,Data Analyst,Lonza,"Hyderabad, Telangana",,,2026-09-11T17:16:32Z,"This is going to be a contractual role for 1 year  1 year (Extendable) Preferred: Immediate joiners or currently serving notice with less than 20 days Location: Hyderabad (located in Hyderabad only) About the Role Are you a data professional who bridges the gap between complex coding and real-world business strategy? Do you know how to extract messy corporate data, build predictive algorithms, and turn those models into beautiful, executive-ready dashboards? Lonza is seeking a Manager, Supply C…",https://www.adzuna.in/land/ad/5879668539?se=joBT2za78RGCw6kuTDrJlg&utm_medium=api&utm_source=0fd54924&v=520AA2FCBF8F78706C4F65D0128E3B1DA99EC4B3
data analyst,Data Analyst,airtel,India,,,2026-09-16T17:24:14Z,"Key Responsibilities 1. Business Problem Solving & Analytics Partner closely with cross-functional teams across Business, Product, Technology, Operations, Risk, and other functions to identify and define high-impact business problems. Translate ambiguous business requirements into structured analytical problem statements and actionable hypotheses. Independently identify relevant data sources, define analytical logic, and build robust solutions. Generate actionable insights that influence busine…",https://www.adzuna.in/land/ad/5886093793?se=joBT2za78RGCw6kuTDrJlg&utm_medium=api&utm_source=0fd54924&v=395DB71656BCE88B2918DD33BA7C3D23FADDBA0C
data analyst,Data Analyst,Appinventiv,India,,,2026-09-27T18:06:07Z,"The ideal candidate will use their passion for big data and analytics to provide insights to the business covering a range of topics. They will be responsible for conducting both recurring and ad hoc analysis for business users. Responsibilities Understand the day-to-day issues that our business faces, which can be better understood with data Compile and analyze data related to business' issues Develop clear visualizations to convey complicated data in a straightforward fashion Qualifications B…",https://www.adzuna.in/land/ad/5900616046?se=joBT2za78RGCw6kuTDrJlg&utm_medium=api&utm_source=0fd54924&v=FF977D1A5C362D8F7EC4EDE84B993586FCA0FEF0
data analyst,Data Analyst Trainer,Techchampp technologies,"Vijayawada, Krishna",,,2026-09-03T16:48:18Z,"WE’RE HIRING | DATA ANALYST TRAINER  We are looking for an experienced and passionate Data Analyst Trainer to join our team in Vijayawada .  Experience: More than 5 years  Position: Data Analyst Trainer  Location: Vijayawada  Joining: Immediate  What We’re Looking For: ✅ 5 years of experience in Data Analytics ✅ Strong expertise in Excel, SQL, Power BI/Tableau ✅ Knowledge of Data Cleaning, Transformation & Statistical Analysis ✅ Excellent communication and presentation skills ✅ Strong training…",https://www.adzuna.in/land/ad/5868789197?se=joBT2za78RGCw6kuTDrJlg&utm_medium=api&utm_source=0fd54924&v=E9AC984BF05B496E5223BFC8D79B900D607738A6
data analyst,Sr. Data Analyst,Prudent Insurance Brokers Pvt Ltd.,India,,,2026-09-04T16:58:16Z,"Recognized as: Great Place to Work – 2024 and 2025 - This achievement reflects our unwavering commitment to a workplace where innovation, collaboration, and success go hand in hand; thanks to each Prudent family member for being the driving force behind our success. One of ’       ! This honour reflects our unwavering commitment to fostering a culture where every woman can thrive and shine, and every voice is heard. Together, we’re building a future of , , and  for all team members Job title Da…",https://www.adzuna.in/land/ad/5870528406?se=joBT2za78RGCw6kuTDrJlg&utm_medium=api&utm_source=0fd54924&v=BDE967219961D1789FD4320457BC399AFFD93632
data analyst,Snowflake Data Analyst,Tata Consultancy Services,"Bangalore, Karnataka",,,2026-09-20T17:36:20Z,"Snowflake Data Analyst  Location: Bangalore / Chennai  Experience: 6-10 Years We are looking for an experienced Snowflake Data Analyst with strong expertise in data analysis, data warehousing, and cloud-based data platforms. The ideal candidate should have hands-on experience working with Snowflake, SQL, BI tools, and data modeling to deliver actionable business insights. Key Responsibilities: Analyze large datasets to identify trends, patterns, and business insights. Design, develop, and optim…",https://www.adzuna.in/land/ad/5891694581?se=joBT2za78RGCw6kuTDrJlg&utm_medium=api&utm_source=0fd54924&v=74CC0003626A3D739518350D52C605227F3E5C85
data analyst,Senior Data Analyst,"Aspire, Jordan",India,,,2026-09-09T01:02:37Z,"Data Analyst About the Role We are looking for a Data Analyst with strong SQL, dashboarding, and business analysis skills to transform business questions into clear, actionable analytical outputs. The ideal candidate will be comfortable working across business and technical teams, translating requirements into structured analysis, building dashboards and reports, and maintaining clear documentation around business metrics, definitions, and data logic. Key Responsibilities Analyze data using SQL…",https://www.adzuna.in/land/ad/5876013496?se=joBT2za78RGCw6kuTDrJlg&utm_medium=api&utm_source=0fd54924&v=714EC760623D0F1C900400A9FE9BF2261E94B771
data analyst,Data Analyst III,Ruder Finn India,India,,,2026-09-18T17:30:32Z,"About the Company: Ruder Finn is seeking a Senior Data Analyst (Data Analyst III) to join its award-winning Emerging Technology & Analytics team. The chosen candidate will support the agency’s new business efforts by spearheading the research activities such as but not limited to earned media analysis, social listening, influencer identification, data modeling and predictive analytics. This individual will collaborate with several account teams within the agency providing counsel as needed on t…",https://www.adzuna.in/land/ad/5889221057?se=joBT2za78RGCw6kuTDrJlg&utm_medium=api&utm_source=0fd54924&v=CE3DF02113A2674C8C286D318513CA0FFACD0B7F
data analyst,Senior Data Analyst,Capco,India,,,2026-08-12T01:59:43Z,"This job is with Capco, an inclusive employer and a member of myGwork – the largest global platform for the LGBTQ business community. Please do not contact the recruiter directly. Job Title: Data Analyst (Python Pyspark) About Us “Capco, a Wipro company, is a global technology and management consulting firm. Awarded with Consultancy of the year in the British Bank Award and has been ranked Top 100 Best Companies for Women in India 2022 by Avtar & Seramount . With our presence across 32 cities a…",https://www.adzuna.in/land/ad/5837139892?se=joBT2za78RGCw6kuTDrJlg&utm_medium=api&utm_source=0fd54924&v=4787DEB72117F1E1AE98E353D8AD9B20E9DD6C9B
data analyst,Lead Data Analyst,Nexus Corporation,India,,,2026-09-02T16:43:29Z,"To begin with this role will be a 1 year contract. We are looking for an experienced Data Analyst Lead to drive data analysis initiatives, generate actionable insights, and support business decision-making. The ideal candidate should have strong analytical skills, experience working with large datasets, and the ability to lead a team of analysts. The role involves data modeling, reporting, dashboard development, stakeholder management, and ensuring data quality across projects. Key Responsibili…",https://www.adzuna.in/land/ad/5867037378?se=joBT2za78RGCw6kuTDrJlg&utm_medium=api&utm_source=0fd54924&v=D38BC373E82768E501803326FB67E87EAEDD75B7
data analyst,Senior Data Analyst,Kamakhya Analytics Private Limited,"Bangalore, Karnataka",,,2026-09-14T01:11:06Z,"JOB DESCRIPTION - SENIOR DATA ANALYST Location: Bangalore-Hybrid Department : Analytics Team : Survey Insights and Reporting About the Company: Kamakhya Analytics is a technology-driven research and consulting organisation helping leaders, parties, and institutions decode India’s political and policy landscape. We bring together survey science, data analytics, and strategic insight to answer complex questions about public opinion, governance, and performance. From ground-level fieldwork to adva…",https://www.adzuna.in/land/ad/5882861190?se=joBT2za78RGCw6kuTDrJlg&utm_medium=api&utm_source=0fd54924&v=3F4E1282AEE628212FB0C68C1A0A7BC1BFA2E50F
data analyst,Senior Data Analyst,System Soft Technologies,India,,,2026-09-25T22:00:59Z,"Job Summary: We are seeking a skilled Data Analyst with expertise in Microsoft Dynamics 365, Power Platform, Dataverse, and Power BI to support enterprise reporting, analytics, and business intelligence initiatives. The ideal candidate will be responsible for gathering, analyzing, and visualizing data from Dynamics 365 and related systems to provide actionable insights that drive business decisions. The successful candidate will collaborate with business stakeholders, functional teams, and tech…",https://www.adzuna.in/land/ad/5898533446?se=joBT2za78RGCw6kuTDrJlg&utm_medium=api&utm_source=0fd54924&v=C9529557111C1AE95E15FB737F5EBCA5DC887A24
data analyst,Lead Data Analyst,Omnicom Media,"Bangalore, Karnataka",,,2026-09-20T17:34:37Z,"Lead Data Analyst Join us at OGS We are OGS—Omnicom's Integrated Solutions Engine that brings together a global talent community and connected capabilities in data, creative, media, commerce, and technology to build adaptive, future-ready solutions. We are redefining the global capability center - not as an offshoring hub, but as a true inside edge. OGS is the place where the future is tested, built, and scaled for the world’s most ambitious agencies and clients. With over 4300 talented profess…",https://www.adzuna.in/land/ad/5891691887?se=joBT2za78RGCw6kuTDrJlg&utm_medium=api&utm_source=0fd54924&v=7136859A7828BC65084DAC9AD5DA6C5DCD8D4EE8
data analyst,Data Analyst (Remote),Quik Hire Staffing,India,,,2026-09-16T17:33:32Z,"Role : Data Analyst (Remote) Location : Remote (Work from Anywhere) Role Overview: We are hiring for one of our clients, seeking a Subject Matter Expert – Data & Statistical Chart Analysis (AI Benchmark) to work on a Full-Time basis. The role involves evaluating and interpreting statistical data and visual representations to assess AI performance benchmarks across diverse models and datasets. You will analyze trends, anomalies, and correlations to ensure accuracy and reliability in benchmarking…",https://www.adzuna.in/land/ad/5886097875?se=joBT2za78RGCw6kuTDrJlg&utm_medium=api&utm_source=0fd54924&v=5A3DE4CAF6450FB9AFFAD4071890BC9E833F5EDB
data analyst,Data Analyst Trainer,Anudip Foundation,"Bhopal, Madhya Pradesh",,,2026-09-23T19:39:20Z,"Company Name- Anudip Foundation For Social Welfare Website- www.anudip.org Location- Bhopal and Bangalore Role Objective- To plan, deliver, and manage high-quality technical training programs aligned with project objectives, ensuring 100% completion of training and placement targets, maximizing student engagement and success, driving core domain placements, maintaining adherence to lesson plans, and contributing proactively to student retention, academic excellence, and continuous domain knowle…",https://www.adzuna.in/land/ad/5895239003?se=0J9f3Da78RG3jpCv9xpWmA&utm_medium=api&utm_source=0fd54924&v=E884312E26D79EE3704733C9EE81944F3AC3A214
data analyst,GCP Data Analyst,Persistent Systems,"Hyderabad, Telangana",,,2026-09-05T18:32:38Z,"About Position: We are seeking a highly skilled Data Validation & Migration Analyst to support a critical wholesale banking data modernization initiative involving the migration of a large-scale data mart from Teradata (On-Premises) to Google Cloud Platform (GCP) BigQuery. The role requires deep expertise in data validation, SQL optimization, cloud migration testing, and data analytics to ensure the successful transition of business-critical data assets. Role: GCP Data Analyst Location: Hyderab…",https://www.adzuna.in/land/ad/5871992907?se=0J9f3Da78RG3jpCv9xpWmA&utm_medium=api&utm_source=0fd54924&v=4C7CEC97DF3A765158E36E9975710EA316B3228D
data analyst,Senior Data Analyst,Appnext,India,,,2026-09-04T02:33:04Z,"Appnext offers end-to-end discovery solutions covering all the touchpoints users have with their devices. Thanks to Appnext’s direct partnerships with top OEM brands and carriers, user engagement is achieved from the moment they personalize their device for the first time and throughout their daily mobile journey. Appnext ‘Timeline’, a patented behavioral analytics technology, is uniquely capable of predicting the apps users are likely to need next. This innovative solution means app developers…",https://www.adzuna.in/land/ad/5869558747?se=0J9f3Da78RG3jpCv9xpWmA&utm_medium=api&utm_source=0fd54924&v=3352B4DFBDDA52719339EB77C5376BE508B7BBEF
data analyst,Data Analyst - SCM,Prophecy Technologies,"Kolkata, West Bengal",,,2026-09-26T15:25:28Z,"Position Summary The Data Analysts plays a pivotal role in applying advanced analytical, statistical, and optimization techniques for decision-making across the Staples Supply Chain. This role is central to driving the next generation of supply chain analytics supporting the integration of traditional data science with emerging AI-driven automation and decision intelligence capabilities. The individual will help accelerate Staples’ evolution toward a highly intelligent, scalable, and agent-enab…",https://www.adzuna.in/land/ad/5899509974?se=0J9f3Da78RG3jpCv9xpWmA&utm_medium=api&utm_source=0fd54924&v=AD2B857C5153BD3A24E38E455F54201200A26F91
data analyst,Senior Data Analyst,The Chopras,"Delhi, India",,,2026-09-28T07:41:00Z,"Senior Data Analyst We are looking for a detail-oriented and analytical Operations Executive to support business operations, CRM management, MIS reporting, and process improvement initiatives. The role will work closely with leadership and cross-functional teams to ensure operational efficiency, data accuracy, and actionable business insights that drive performance and decision-making. Key Responsibilities Manage and maintain CRM systems, ensuring data accuracy, integrity, and user compliance. …",https://www.adzuna.in/land/ad/5901137628?se=0J9f3Da78RG3jpCv9xpWmA&utm_medium=api&utm_source=0fd54924&v=B6BA9A14E42D02F5BC13C510B4982B480C263E8B
data analyst,Litigation Data Analyst,KLDiscovery,India,,,2026-09-11T17:12:56Z,"KLDiscovery, a leading global provider of electronic discovery, information governance and data recovery services, is currently seeking a Hosting Data Analyst/Litigation Support Analyst. The candidate will have some experience using E-Discovery tools, and Microsoft Office, specifically Microsoft Excel. This position does not require any license or certification in order to be considered. Remote, work from home opportunity. Responsibilities: Work as part of a team, candidate will be required to …",https://www.adzuna.in/land/ad/5879663063?se=0J9f3Da78RG3jpCv9xpWmA&utm_medium=api&utm_source=0fd54924&v=C61BF83F6696EED2447235AA0E63044EFEF84CCD
data analyst,Senior Data Analyst,Tanla Platforms Limited,"Hyderabad, Telangana",,,2026-09-12T01:09:17Z,"Role Overview We are looking for a Data Analyst to collect, process, and analyze data to help drive informed business decisions. The ideal candidate will have strong analytical skills, experience with data tools, and the ability to translate complex data into actionable insights Key Responsibilities: Collect, clean, and validate data from multiple sources Analyze large datasets to identify trends, patterns, and anomalies Develop dashboards, reports, and visualizations for stakeholders Write eff…",https://www.adzuna.in/land/ad/5880070282?se=0J9f3Da78RG3jpCv9xpWmA&utm_medium=api&utm_source=0fd54924&v=E8DC8A9A73AC64C793B0F5E2C5CAFD6FA1DD09E9
data analyst,Senior Data Analyst,Battery Smart,India,,,2026-09-28T02:02:28Z,"Role Overview: As a Senior Data Analyst at Battery Smart, you will play a critical role in driving strategic, data backed decision-making across our rapidly scaling EV ecosystem. You will own end-to-end analytics initiatives, from data extraction and modeling to delivering actionable insights that influence business outcomes. In this role, you will work closely with Strategy, Operations, and Product teams to uncover growth opportunities, optimize network performance, and enhance driver experien…",https://www.adzuna.in/land/ad/5900875637?se=0J9f3Da78RG3jpCv9xpWmA&utm_medium=api&utm_source=0fd54924&v=353F3DEF03021FB21A1C915B600FD62790CB309E
data analyst,Data Analyst (Remote),Hire Feed,India,,,2026-09-13T17:18:26Z,"Role: Data Analyst (Remote) Location: Remote (Work from Anywhere) Role Overview: We are hiring for one of our clients, seeking a Business Analyst (Russian Language) to work on a full-time basis. The ideal candidate must have strong analytical and comprehension skills, with the ability to read, summarize, and break down large content into smaller logical blocks. The role involves conducting online research, validating claims, and collaborating with large language models to solve analytical puzzl…",https://www.adzuna.in/land/ad/5882592928?se=0J9f3Da78RG3jpCv9xpWmA&utm_medium=api&utm_source=0fd54924&v=426D03DAA6A1A4A9A32863B2C570EE12F5A9B815
data analyst,Sales Data Analyst,VARITE INC,"Bangalore, Karnataka",,,2026-09-25T01:56:43Z,"Job Title: Sales Data Analyst Location: Bangalore (Torrey Pines) Experience: 3 Years Role Type: Contract - 7 months Max CTC: 12 LPA Company Name: VARITE India Private Limited About The Client: An American cloud-based software company headquartered in San Francisco, California. Notable provider of cloud-based customer relationship management (CRM) solutions. The company has gained prominence in the CRM space, specializing in empowering businesses with tools for sales, customer service, marketing…",https://www.adzuna.in/land/ad/5897296035?se=0J9f3Da78RG3jpCv9xpWmA&utm_medium=api&utm_source=0fd54924&v=2084F01DDD8E86F88496B4BD40597D2FBD6F257E
data analyst,Lead Data Analyst,Aceolution,"Hyderabad, Telangana",,,2026-09-18T17:30:21Z,"Job description We are seeking an experienced and results-driven Data Analysis Team Lead to join our growing analytics team. The ideal candidate will possess strong analytical capabilities, excellent leadership skills, and a passion for transforming complex data into actionable business insights. This role involves working with large-scale datasets, developing impactful dashboards and reports, collaborating with cross-functional stakeholders, and mentoring a team of analysts to support data-dri…",https://www.adzuna.in/land/ad/5889220778?se=0J9f3Da78RG3jpCv9xpWmA&utm_medium=api&utm_source=0fd54924&v=108405D200C31A72237E5B128410C32D494F6A78
data analyst,Data Analyst / Engineer,Kyndryl,"Bangalore, Karnataka",,,2026-09-06T12:17:19Z,"This job is with Kyndryl, an inclusive employer and a member of myGwork – the largest global platform for the LGBTQ business community. Please do not contact the recruiter directly. Who We Are At Kyndryl, we run and reimagine the mission-critical technology systems that drive advantage for the world's leading businesses. We are at the heart of progress; with proven expertise and a continuous flow of AI-powered insight, enabling smarter decisions, faster innovation, and a lasting competitive edg…",https://www.adzuna.in/land/ad/5872825731?se=0J9f3Da78RG3jpCv9xpWmA&utm_medium=api&utm_source=0fd54924&v=6A3630DB00B42B55FC02DEDCBB442C341FF10528
data analyst,Data Analyst / Engineer,Kyndryl,"Bangalore, Karnataka",,,2026-08-25T10:07:51Z,"This job is with Kyndryl, an inclusive employer and a member of myGwork – the largest global platform for the LGBTQ business community. Please do not contact the recruiter directly. Who We Are At Kyndryl, we run and reimagine the mission-critical technology systems that drive advantage for the world's leading businesses. We are at the heart of progress; with proven expertise and a continuous flow of AI-powered insight, enabling smarter decisions, faster innovation, and a lasting competitive edg…",https://www.adzuna.in/land/ad/5855006986?se=0J9f3Da78RG3jpCv9xpWmA&utm_medium=api&utm_source=0fd54924&v=50928F1DF3A77604ABD13B60B38BFF40A97E4833
data analyst,Senior Data Analyst,Keka HR,"Hyderabad, Telangana",,,2026-09-07T00:53:19Z,"Job description About Keka: Keka is India's 1 People Operations Platform, trusted by 8,500 businesses to manage their HR, payroll, attendance, and performance processes. We are on a mission to make HR delightful and we're looking for passionate people to help us scale that mission through world-class marketing. Role & responsibilities: Data Management: Collect, organize, and maintain large datasets from multiple sources. Ensure data accuracy, completeness, and consistency. Develop and implement…",https://www.adzuna.in/land/ad/5873277903?se=0J9f3Da78RG3jpCv9xpWmA&utm_medium=api&utm_source=0fd54924&v=E1610AE32271CD762AB6DE707FA3FDF6F53B865E
data analyst,Market Data Analyst,Talent Corner HR Services Pvt Ltd,"Bangalore, Karnataka",,,2026-09-22T23:35:52Z,"Onboarding Analyst — Market Data Services Department Market Data Services — Managed Services Reports To Manager / Team Lead, Market Data Services Location Kadubeesanahalli, Bangalore Shift Timing 3:00 PM – 12:00 AM IST (cab facility door to ddor) Overall Experience 4 – 6 years Employment Type Full-Time Designation Operation Analyst Role Overview We are looking for a detail-oriented Onboarding Analyst to join our Market Data Services team. In this role, you will be responsible for onboarding cli…",https://www.adzuna.in/land/ad/5894223883?se=0J9f3Da78RG3jpCv9xpWmA&utm_medium=api&utm_source=0fd54924&v=0E17C6CEDF118415A69A3CDD67C2DF5C978B4B22
data analyst,Master Data Analyst,Selections HR Services Private Limited,India,,,2026-09-27T18:07:23Z,"Manage and maintain Master Data across ERP systems. Create, update and validate Customer, Vendor, Material/Product Master Data . Perform data cleansing, validation and quality checks. Ensure data accuracy, completeness and compliance with defined standards. Handle master data requests, corrections and workflow approvals. Coordinate with business, procurement, finance and other teams to resolve data issues. Maintain data records and prepare MIS/reports using Excel . Follow SOPs, controls and SLA…",https://www.adzuna.in/land/ad/5900616370?se=0J9f3Da78RG3jpCv9xpWmA&utm_medium=api&utm_source=0fd54924&v=28F115B0599CEE3B3945E1CB4533AF3E3BDC0F25
data analyst,Marketing Data Analyst,FREED,India,,,2026-09-27T18:06:59Z,"About FREED FREED is India's first comprehensive debt relief platform, built on the belief that financial freedom is a right, not a privilege. Since 2020, we have helped thousands of individuals take control of their financial lives, with ₹1,500 Crore in debt enrolled, 30,000 customers served, and 10,000 accounts resolved. Founded by Ritesh Srivastava and backed by leading investors, FREED is a fast-growing, purpose-driven fintech organisation on a mission that matters. About the Role Marketing…",https://www.adzuna.in/land/ad/5900616306?se=0J9f3Da78RG3jpCv9xpWmA&utm_medium=api&utm_source=0fd54924&v=C1664D8AEAA5C1115CBF1878D52B66ECB91C0772
data analyst,Junior Data Analyst,indē wild,"Mumbai, Maharashtra",,,2026-09-17T01:15:11Z,"About Us: Join our dynamic and innovative startup skincare brand that is committed to redefining beauty standards with clean, effective, and sustainable products. Founded by beauty influencer Diipa Büller-Khosla, the brand emphasizes authenticity, and transparency, offering vegan and cruelty-free products that cater to diverse skin types while celebrating cultural heritage. We believe in empowering our customers with science-backed skincare solutions, and we're looking for a data-driven problem…",https://www.adzuna.in/land/ad/5886604204?se=0J9f3Da78RG3jpCv9xpWmA&utm_medium=api&utm_source=0fd54924&v=1011DC7FE92A65F6251862E9A31632D7012D9929
data analyst,Business Data Analyst,VOLTO Consulting,"Bangalore, Karnataka",,,2026-09-11T17:13:33Z,We’re looking for Data & Analytics professionals with strong hands-on experience in Microsoft Fabric. ⭐ MS FABRIC – MANDATORY  Location: Bangalore  Experience: 8–12 Years ⚡ Notice Period: Immediate Joiners Preferred Key Skills: • Microsoft Fabric ⭐ • Power BI • Qlik • Data Modelling & Analytics • Full Stack Development • Jira | GitHub | CI/CD  Interested? Share your updated CV: saraswathy.p@voltoconsulting.com Phone no- 9187225352,https://www.adzuna.in/land/ad/5879664973?se=0J9f3Da78RG3jpCv9xpWmA&utm_medium=api&utm_source=0fd54924&v=2C0A57227B7AEDBD978559174DBC851C0B4B7E2C
data analyst,Data Analyst - Data Remediation - Mumbai,Capco,"Mumbai, Maharashtra",,,2026-08-27T02:10:36Z,"This job is with Capco, an inclusive employer and a member of myGwork – the largest global platform for the LGBTQ business community. Please do not contact the recruiter directly. About Us “Capco, a Wipro company, is a global technology and management consulting firm. Awarded with Consultancy of the year in the British Bank Award and has been ranked Top 100 Best Companies for Women in India 2022 by Avtar & Seramount . With our presence across 32 cities across globe, we support 100 clients acros…",https://www.adzuna.in/land/ad/5857251181?se=0J9f3Da78RG3jpCv9xpWmA&utm_medium=api&utm_source=0fd54924&v=E627D12D3B0555AB7B69176F505B871F5F83ABC5
data analyst,Data Analyst - Data Analyst L3 (5.1-7 years),Capco,"Mumbai, Maharashtra",,,2026-09-16T02:30:38Z,"This job is with Capco, an inclusive employer and a member of myGwork – the largest global platform for the LGBTQ business community. Please do not contact the recruiter directly. About Us “Capco, a Wipro company, is a global technology and management consulting firm. Awarded with Consultancy of the year in the British Bank Award and has been ranked Top 100 Best Companies for Women in India 2022 by Avtar & Seramount . With our presence across 32 cities across globe, we support 100 clients acros…",https://www.adzuna.in/land/ad/5885147204?se=0J9f3Da78RG3jpCv9xpWmA&utm_medium=api&utm_source=0fd54924&v=2C0703A43BD3D92900FDF5A4B85A747596A9B5C5
data analyst,Data Analyst (Python/SQL),Tata Consultancy Services,"Delhi, India",,,2026-09-27T18:07:00Z,"Hiring: Data Analyst | Python & SQL We are looking for an experienced Data Analyst with strong hands-on expertise in Python and SQL to analyze complex datasets, generate actionable insights, and support data-driven business decisions.  Job Details Role: Data Analyst Experience: 6–10 Years Locations: Chennai / Pune / Bangalore / Hyderabad / Delhi Notice Period: Immediate Joiners to 45 Days Key Skills: Python, SQL, Data Analysis, Data Visualization  Key Responsibilities Analyze large and complex…",https://www.adzuna.in/land/ad/5900616313?se=0J9f3Da78RG3jpCv9xpWmA&utm_medium=api&utm_source=0fd54924&v=FC4EE9425734872B676962950981427745A4F612
data analyst,Lead Data Analyst- GTM,Aptita,"Hyderabad, Telangana",,,2026-09-26T15:25:36Z,"GTM Data Analyst (2 - 3 yrs, Hyderabad, WFO, EST shift) Overview: GTM operations analyst focused on dashboards, WBR decks, deal lists, and Salesforce hygiene. Supports activation metrics, case handling, and ad‑hoc reporting. Must‑Have Skills: SQL (intermediate – run/debug queries) Dashboard maintenance (Hubble/BI tools) Salesforce reporting & troubleshooting Excel/Google Sheets (Pivot, VLOOKUP, SUMIFS) QA mindset, debugging, data validation Tools: Salesforce, Google Sheets/Excel, SQL client, H…",https://www.adzuna.in/land/ad/5899510152?se=0J9f3Da78RG3jpCv9xpWmA&utm_medium=api&utm_source=0fd54924&v=DC15485A1B8367634BBED904C6B5D70F2EF08492
data analyst,Liquidity Reporting- data analyst,Capco,India,,,2026-08-27T02:10:30Z,"This job is with Capco, an inclusive employer and a member of myGwork – the largest global platform for the LGBTQ business community. Please do not contact the recruiter directly. Job title: Liquidity reporting Compliance Finance has mobilised a multi-year Integrity of Regulatory Reporting (IRR) programme to ensure that Regulatory Reporting across the Group is fit for purpose; accurate, timely and complete. The IRR programme is responsible for overseeing the design and implementation of a set o…",https://www.adzuna.in/land/ad/5857251154?se=0J9f3Da78RG3jpCv9xpWmA&utm_medium=api&utm_source=0fd54924&v=E11D60935C9511D08C74F601EB2D3CA382573ADF
data analyst,Senior Researcher & Data Analyst,Brainware University,"Barasat, North 24 Parganas",,,2026-09-01T16:22:25Z,"Senior Researcher and Data Analyst Location: Both Barasat and Salt-Lake campus (as per University's requirement) Can you read data, find patterns and drive better decisions? Brainware University is hiring Senior Researcher and Data Analyst. Brainware University is expanding it s AI Research & Development Cell and is looking for talented individuals who can analyze data deeply, identify meaningful patterns, generate actionable insights and support better Institutional decisions . This is not a r…",https://www.adzuna.in/land/ad/5864435864?se=0J9f3Da78RG3jpCv9xpWmA&utm_medium=api&utm_source=0fd54924&v=9F3F83C894062448AD53F3788D25942CC2977723
data analyst,Sr. Data Analyst – SDM,Aceolution,"Hyderabad, Telangana",,,2026-09-11T17:11:16Z,"We are seeking a highly skilled and experienced Sr. Data Analyst – SDM to join our growing team. The ideal candidate will be a data-driven problem solver with strong expertise in data analytics, SQL, reporting, visualization, and stakeholder management. The role will involve working with large and complex datasets, developing meaningful dashboards and reports, translating data into actionable business insights, and effectively communicating findings to both technical and non-technical audiences…",https://www.adzuna.in/land/ad/5879657384?se=0J9f3Da78RG3jpCv9xpWmA&utm_medium=api&utm_source=0fd54924&v=B6252D7AB29A2E2D48796345BBF8D886FE2D7780
data analyst,Turkish Data Analyst (Remote),Hire Feed,India,,,2026-09-13T17:19:13Z,"Role: Turkish Data Analyst (Remote) Location : Remote (Work from Anywhere) Role Overview: We are hiring for one of our clients, seeking a Business Analyst (Turkish Language) to work on a full-time basis. The role requires strong analytical and English comprehension skills, with the ability to read, summarize, and break down large content into smaller logical blocks. Candidates will conduct online research, validate claims made in the content, and work with large language models (LLMs) to solve …",https://www.adzuna.in/land/ad/5882593417?se=0J9f3Da78RG3jpCv9xpWmA&utm_medium=api&utm_source=0fd54924&v=49E4CE67691C832C9BDC4E38EDE69F526F0F3D01
data analyst,Online Data Analyst - Kannada (IN),TELUS Digital Philippines,India,,,2026-09-20T23:26:58Z,"Are you a detail-oriented individual with a passion for research and a good understanding of national and local geography? This freelance opportunity allows you to work at your own pace and from the comfort of your own home. A Day in the Life of an Online Data Analyst: In this role, you will be working on a project aimed at enhancing the content and quality of digital maps that are used by millions of people worldwide Completing research and evaluation tasks in a web-based environment such as v…",https://www.adzuna.in/land/ad/5891977122?se=0J9f3Da78RG3jpCv9xpWmA&utm_medium=api&utm_source=0fd54924&v=CDF61008CE1CF5802D7983BEB4D981E43FBB8704
data analyst,Data Analyst - Customer Experience,Indofast Energy,"Bangalore, Karnataka",,,2026-09-18T17:30:31Z,"About INDOFAST: INDOFAST is a 50:50 joint venture between IOCL and SUN Mobility. This joint venture will oversee network deployment, operations and business development. At INDOFAST, we aim to make electric vehicles affordable and accessible to all. We believe electric vehicles are the future of mobility, and we strive to accelerate their adoption with our innovative battery swapping solutions. These solutions are interoperable across various vehicle platforms and form factors, making them futu…",https://www.adzuna.in/land/ad/5889221034?se=0J9f3Da78RG3jpCv9xpWmA&utm_medium=api&utm_source=0fd54924&v=F5AA87C4009C092158A686D26CF4CEFF32B04C30
data analyst,Data Analyst - Team Lead,Aceolution,"Hyderabad, Telangana",,,2026-09-04T02:34:28Z,"We are seeking an experienced and results-driven Data Analysis Team Lead to join our growing analytics team. The ideal candidate will possess strong analytical capabilities, excellent leadership skills, and a passion for transforming complex data into actionable business insights. This role involves working with large-scale datasets, developing impactful dashboards and reports, collaborating with cross-functional stakeholders, and mentoring a team of analysts to support data-driven decision-mak…",https://www.adzuna.in/land/ad/5869559140?se=0J9f3Da78RG3jpCv9xpWmA&utm_medium=api&utm_source=0fd54924&v=54E35D55857D4386D453BC5608143BA8F1420DF3
data analyst,Data Analyst – Power Platform,Innover Digital,"Bangalore, Karnataka",,,2026-09-05T18:30:29Z,"About Us: Innover is an award-winning AI-first engineering firm, transforming businesses through Experience Engineering, Digital Engineering, and Process Engineering. Our interconnected competencies seamlessly deliver comprehensive industry solutions—Experience Engineering shapes visionary strategies, Digital Engineering brings them to life, and Process Engineering ensures flawless execution. With deep technical expertise and business acumen, we’ve empowered over 65 Fortune 1000 companies to ac…",https://www.adzuna.in/land/ad/5871991986?se=0J9f3Da78RG3jpCv9xpWmA&utm_medium=api&utm_source=0fd54924&v=764AE7882F74129A8788815811ED825375A137DD
data analyst,Senior Financial Data Analyst,Moody's,"Bangalore, Karnataka",,,2026-09-04T20:32:50Z,"This job is with Moody's, an inclusive employer and a member of myGwork – the largest global platform for the LGBTQ business community. Please do not contact the recruiter directly. At Moody's, we unite the brightest minds to turn today’s risks into tomorrow’s opportunities. We do this by striving to create an inclusive environment where everyone feels welcome to be who they are—with the freedom to exchange ideas, think innovatively, and listen to each other and customers in meaningful ways. Mo…",https://www.adzuna.in/land/ad/5870693437?se=0J9f3Da78RG3jpCv9xpWmA&utm_medium=api&utm_source=0fd54924&v=DDF25B52AF6637983AB47D483B5236672E73A39D
data analyst,Online Data Analyst - Odia (IN),TELUS Digital Philippines,"Orissa, India",,,2026-09-20T23:28:19Z,"ଆପଣ କଣ ଗବେଷଣା ପ୍ରତି ଆଗ୍ରହୀ ଏବଂ ଜାତୀୟ ଓ ସ୍ଥାନୀୟ ଭୂଗୋଳ ବିଷୟରେ ଭଲ ଧାରଣା ରଖୁଥିବା ଜଣେ ସୂକ୍ଷ୍ମଦର୍ଶୀ ବ୍ୟକ୍ତି? ଏହି ଫ୍ରିଲାନ୍ସ ଅବସର ଆପଣଙ୍କୁ ନିଜ ଗତିରେ ଏବଂ ଘରରୁ କାମ କରିବା ସୁଯୋଗ ଦେଉଛି। ଏକ ଅନଲାଇନ୍ ଡାଟା ବିଶ୍ଳେଷକଙ୍କର ଜୀବନରେ ଏକ ଦିନ: · ଏହି ଭୂମିକାରେ ଆପଣ ଏକ ପ୍ରକଳ୍ପ ଉପରେ କାମ କରିବେ ଯାହା ବିଶ୍ୱବ୍ୟାପୀ ଲୋକମାନେ ବ୍ୟବହାର କରୁଥିବା ଡିଜିଟାଲ୍ ମାନଚିତ୍ରଗୁଡ଼ିକର ବିଷୟବସ୍ତୁ ଓ ଗୁଣଉନ୍ନତି ବୃଦ୍ଧି କରିବା ଉଦ୍ଦେଶ୍ୟରେ ଥିବ। · ୱେବ୍ ଆଧାରିତ ପରିବେଶରେ ଗବେଷଣା ଓ ମୂଲ୍ୟାୟନ କରିବା, ଯଥା ତଥ୍ୟ ସତ୍ୟାପନ, ତୁଳନା, ଏବଂ ତଥ୍ୟର ସଠିକତା ଓ ସମ୍ପ୍ରସଙ୍ଗିକତା ନିର୍ଣ୍ଣୟ କରିବା…",https://www.adzuna.in/land/ad/5891980499?se=0J9f3Da78RG3jpCv9xpWmA&utm_medium=api&utm_source=0fd54924&v=17E6F5C132A85B225165A127BC9B96A3C4610506
data analyst,Data Analyst and Coordination Executive,The MEP Club,India,,,2026-09-26T15:26:11Z,"Looking for someone who can support with data research, database preparation, outreach coordination, follow-ups, and basic analysis for an upcoming initiative. This will be a part-time or project-based role for the next 2 to 3 months. Responsibilities: Research and prepare structured databases Collect and organize relevant information from different sources Maintain clean trackers in Excel or Google Sheets Identify the right people or organizations to connect with Send professional messages and…",https://www.adzuna.in/land/ad/5899510891?se=0J9f3Da78RG3jpCv9xpWmA&utm_medium=api&utm_source=0fd54924&v=8AA47AEEA495680E3708B90B2BC8FEFBEE6062F2
data analyst,Online Data Analyst - Urdu (IN),TELUS Digital AI Data Solutions,India,,,2026-09-20T23:28:51Z,کیا آپ تحقیق کے شوقین اور باریک بینی سے کام لینے والے فرد ہیں؟ کیا آپ کو قومی اور مقامی جغرافیہ کی اچھی سمجھ ہے؟ یہ فری لانس موقع آپ کو اپنی رفتار سے کام کرنے اور اپنے گھر کے آرام دہ ماحول سے کام کرنے کی سہولت فراہم کرتا ہے. ایک آن لائن ڈیٹا اینالسٹ کی روزمرہ زندگی · اس کردار میں، آپ ایک ایسے پراجیکٹ پر کام کریں گے جس کا مقصد دنیا بھر میں لاکھوں افراد کے استعمال کردہ ڈیجیٹل نقشوں کے مواد اور معیار کو بہتر بنانا ہے۔ · ویب بیسڈ ماحول میں تحقیق اور جائزے کے کام انجام دینا، جیسے کہ ڈیٹا کی تصدیق، م…,https://www.adzuna.in/land/ad/5891981478?se=0J9f3Da78RG3jpCv9xpWmA&utm_medium=api&utm_source=0fd54924&v=591290CDC2E09A7A9E874437BE5E83466DE610BF
data analyst,Online Data Analyst - Punjabi (IN),TELUS Digital Philippines,"Punjab, India",,,2026-09-20T23:28:57Z,"ਕੰਮ ਦਾ ਵੇਰਵਾ: ਕੀ ਤੁਸੀਂ ਇੱਕ ਵੇਰਵੇ-ਅਧਾਰਿਤ ਵਿਅਕਤੀ ਹੋ, ਜਿਸਨੂੰ ਖੋਜ ਲਈ ਜਨੂੰਨ ਅਤੇ ਰਾਸ਼ਟਰੀ ਅਤੇ ਸਥਾਨਕ ਭੂਗੋਲ ਦੀ ਚੰਗੀ ਸਮਝ ਹੈ? ਇਹ ਫ੍ਰੀਲਾਂਸ ਮੌਕਾ ਤੁਹਾਨੂੰ ਆਪਣੇ ਰੁਝੇਵਿਆਂ ਅਤੇ ਤੁਹਾਨੂੰ ਤੁਹਾਡੇ ਘਰ ਤੋਂ ਆਰਾਮ ਨਾਲ ਕੰਮ ਕਰਨ ਦੀ ਆਗਿਆ ਦਿੰਦਾ ਹੈ। ਆਨਲਾਈਨ ਡੇਟਾ ਐਨਾਲਿਸਟ ਦੇ ਜੀਵਨ ਦਾ ਇੱਕ ਦਿਨ: ● ਇਸ ਭੂਮਿਕਾ ਵਿੱਚ, ਤੁਸੀਂ ਇੱਕ ਪ੍ਰੋਜੈਕਟ ਤੇ ਕੰਮ ਕਰੋਗੇ ਜਿਸਦਾ ਉਦੇਸ਼ ਡਿਜੀਟਲ ਨਕਸ਼ਿਆਂ ਦੀ ਸਮੱਗਰੀ ਅਤੇ ਗੁਣਵੱਤਾ ਨੂੰ ਬਿਹਤਰ ਬਣਾਉਣਾ ਹੈ, ਜਿਨਾਂ ਨੂੰ ਦੁਨੀਆ ਭਰ ਵਿੱਚ ਲੱਖਾਂ ਲੋਕ ਉਪਯੋਗ ਕਰਦੇ ਹਨ। ● ਇੱਕ ਵੈੱਬ-ਅਧਾਰਤ ਵਾਤਾਵਰਣ ਵਿੱਚ ਖੋਜ ਅਤੇ ਮੁਲਾਂਕਣ ਕਾਰਜਾਂ ਨੂੰ ਪੂਰਾ ਕਰਨਾ ਜਿਵੇਂ ਕਿ…",https://www.adzuna.in/land/ad/5891981514?se=0J9f3Da78RG3jpCv9xpWmA&utm_medium=api&utm_source=0fd54924&v=E0533E81B0087CB5F9730D04147CA15A80754E62
data analyst,CDP-Tech Data Analyst,Americana Restaurants,India,,,2026-09-11T17:16:03Z,"What You Bring Bachelor's degree in computer science, Engineering, Data Science, or (master's degree ). . Strong analytical and problem-solving skills with keen attention to detail. Proficiency in data analysis tools and languages (e.g., SQL, Presto, Hive, Python, R, etc.). Solid understanding of data structures and adept query construction skills. Strong SQL , Presto, Hive experience. Deep understanding of a range of customer data sources. Excellent communication and collaboration skills. Abil…",https://www.adzuna.in/land/ad/5879667961?se=0J9f3Da78RG3jpCv9xpWmA&utm_medium=api&utm_source=0fd54924&v=7F7E3F80F5B4C45D17D9C96C321C24C037A9F1FE
data analyst,[GOGFZ0QV] ETL Data Analyst/Tester,ZettaMine Labs Pvt. Ltd.,"Bangalore, Karnataka",,,2026-09-25T01:56:51Z,Zettamine is Hiring ETL Data Analyst/Tester for one of the MNC Experience - 4 Years Location - Bangalore Notice - Immediate,https://www.adzuna.in/land/ad/5897296073?se=0J9f3Da78RG3jpCv9xpWmA&utm_medium=api&utm_source=0fd54924&v=30C52EC9149833737D1042E7CF8A65A837B7AC36
data analyst,Data Analyst/Engineer – SCG India,SCG,"New Delhi, Delhi",,,2026-09-23T19:40:17Z,"About SCG in India SCG, Southeast Asia’s leading industrial conglomerate, is expanding in India with a focus on sustainable building materials, modern construction solutions, and digital transformation . Beyond advanced products, SCG is building capabilities in data-driven operations and analytics , leveraging India’s talent base to strengthen decision-making and performance. About the Role As a Data Analyst/Engineer, you will transform raw data into insights that support business growth, opera…",https://www.adzuna.in/land/ad/5895239259?se=0J9f3Da78RG3jpCv9xpWmA&utm_medium=api&utm_source=0fd54924&v=4FCCAF26D8E5385244E97BD54062EC388012AFE8
data analyst,Data Analyst – SQL/Power BI,Innover Digital,"Bangalore, Karnataka",,,2026-09-05T18:30:45Z,"About Us: Innover is an award-winning AI-first engineering firm, transforming businesses through Experience Engineering, Digital Engineering, and Process Engineering. Our interconnected competencies seamlessly deliver comprehensive industry solutions—Experience Engineering shapes visionary strategies, Digital Engineering brings them to life, and Process Engineering ensures flawless execution. With deep technical expertise and business acumen, we’ve empowered over 65 Fortune 1000 companies to ac…",https://www.adzuna.in/land/ad/5871992153?se=0J9f3Da78RG3jpCv9xpWmA&utm_medium=api&utm_source=0fd54924&v=D38EAB36DFA504A32C6A87E5B6D3513730E8F55D
data analyst,Senior Data Analyst - SQL & Azure,Persistent Systems,"Mumbai, Maharashtra",,,2026-09-22T23:36:35Z,"About Position: We are seeking an experienced Senior Data Analyst with strong expertise in SQL, Azure, and Data Analytics to support enterprise data initiatives and drive data-driven decision-making. The ideal candidate will be responsible for analyzing complex datasets, identifying business insights, optimizing analytical models, and supporting strategic transformation programs within Banking and Financial Services environments. The role requires strong experience in Data Warehousing, Data Lak…",https://www.adzuna.in/land/ad/5894225252?se=0J9f3Da78RG3jpCv9xpWmA&utm_medium=api&utm_source=0fd54924&v=9C870C24086E0F006C945638EECF52CE8F1A65CB
data analyst,Online Data Analyst - Odia Language,TELUS Digital AI Data Solutions,India,,,2026-09-04T22:29:31Z,"Job description Are you a research-minded individual with a keen eye for detail and a good understanding of national and local geography? This freelance opportunity allows you to work at your own pace and from home. A day in the life of an online data analyst: In this role, you will work on a project that aims to improve the content and quality of digital maps used by people around the world. Conduct research and evaluation in a web-based environment, including data verification, comparison, an…",https://www.adzuna.in/land/ad/5870859588?se=0J9f3Da78RG3jpCv9xpWmA&utm_medium=api&utm_source=0fd54924&v=8E5D18FF773E5F931BDD328114DF8591FC5DA638
data analyst,Online Data Analyst - Odia Language,TELUS Digital AI Data Solutions,"Bangalore, Karnataka",,,2026-09-04T22:29:34Z,"Job description Are you a research-minded individual with a keen eye for detail and a good understanding of national and local geography? This freelance opportunity allows you to work at your own pace and from home. A day in the life of an online data analyst: In this role, you will work on a project that aims to improve the content and quality of digital maps used by people around the world. Conduct research and evaluation in a web-based environment, including data verification, comparison, an…",https://www.adzuna.in/land/ad/5870859811?se=0J9f3Da78RG3jpCv9xpWmA&utm_medium=api&utm_source=0fd54924&v=0B45736308EC1A5006215F33B69C9727E7076D70
data analyst,"Data Analyst, Digital Thread - India",PolyWorks India,India,,,2026-09-28T07:35:34Z,"Are you passionate about transforming data into meaningful business solutions? Do you enjoy collaborating with technical and non-technical stakeholders to solve complex challenges? If so, we have an opportunity for you! The Gateway team is looking for a Data Analyst to help build and evolve the data ecosystem supporting InnovMetric's Digital Thread strategy. In this role, you will create data solutions, dashboards, integrations, and API-driven tools that make key data accessible to internal tea…",https://www.adzuna.in/land/ad/5901133932?se=0J9f3Da78RG3jpCv9xpWmA&utm_medium=api&utm_source=0fd54924&v=19AA05E2D6D1DA41023DD1610421F40E1DB9D5DB
data analyst,Sr Lead Data Analyst- APP,Airtel Digital,India,,,2026-09-09T14:45:29Z,"Experience: Minimum 8 years of overall experience. Relevant Analytics Experience: Minimum 6 years of relevant experience in Analytics. Team Handling: Minimum 2 years of experience managing a team, ideally handling 5–8 members . Stakeholder Management: Strong stakeholder management is the key requirement, as the role is 70–80% stakeholder management and team handling . Technical Skills: Around 20% of the role involves SQL/Python coding . Strong hands-on expertise is preferred. ML is good to have…",https://www.adzuna.in/land/ad/5876871774?se=0J9f3Da78RG3jpCv9xpWmA&utm_medium=api&utm_source=0fd54924&v=155F4778728BE65B01873D4A0194A8ED18B60B46
data analyst,Senior Data Analyst – Remote India,Vamstar,India,,,2026-09-13T01:08:05Z,"Company Description Vamstar equips leading global MedTech, Pharma, and Biotech organizations with agentic AI solutions designed to drive commercial performance, from tendering and pricing to market access and contracts. Existing Clients: Top 100 Lifesciences, MedTech and Pharma companies Job Requirements Gather client business requirements to build and maintain end-to-end data reporting pipelines and visual dashboards Maintaining and improving our existing tools and processes with statistical m…",https://www.adzuna.in/land/ad/5881763217?se=0J9f3Da78RG3jpCv9xpWmA&utm_medium=api&utm_source=0fd54924&v=1A7C4A24D22488FFC37E6BD934AA9F38E4F5E656
data analyst,Data Analyst – AV Support Data Infrastructure & Analytics,"Pegasus Knowledge Solutions, Inc.",India,,,2026-09-23T15:39:45Z,"Data Analyst - Autonomous Vehicle (AV) Operations & Infrastructure Role: Data Analyst – AV Support Data Infrastructure & Analytics Experience: 4–6 Years Location: Remote / Flexible Industry: Global Tech & Mobility Leader About the Team & Opportunity Our team owns the end-to-end data foundation driving autonomous vehicle (AV) support operations for one of the world's leading mobility platforms. Every operational metric, real-time rider contact, automated data-quality check, and pre-launch featur…",https://www.adzuna.in/land/ad/5895031458?se=0J9f3Da78RG3jpCv9xpWmA&utm_medium=api&utm_source=0fd54924&v=854DEEB9D5C6AEB7FB89D9AAA335BFE1258B29E2
data analyst,Data Analyst - Banking -SAS/Python/SQL,EXL,"Ahmedabad, Gujarat",,,2026-09-25T15:24:39Z,"Job Title: Business Analyst / Data Analyst / Marketing Analyst Job Type: Full-time Job Summary We are looking for a skilled and motivated Data Analyst with expertise in SAS, Python, SQL, and Tableau to support data-driven marketing analytics and strategy initiatives in the BFSI (Banking, Financial Services, and Insurance) domain. The ideal candidate will collaborate closely with cross-functional teams to develop insightful dashboards and scalable SAS processes for multiple clients. Key Responsi…",https://www.adzuna.in/land/ad/5898131307?se=0J9f3Da78RG3jpCv9xpWmA&utm_medium=api&utm_source=0fd54924&v=198F9E19277F9AA09E9E5D4D6E08F13A930ED688
data analyst,"Senior Marketing Data Analyst (Python, SQL)",Blend,"Hyderabad, Telangana",,,2026-09-01T16:22:37Z,"Blend is a premier AI services provider, committed to co-creating meaningful impact for its clients through the power of data science, AI, technology, and people. With a mission to fuel bold visions, Blend tackles significant challenges by seamlessly aligning human expertise with artificial intelligence. The company is dedicated to unlocking value and fostering innovation for its clients by harnessing world-class people and data-driven strategy. We believe that the power of people and AI can ha…",https://www.adzuna.in/land/ad/5864437348?se=0J9f3Da78RG3jpCv9xpWmA&utm_medium=api&utm_source=0fd54924&v=61FFF99584786DBB66E8401001706E67D545896C
data analyst,Sales Operation Analyst (Data Analyst Sales),VARITE INC,"Bangalore, Karnataka",,,2026-09-25T01:54:06Z,"Job Title: India - Sales Strategy Manager II Location: India - Bangalore (India - Bangalore Torrey Pines), KA Experience Required: 3 Years Role Type/Shift: Contract for 7 months About The Job: Company Name: VARITE India Private Limited About The Client: An American cloud-based software company headquartered in San Francisco, California. Notable provider of cloud-based customer relationship management (CRM) solutions. The company has gained prominence in the CRM space, specializing in empowering…",https://www.adzuna.in/land/ad/5897295023?se=0J9f3Da78RG3jpCv9xpWmA&utm_medium=api&utm_source=0fd54924&v=FAEFDE2EC14B527EC36FF1EF543A5A7E6599FAAC
data analyst,Sales Data Analyst (Revenue Operations) | Bangalore,VARITE INC,"Bangalore, Karnataka",,,2026-09-25T01:51:40Z,"Job Title : India - Sales Strategy Manager II Location: Bangalore Experience Required: 3-5 Years Salary Range: 8 to 12 LPA Role Type/Shift : Contract/General Contract Duration: 6 Months (With Possible Extension) Description: Company Name: VARITE India Private Limited About The Client: An American cloud-based software company headquartered in San Francisco, California. Notable provider of cloud-based customer relationship management (CRM) solutions. The company has gained prominence in the CRM s…",https://www.adzuna.in/land/ad/5897294464?se=nFqH3Ta78RGomOTbcVFFeg&utm_medium=api&utm_source=0fd54924&v=CE5FB8A14624252EBD5D54A4D7BE58D8BEA2E55B
data analyst,"Senior Data Analyst, 12 months contract, Mumbai",Fitch Group,"Mumbai, Maharashtra",,,2026-09-23T14:40:07Z,"This job is with Fitch Group, an inclusive employer and a member of myGwork – the largest global platform for the LGBTQ business community. Please do not contact the recruiter directly. The Data Operations Group (Data Ops), part of Fitch’s Chief Data Office (CDO) function, is seeking a Senior Data Analyst – Risk Hub Project to join its team , based out of Mumbai. This is a 12-month contract position. Senior Data Analysts are responsible for the collection, manipulation and management of our eco…",https://www.adzuna.in/land/ad/5894979888?se=nFqH3Ta78RGomOTbcVFFeg&utm_medium=api&utm_source=0fd54924&v=43DFC583CFA5FA6C0CC75FD6E709EF9FA27BF9F1
data analyst,Senior Data Modeler & Data Analyst-Data Platform-8 Years-Remote,Tekgence Inc,India,,,2026-09-18T23:24:41Z,"Position : Senior Data Modeler & Data Analyst - Data Platform Experience : 8 Years Client: One of our Prestigious client. Mode of hiring :Full Time /Permanent Location: Remote (Base Location Gurgaon) Notice Period: 0-30 Days (Only Serving notice period) Role Summary As a Senior Data Modeler & Data Analyst, you will support data modernization initiatives across the overall Data Platform and enterprise analytics capabilities across SLC Management. You will work with Investment, Finance, Risk, and…",https://www.adzuna.in/land/ad/5889682564?se=nFqH3Ta78RGomOTbcVFFeg&utm_medium=api&utm_source=0fd54924&v=B5C153C486F7D5A6340E28558AAF029BFB4D2D90
data analyst,Data Research Analyst,Ruder Finn India,India,,,2026-09-28T02:01:48Z,"Ruder Finn is seeking a senior data analyst to join its award-winning Emerging Technology & Analytics team. The chosen candidate will support the agency’s new business efforts by spearheading research activities such as but not limited to earned media analysis, social listening, influencer identification, data modeling, and predictive analytics. This individual will collaborate with several account teams within the agency providing counsel as needed on the various research and analytics needs o…",https://www.adzuna.in/land/ad/5900875501?se=nFqH3Ta78RGomOTbcVFFeg&utm_medium=api&utm_source=0fd54924&v=1833ACD7F4AB3B826AA1457BEBBDD0991348B7F4
data analyst,Data Quality Analyst,Sambodhi Research and Communications Pvt. Ltd.,India,,,2026-09-01T16:23:17Z,"Company Description Sambodhi Research and Communications Pvt. Ltd. is a knowledge-based organization that focuses on promoting accountability in the public domain. We provide project management, monitoring & evaluation, and research solutions to implementers, governments, aid agencies, and philanthropic foundations. Our expertise lies in evaluating large-scale interventions in sectors such as public health, nutrition, sanitation, renewable energy, livelihoods, and microfinance. We are committed…",https://www.adzuna.in/land/ad/5864442886?se=nFqH3Ta78RGomOTbcVFFeg&utm_medium=api&utm_source=0fd54924&v=098165625AD5F210BFEF1A3E40FBBB890EC719D4
data analyst,Data Security Analyst,Thakral One,India,,,2026-09-02T21:46:17Z,"As a Data Security Analyst (AVP) , you will safeguard the bank's data, ensuring it is securely handled, stored, and shared. You will focus on monitoring, detection, and investigation of data‑related security risks, including data loss, unauthorised access, and misuse across enterprise environments. You will play a key role in implementing and managing data security controls such as Data Loss Prevention (DLP), data classification, and monitoring capabilities to protect critical information. What…",https://www.adzuna.in/land/ad/5867270200?se=nFqH3Ta78RGomOTbcVFFeg&utm_medium=api&utm_source=0fd54924&v=7905752367276C127433247ECF0CC9DBDA8FB910
data analyst,Data & Insights Analyst,Ecomm-Inroads,India,,,2026-09-01T16:23:20Z,"Why Join Us: We’re a small but mighty Amazon & TikTok growth agency with real momentum, and we’re still small enough that every person on the team genuinely matters. No layers, no bureaucracy. Just a tight group of smart, fun people doing great work together. Work directly with the founders. You’ll work alongside the people who built this business from the ground up. A ringside seat to everything. You’ll play a pivotal role in preparing for client conversations, the beating heart of this busine…",https://www.adzuna.in/land/ad/5864443271?se=nFqH3Ta78RGomOTbcVFFeg&utm_medium=api&utm_source=0fd54924&v=05CA5513B1DADC57A547E4F51A80FF616618A19F
data analyst,Data Management Analyst,Moody's,"Bangalore, Karnataka",,,2026-09-02T18:15:33Z,"This job is with Moody's, an inclusive employer and a member of myGwork – the largest global platform for the LGBTQ business community. Please do not contact the recruiter directly. At Moody's, we unite the brightest minds to turn today’s risks into tomorrow’s opportunities. We do this by striving to create an inclusive environment where everyone feels welcome to be who they are—with the freedom to exchange ideas, think innovatively, and listen to each other and customers in meaningful ways. Mo…",https://www.adzuna.in/land/ad/5867115068?se=nFqH3Ta78RGomOTbcVFFeg&utm_medium=api&utm_source=0fd54924&v=0690395A04D115923E5072660A3E464C57BD66A4
data analyst,IS Data Security - Analyst,ABB,"Bangalore, Karnataka",,,2026-08-16T06:19:46Z,"This job is with ABB, an inclusive employer and a member of myGwork – the largest global platform for the LGBTQ business community. Please do not contact the recruiter directly. At ABB, we help industries run leaner and cleaner—and every person here makes that happen. You’ll be empowered to lead, supported to grow, and proud of the impact we create together. Join us and help run what runs the world. This Position reports to: IS Category Lead Arch. Workplace & UC Your role and responsibilities I…",https://www.adzuna.in/land/ad/5843766762?se=nFqH3Ta78RGomOTbcVFFeg&utm_medium=api&utm_source=0fd54924&v=10E7F647774D145FD5779E5E48176C6A2A5877E6
data analyst,Senior Data Analyst (Advanced Excel with PowerBI) - Gurgaon Location,Sonata Software,India,,,2026-09-04T16:57:53Z,"Greetings Currently we have an urgent Position for Senior Data Analyst Advanced Excel with Power BI role for one of our projects, location based in Gurgaon. Kindly find below the details for your Perusal. Job Location : Gurgaon Mode of Employment : Permanent (Weekly 4 days WFO) - Shift timing: 7:30 AM IST to 7:30 PM IST Job Description: Financial Data Analytics Financial Forecasting Models Financial data and Macros Types of Variances Data modeling, Excel-based reporting Good Communication Skill…",https://www.adzuna.in/land/ad/5870527967?se=nFqH3Ta78RGomOTbcVFFeg&utm_medium=api&utm_source=0fd54924&v=10D7D1ABB65DD67BFDE909D1F3C6FD10ABF857EB
data analyst,Data Governance Analysts - Collibra & Data Marketplace,Lorven Technologies Inc.,"Hyderabad, Telangana",,,2026-09-20T23:29:04Z,"Role: Data Governance Analysts Years of Exp: 5 Years Location: Hyderabad Immediate to 15 Days Position Summary Execute day-to-day Data Governance activities for RTB initiatives under the direction of the Onshore Lead. The role will focus on producing accurate, complete, and traceable governance artifacts that support enterprise standards, control requirements, and audit readiness. Key Responsibilities Register and maintain data assets, reports, and data products in Collibra and Data Marketplace…",https://www.adzuna.in/land/ad/5891981575?se=nFqH3Ta78RGomOTbcVFFeg&utm_medium=api&utm_source=0fd54924&v=2692D8FBFCC3D8ED972E77231F2BD684BB6035E3
data analyst,Data Analyst (Fully Remote) – Top US MNC (Enterprise Software),SkillsCapital,India,,,2026-09-14T17:18:19Z,"We are hiring Data Analysts to join a Top US MNC building and scaling large-scale enterprise platforms, cloud-native applications, SaaS products, and AI-powered business solutions. This is an opportunity to work with a globally recognized organization while collaborating with business leaders, product managers, engineers, and data teams to transform data into actionable insights that drive business decisions and improve customer experiences. Location 100% Remote Start Date Immediate to 4 Weeks …",https://www.adzuna.in/land/ad/5883563676?se=nFqH3Ta78RGomOTbcVFFeg&utm_medium=api&utm_source=0fd54924&v=9053853AD4C985ADDF6198257B8289E4B36046DD
data analyst,Data Privacy Analyst (Remote),Quik Hire Staffing,India,,,2026-09-14T01:11:09Z,"Role : Data Privacy Analyst (Remote) Location : Remote (Work from Anywhere) Role Overview: A leading organization is seeking a Data Privacy Analyst to review and improve data privacy practices, policies, and procedures. The role involves ensuring compliance with privacy regulations and protecting organizational data assets. This position requires collaboration with cross-functional teams to identify risks and implement mitigation strategies. Key Responsibilities: • Conduct data protection impac…",https://www.adzuna.in/land/ad/5882861236?se=nFqH3Ta78RGomOTbcVFFeg&utm_medium=api&utm_source=0fd54924&v=E300A50DDFE901300FE64F654BEF57CD964E7883
data analyst,Collibra Data Governance Analysts,Lorven Technologies Inc.,"Hyderabad, Telangana",,,2026-09-20T23:28:20Z,"Data Governance Analyst (Number of positions : 5) Position Summary Execute day-to-day Data Governance activities for RTB initiatives under the direction of the Onshore Lead. The role will focus on producing accurate, complete, and traceable governance artifacts that support enterprise standards, control requirements, and audit readiness. Key Responsibilities Register and maintain data assets, reports, and data products in Collibra and Data Marketplace. Capture and validate business, technical, …",https://www.adzuna.in/land/ad/5891980504?se=nFqH3Ta78RGomOTbcVFFeg&utm_medium=api&utm_source=0fd54924&v=55369B7C23BEC25F1B96C2FE7E7DE170CA7D84B1
data analyst,Data Insight Analyst [T500-29603],Albertsons Companies India,"Bangalore, Karnataka",,,2026-09-25T22:02:55Z,"About Albertsons Companies Inc.: As a leading food and drug retailer in the United States, Albertsons Companies, Inc. operates over 2,200 stores across 35 states and the District of Columbia. Our well-known banners across the United States, including Albertsons, Safeway, Vons, Jewel-Osco and others, serve more than 36 million U.S customers each week. We build and shape technology solutions that solve customers’ problems every day, making things easier for them when they shop with us online or i…",https://www.adzuna.in/land/ad/5898533943?se=nFqH3Ta78RGomOTbcVFFeg&utm_medium=api&utm_source=0fd54924&v=BF3F8C8BAAF3280272EE98B6C195D054FD3542DC
data analyst,Analyst - Data & Insights,GobbleCube,India,,,2026-09-19T17:30:24Z,"Company Overview GobbleCube is an agentic growth operating system designed to help brands scale profitably across digital marketplaces. Founded in November 2022 by the ex- core team of Blinkit, the platform went live commercially from private beta in September 2024. Since then, GobbleCube has scaled rapidly, supporting 600 brands across enterprise and D2C, growing revenue 10X, and onboarding 45 of India’s largest CPG enterprises in just the last 9 months, including HUL, Nivea, Tata Consumer Pro…",https://www.adzuna.in/land/ad/5890607834?se=nFqH3Ta78RGomOTbcVFFeg&utm_medium=api&utm_source=0fd54924&v=E59AE80BE81E3FAF588C6246DD75F028CDD54479
data analyst,ANALYST DATA & INSIGHTS,TE Connectivity,"Bangalore, Karnataka",,,2026-09-17T08:30:59Z,"This job is with TE Connectivity, an inclusive employer and a member of myGwork – the largest global platform for the LGBTQ business community. Please do not contact the recruiter directly. At TE, you will unleash your potential working with people from diverse backgrounds and industries to create a safer, sustainable and more connected world. Job Overview We are seeking a strategic thinker, analytical storyteller, and trusted advisor to join our Industrial BU. This role is ideal for an analyti…",https://www.adzuna.in/land/ad/5887061035?se=nFqH3Ta78RGomOTbcVFFeg&utm_medium=api&utm_source=0fd54924&v=9A519ECBA2A21C69B153A2476CF0676BC961AFE9
data analyst,Senior Data Engineer (Analyst/Scientist) - Remote,Kake,"Bangalore, Karnataka",,,2026-09-01T16:23:14Z,"Senior Data Engineer (Analyst/Scientist) - Remote Kake is a remote-first company and a people-first global community of senior engineers. Kake engineers are behind some of the world’s most innovative products (Brands you’ve heard!), from Fortune 500 to fast-growing companies. We believe it’s not where your table is, but what you bring to the table that matters. Our community spans 45,000 engineers across 55 countries; join a culture where great people stay, grow, and thrive (and love eating kak…",https://www.adzuna.in/land/ad/5864442505?se=nFqH3Ta78RGomOTbcVFFeg&utm_medium=api&utm_source=0fd54924&v=6155ACC03125A8E4FD992DB648D4B5952CFF591B
data analyst,Senior Data Engineer (Analyst/Scientist) - Remote,Kake,"Hyderabad, Telangana",,,2026-09-01T16:21:43Z,"Senior Data Engineer (Analyst/Scientist) - Remote Kake is a remote-first company and a people-first global community of senior engineers. Kake engineers are behind some of the world’s most innovative products (Brands you’ve heard!), from Fortune 500 to fast-growing companies. We believe it’s not where your table is, but what you bring to the table that matters. Our community spans 45,000 engineers across 55 countries; join a culture where great people stay, grow, and thrive (and love eating kak…",https://www.adzuna.in/land/ad/5864431152?se=nFqH3Ta78RGomOTbcVFFeg&utm_medium=api&utm_source=0fd54924&v=992068F702D0BD1D92EF8D1AB0E5CA33A0D15B29
data analyst,Senior Data Engineer (Analyst/Scientist) - Remote,Kake,India,,,2026-09-12T01:03:48Z,"Senior Data Engineer (Analyst/Scientist) - Remote Kake is a remote-first company and a people-first global community of senior engineers. Kake engineers are behind some of the world’s most innovative products (Brands you’ve heard!), from Fortune 500 to fast-growing companies. We believe it’s not where your table is, but what you bring to the table that matters. Our community spans 45,000 engineers across 55 countries; join a culture where great people stay, grow, and thrive (and love eating kak…",https://www.adzuna.in/land/ad/5880062263?se=nFqH3Ta78RGomOTbcVFFeg&utm_medium=api&utm_source=0fd54924&v=15089641EC59B28C9D0095BD4D6409CD97F4D658
data analyst,Senior Data Engineer/Analyst (India- Remote),CloudLabs Inc,India,,,2026-09-25T15:22:38Z,"About CloudLabs: CloudLabs Inc was founded in 2014 with the mission to provide exceptional IT & Business consulting services at a competitive price, to help clients realize the best value from their investments. Within a short span, CloudLabs evolved from pure-play consulting into a transformative partner for Business Acceleration Advisory, Transformative Application Development & Managed Services - enabling digital transformations, M&A transitions, Automation & Process-driven optimizations & c…",https://www.adzuna.in/land/ad/5898127774?se=nFqH3Ta78RGomOTbcVFFeg&utm_medium=api&utm_source=0fd54924&v=783399AEA08B8A3657312C79CC7AF489B55DF1C8
data analyst,GTM Data & AI Analyst - Night Shift,Orcaworks,"Hyderabad, Telangana",,,2026-09-11T17:13:38Z,"Key Responsibilities: Analyze account, prospect, pipeline, and market data to identify trends, opportunities, and gaps. Build and maintain datasets for account prioritization, segmentation, prospecting, and GTM planning . Use AI and data tools to enrich accounts, research companies, identify buying signals, and improve lead intelligence. Develop and refine ICP models, account scoring, segmentation, and prioritization frameworks . Analyze sales funnel performance, conversion rates, pipeline move…",https://www.adzuna.in/land/ad/5879665110?se=nFqH3Ta78RGomOTbcVFFeg&utm_medium=api&utm_source=0fd54924&v=F8882EAC34301360D7E0318E9721F6B941F223E8
data analyst,Sr Analyst – Data & Governance,BeamForward,"Bangalore, Karnataka",,,2026-09-22T17:39:58Z,"About the Company Beam Forward | Talent Advisory ServicesBuild the operating rhythm behind smarter talent decisions. Location : Garudacharpalya, Whitefield. About the Role Beam Forward is looking for an analytical, hands-on Sr Analyst – Data & Governance to establish reliable reporting, strengthen recruitment operations, and turn data into clear business action across our RPO and agency accounts. This role is ideal for someone who combines operational discipline with curiosity, communicates con…",https://www.adzuna.in/land/ad/5893930284?se=nFqH3Ta78RGomOTbcVFFeg&utm_medium=api&utm_source=0fd54924&v=886B0A853CCF798A1A3E56CE1AEB80D5AF9DAFA7
data analyst,ANALYST DATA & INSIGHTS II,TE Connectivity,"Bangalore, Karnataka",,,2026-09-17T08:30:58Z,"This job is with TE Connectivity, an inclusive employer and a member of myGwork – the largest global platform for the LGBTQ business community. Please do not contact the recruiter directly. At TE, you will unleash your potential working with people from diverse backgrounds and industries to create a safer, sustainable and more connected world. Job Overview : We are seeking a data-driven Data Insights Analyst to transform marketing and sales data into actionable insights that drive business grow…",https://www.adzuna.in/land/ad/5887061014?se=nFqH3Ta78RGomOTbcVFFeg&utm_medium=api&utm_source=0fd54924&v=E4106ED12CF67B2929E0B88252BEAFA9CB74A6E8
data analyst,ANALYST DATA & INSIGHTS II,TE Connectivity,"Bangalore, Karnataka",,,2026-09-22T08:31:57Z,"This job is with TE Connectivity, an inclusive employer and a member of myGwork – the largest global platform for the LGBTQ business community. Please do not contact the recruiter directly. At TE, you will unleash your potential working with people from diverse backgrounds and industries to create a safer, sustainable and more connected world. Job Overview We're hiring a data-driven storyteller and problem-solver . This Data Insights Analyst II will join our growing Digital Center of Excellence…",https://www.adzuna.in/land/ad/5893510973?se=nFqH3Ta78RGomOTbcVFFeg&utm_medium=api&utm_source=0fd54924&v=0B6D7DB33EBB86EB8C340E88753304B469221564
data analyst,ANALYST DATA & INSIGHTS III,TE Connectivity,"Bangalore, Karnataka",,,2026-09-22T08:31:36Z,"This job is with TE Connectivity, an inclusive employer and a member of myGwork – the largest global platform for the LGBTQ business community. Please do not contact the recruiter directly. At TE, you will unleash your potential working with people from diverse backgrounds and industries to create a safer, sustainable and more connected world. Job Overview We're seeking - a strategic thinker, analytical storyteller, and trusted advisor to our global marketing and commercial teams. This role is …",https://www.adzuna.in/land/ad/5893510124?se=nFqH3Ta78RGomOTbcVFFeg&utm_medium=api&utm_source=0fd54924&v=8605B6B66ED02207D96462C0EE54C17D095CD012
data analyst,IS Data Security - Senior Analyst,ABB,"Bangalore, Karnataka",,,2026-08-16T06:19:54Z,"This job is with ABB, an inclusive employer and a member of myGwork – the largest global platform for the LGBTQ business community. Please do not contact the recruiter directly. At ABB, we help industries run leaner and cleaner—and every person here makes that happen. You’ll be empowered to lead, supported to grow, and proud of the impact we create together. Join us and help run what runs the world. This Position reports to: IS Category Lead Arch. Workplace & UC Your role and responsibilities I…",https://www.adzuna.in/land/ad/5843766857?se=nFqH3Ta78RGomOTbcVFFeg&utm_medium=api&utm_source=0fd54924&v=01FE278DE8610A415ACA5BDAD4540C0D25350285
data analyst,Quality Analyst (Data Auditor),Rifa AI,India,,,2026-09-20T17:36:31Z,"Quality Analyst Rifa AI | Full time | 1.5 to 3 years of experience About Rifa AI Rifa AI builds voice and chat AI agents for enterprise clients. Our bots handle live conversations at scale, and every conversation has to meet strict compliance, accuracy, and quality standards. The Quality Analyst makes sure they do. What you will do Audit voicebot and chatbot conversations against SOPs, compliance rules, and quality standards Build and maintain QA scorecards and audit frameworks for new and exis…",https://www.adzuna.in/land/ad/5891694635?se=nFqH3Ta78RGomOTbcVFFeg&utm_medium=api&utm_source=0fd54924&v=6D2A26C3A778D1FB7AE8CD110EB26FC0FBB6CEC9
data analyst,Anti-Money Laundering Analyst,HTC Global Services,"Bangalore, Karnataka",,,2026-09-20T17:34:00Z,"Senior Data analyst or Data Modeler with recent experience ( at least 3 yrs) as a Data Analyst is mandatory. Preferably in AML/Fraud areas in Financial domain . The candidate must have expertise in the below areas Modeling/STTM for relatively large data bases using data modeling tools like Erwin/Hackolade etc. , Data Governance: Expertise in setting up Data Governance. Establishing Data Quality rules and Data controls on DB’s and Data Pipelines. Experience with Data Governance/Quality tools lik…",https://www.adzuna.in/land/ad/5891691076?se=nFqH3Ta78RGomOTbcVFFeg&utm_medium=api&utm_source=0fd54924&v=42C72957021177D0905435D3D66CB5F3ED02677B
data analyst,Anti-Money Laundering Analyst,HTC Global Services,"Hyderabad, Telangana",,,2026-09-20T17:32:17Z,"Senior Data analyst or Data Modeler with recent experience ( at least 3 yrs) as a Data Analyst is mandatory. Preferably in AML/Fraud areas in Financial domain . The candidate must have expertise in the below areas Modeling/STTM for relatively large data bases using data modeling tools like Erwin/Hackolade etc. , Data Governance: Expertise in setting up Data Governance. Establishing Data Quality rules and Data controls on DB’s and Data Pipelines. Experience with Data Governance/Quality tools lik…",https://www.adzuna.in/land/ad/5891690070?se=nFqH3Ta78RGomOTbcVFFeg&utm_medium=api&utm_source=0fd54924&v=A3ACA08EBBF9078169EE8A67777A09DD24AD7D0B
data analyst,Anti-Money Laundering Analyst,HTC Global Services,"Chennai, Tamil Nadu",,,2026-09-20T17:32:38Z,"Senior Data analyst or Data Modeler with recent experience ( at least 3 yrs) as a Data Analyst is mandatory. Preferably in AML/Fraud areas in Financial domain . The candidate must have expertise in the below areas Modeling/STTM for relatively large data bases using data modeling tools like Erwin/Hackolade etc. , Data Governance: Expertise in setting up Data Governance. Establishing Data Quality rules and Data controls on DB’s and Data Pipelines. Experience with Data Governance/Quality tools lik…",https://www.adzuna.in/land/ad/5891690335?se=nFqH3Ta78RGomOTbcVFFeg&utm_medium=api&utm_source=0fd54924&v=566AB33DE8051BA9F0C76DCDBB828243B39A178E
data analyst,Data Analytics - TL,Aceolution,"Hyderabad, Telangana",,,2026-09-12T01:09:17Z,"We are seeking an experienced and highly skilled Data Analytics – Team Lead to join our growing team. The ideal candidate will be a data-driven problem solver with strong expertise in data analysis, SQL, reporting, visualization, and business intelligence. The candidate will be responsible for working with large and complex datasets, developing dashboards and reports, translating analytical findings into actionable business insights, and mentoring data analysts. The role will also involve colla…",https://www.adzuna.in/land/ad/5880070268?se=nFqH3Ta78RGomOTbcVFFeg&utm_medium=api&utm_source=0fd54924&v=73E047A648757A5363A821FEA289057FEC4A2FCE
data analyst,Business Intelligence Engineer,NAF Technology India,"Chennai, Tamil Nadu",,,2026-09-24T15:17:33Z,"Responsibilities Work with lead analyst onshore to develop, enhance, and maintain reports and dashboards to drive stakeholder engagement and report cohesiveness. Experience in building Power BI Dashboards using DAX Functions / merging multiple data sets/data sources. Experience in building SSRS Reports using merging multiple data sets/data sources. SQL knowledge required (Snowflake preferred), in querying data sets, identifying data quality issues. Strong attention to detail. Analytical and pro…",https://www.adzuna.in/land/ad/5896612639?se=nFqH3Ta78RGomOTbcVFFeg&utm_medium=api&utm_source=0fd54924&v=6FEC6979320ADDBCF4BA1451DC72E5373E1EF875
data analyst,Geographic Information System Developer,ClimaCrew,"Mumbai, Maharashtra",,,2026-09-17T07:18:24Z,"Company Description ClimaCrew Pvt Ltd is pioneering innovation in seaweed production with a focus on data, technology, and social sciences. Our mission is to position India as a key player in the global seaweed industry by leveraging an advanced technology platform that connects suppliers and buyers of diverse seaweed products. By addressing the growing global demand, our initiatives aim to create sustainable livelihood opportunities while fostering marine ecosystem resilience. We are committed…",https://www.adzuna.in/land/ad/5886986209?se=nFqH3Ta78RGomOTbcVFFeg&utm_medium=api&utm_source=0fd54924&v=F6E6017A182BCB1416DE72810CF010C6373919CB
data analyst,Analytics Manager,Kamakhya Analytics Private Limited,"Bangalore, Karnataka",,,2026-09-04T22:27:33Z,JOB DESCRIPTION - ANALYTICS MANAGER Location: Bangalore Department : Analytics Team : Survey Insights and Reporting About the Company: We are one of India’s premier integrated political consulting firms specializing in building data-driven 360-degree election campaigns. We help our clients with strategic advice and implementation which brings together data-backed insights and in-depth ground intelligence into a holistic electoral campaign. We are passionate about our democracy and the politics …,https://www.adzuna.in/land/ad/5870857067?se=nFqH3Ta78RGomOTbcVFFeg&utm_medium=api&utm_source=0fd54924&v=4E9E2223B446D220BF1BB472CF7D4A568D5F1108
data analyst,Data Engineer,iConsultera,India,,,2026-09-28T02:04:23Z,"Job Summary We are seeking a skilled Data Engineer to design, build, and maintain scalable data pipelines and data infrastructure that support business intelligence, analytics, and machine learning initiatives. The ideal candidate will have experience with ETL processes, data warehousing, cloud platforms, and big data technologies. This remote role requires strong programming skills, expertise in SQL, and the ability to collaborate with data analysts, data scientists, and software engineering t…",https://www.adzuna.in/land/ad/5900876540?se=nFqH3Ta78RGomOTbcVFFeg&utm_medium=api&utm_source=0fd54924&v=5B05A3857453502D75B5DA200D45FD8F24206701
data analyst,Lead Data Engineer,TEKsystems Global Services in India,"Hyderabad, Telangana",,,2026-09-05T18:32:53Z,"Lead Data Engineer Notice period- Should be immediate only Experience -7 to 25 years Location- Hyderabad only Work mode- All 5 days' work from office CORE RESPONSIBILITIES • Hands-on delivery oversight: review pipelines, SQL, ETL/ELT logic, Spark jobs, reporting outputs and technical deliverables. • Mentor junior talent: coach data engineers, data analysts and data quality analysts through daily guidance, reviews and troubleshooting. • Data quality and controls: define validation, reconciliatio…",https://www.adzuna.in/land/ad/5871993046?se=nFqH3Ta78RGomOTbcVFFeg&utm_medium=api&utm_source=0fd54924&v=7C384746348DF26C114FF5DE4F3A90AB3176100B
data analyst,Senior RWE Research Analyst,Novartis,India,,,2026-09-25T16:34:45Z,"This job is with Novartis, an inclusive employer and a member of myGwork – the largest global platform for the LGBTQ business community. Please do not contact the recruiter directly. Summary The Senior Real-World Evidence (RWE) Research Analyst is responsible for the scientific leadership and methodological oversight of observational database analytics and RWE projects. This role owns study design, protocol development, scientific interpretation, and stakeholder communication, working in close …",https://www.adzuna.in/land/ad/5898262333?se=nFqH3Ta78RGomOTbcVFFeg&utm_medium=api&utm_source=0fd54924&v=C72FCCF362540FC4E98FFF2E2E176F75AC9891C6
data analyst,Data Engineer,Tata Consultancy Services,India,,,2026-09-02T21:45:17Z,"Dear Candidate, We have face to face interview @ Gurgaon 5th Sep,2026 Experience : 5-10yrs Please apply if you are interested and available for in person interview. Skills: 1.Data Engineer – Python PySpark, SQL, AWS 2.Data Analyst-Power BI, SQL, Statistical skill 3.Sr. Java Engineers-Microservices, Kafka 4.Data Scientist 5.Data Modeler 6.Data Engineer – Databricks, Splunk 7.AWS DevOps Engineer 8.Smart Comm Developer",https://www.adzuna.in/land/ad/5867263507?se=nFqH3Ta78RGomOTbcVFFeg&utm_medium=api&utm_source=0fd54924&v=D8AC08290284E56445A4F253FABC0AF5EE2DE3F8
data analyst,ADG Senior Analyst- Data skills with Banking background,Essex Lake Group LLC,India,,,2026-09-25T21:58:27Z,"The Role Position: Senior Analyst Location: Gurgaon, India Over-all experience ▪ A minimum of 3-5 years of work experience at leading analytics and business intelligence companies ▪ Extensive experience in data handling, analyses and business intelligence/insights Key responsibilities ▪Directly engage with internal and external stakeholders, gather requirements and manage communication ▪ Excellent problem-solving skillsets with the ability to interpret business requirements and translate into a…",https://www.adzuna.in/land/ad/5898533140?se=nFqH3Ta78RGomOTbcVFFeg&utm_medium=api&utm_source=0fd54924&v=F829BABF6568F9BF4C9529374D868032A7FEB3F9
data analyst,Azure data engineer - F2F discussion - Chennai,Tata Consultancy Services,"Chennai, Tamil Nadu",,,2026-09-02T16:42:44Z,"Greetings from Tata Consultancy Services (TCS) What we are looking for: Azure data engineer Location : Chennai Interview Mode : F2F discussion Exp : 5 Years Design, develop, and maintain scalable data pipelines and data integration solutions using Azure cloud services. Build and manage ETL/ELT processes using Azure Data Factory (ADF), Azure Databricks, and Azure Synapse Analytics . Develop and optimize data lakes and data warehouses using Azure Data Lake Storage (ADLS), Synapse, and SQL databas…",https://www.adzuna.in/land/ad/5867036131?se=nFqH3Ta78RGomOTbcVFFeg&utm_medium=api&utm_source=0fd54924&v=C48C5706049EB6DA33F6189F3349ED33FD35CA25
data analyst,Frontend Developer,Insight Global,"Bangalore, Karnataka",,,2026-09-18T17:30:53Z,"Insight Global is seeking a Senior UI Engineer to support a strategic metadata platform migration programme for one of our premier financial services clients in Bengaluru. This initiative will bring a third-party metadata management capability in-house and integrate it into the client's proprietary Data Trust platform, creating a centralised view of market, trading venue, and exchange metadata. This is not a traditional front-end development role. The ideal candidate will be involved from the e…",https://www.adzuna.in/land/ad/5889222280?se=nFqH3Ta78RGomOTbcVFFeg&utm_medium=api&utm_source=0fd54924&v=C619CA8917BF1F8F39FB3DCACE97206B719CF0D9
data analyst,Data Engineer,ConveGenius.AI,"Ranchi, Jharkhand",,,2026-09-25T01:56:59Z,"Role Summary We are looking for a skilled Data Engineer to design, build, and maintain our core data infrastructure. In this role, you will make data clean, reliable, and accessible. You will work closely with data scientists, analysts, and product teams to power business intelligence and machine learning initiatives. Key Responsibilities Pipeline Development: Build, test, and maintain scalable ETL (Extract, Transform, Load) pipelines to move data from various sources into centralized storage. …",https://www.adzuna.in/land/ad/5897296089?se=nFqH3Ta78RGomOTbcVFFeg&utm_medium=api&utm_source=0fd54924&v=C29CE85BF67D89A5F4B6D898975FB38052CCAA05
data analyst,ETL Specialist,Tata Consultancy Services,India,,,2026-09-18T17:27:40Z,"Greetings From TCS TCS is hiring for ETL Testing Experience - 4 to 8 years Location- Chennai Walkin Date : 19th Sep 2026 Design, plan, and execute test cases, scenarios, and scripts for ETL validation and regression testing. Verify and validate data accuracy, completeness, and consistency using ETL tools and SQL queries. Create and maintain test cases, scripts, and documentation in test management tools such as JIRA and HP ALM. Collaborate with developers, data analysts, and business stakeholde…",https://www.adzuna.in/land/ad/5889211709?se=nFqH3Ta78RGomOTbcVFFeg&utm_medium=api&utm_source=0fd54924&v=7EEA7A7D35596FA4A845671AC8742210CBD15039
data analyst,ETL Specialist,Tata Consultancy Services,India,,,2026-09-22T17:39:57Z,"Experience : 4 to 10 years Location : Bangalore, Mumbai, Hyderabad Interview Details: Date: 26th SEP 2026 Mode: Face-to-Face (In-Person) Must-Have Skills: Design, plan, and execute test cases, scenarios, and scripts for ETL validation and regression testing. Verify and validate data accuracy, completeness, and consistency using ETL tools and SQL queries. Create and maintain test cases, scripts, and documentation in test management tools such as JIRA and HP ALM. Collaborate with developers, data…",https://www.adzuna.in/land/ad/5893930268?se=nFqH3Ta78RGomOTbcVFFeg&utm_medium=api&utm_source=0fd54924&v=699051DA5842C8285B883C702488A372D42901BD
data analyst,ETL Specialist,Tata Consultancy Services,India,,,2026-09-22T17:36:02Z,"Interview Details: Date: 26th SEP 2026 Mode: Face-to-Face (In-Person) Note: : If you are available for a face-to-face interview only, please share your updated resume along with your details. Job Details Location: BANAGLORE,HYDERABD,MUMBAI Experience Range: 4.5- 8 Yrs MUST SKILLS: ETL Testing Job Description Must-Have Design, plan, and execute test cases, scenarios, and scripts for ETL validation and regression testing. Verify and validate data accuracy, completeness, and consistency using ETL …",https://www.adzuna.in/land/ad/5893922605?se=nFqH3Ta78RGomOTbcVFFeg&utm_medium=api&utm_source=0fd54924&v=9C09F93678DE2710D76B01B2A6BCC60ACAB85054
data analyst,Microsoft Fabric Engineer,Cambay Solutions,India,,,2026-09-23T15:38:33Z,"About Cambay Solutions: Cambay Solutions is a Microsoft Solutions Partner specializing in Azure, Dynamics 365, Microsoft 365, Power Platform, and Cloud Modernization. Recognized as one of the 50 Most Promising Microsoft Solutions Providers by CIO Review and certified as a Great Place to Work®, we help organizations transform their business through People, Process, and Technology. Job Summary We are seeking a highly skille d Microsoft Fabric Enginee r to design, develop, and maintain enterprise-…",https://www.adzuna.in/land/ad/5895030957?se=nFqH3Ta78RGomOTbcVFFeg&utm_medium=api&utm_source=0fd54924&v=2F25D7BC6E18ECF3CB3CAECF33A49CC3B12BFA23
data analyst,Senior Data Engineer (immediate joiner),Luxoft,India,,,2026-09-28T07:41:06Z,"Project Description: We are seeking a highly experienced Senior Data Engineer to design, develop, and optimize enterprise-scale data platforms using modern cloud technologies. The role involves building robust ELT pipelines, scalable data models, and analytics-ready datasets leveraging Snowflake, Azure Data Factory (ADF), DBT, Python, and SQL. The ideal candidate will play a key role in enabling data-driven decision making by delivering high-quality, governed, and performant data solutions. Res…",https://www.adzuna.in/land/ad/5901137667?se=nFqH3Ta78RGomOTbcVFFeg&utm_medium=api&utm_source=0fd54924&v=A9EA94E75E94AA1FAD5F5E2AE9B4A80DFA028C5C
data analyst,Data Engineer,Persistent Systems,India,,,2026-09-19T17:33:09Z,"About Position: We are seeking a skilled GCP Data Engineer with 3 to 5 years of experience in designing, developing, and maintaining scalable data solutions on Google Cloud Platform (GCP). The ideal candidate will have strong expertise in cloud-native data engineering, ETL/ELT pipeline development, Python programming, and data warehousing technologies. You will play a key role in building reliable and efficient data platforms that support analytics, reporting, and business intelligence initiati…",https://www.adzuna.in/land/ad/5890612426?se=nFqH3Ta78RGomOTbcVFFeg&utm_medium=api&utm_source=0fd54924&v=3A8EEEF9B8B4180278576794823CD1AF3FDD8BED
data analyst,Senior Data Engineer [T500-29515],FM,"Bangalore, Karnataka",,,2026-09-23T19:39:59Z,"About us: We are a highly successful 190-year-old, Fortune 500 commercial property insurance company of 6,000 employees with a unique focus on science and risk engineering. Businesses worldwide trust our expertise to protect their assets, relying on our comprehensive risk assessments and robust, engineering-based insurance solutions to safeguard against fire, natural disasters, and other perils. Serving over a quarter of the Fortune 500 and major corporations globally, we deliver data-driven st…",https://www.adzuna.in/land/ad/5895239142?se=nFqH3Ta78RGomOTbcVFFeg&utm_medium=api&utm_source=0fd54924&v=66E7F66154E57C0A88E257387CA4E5B4DED971FB
data analyst,Data Engineer,Recro,India,,,2026-09-04T16:57:28Z,"Job Title: Data Engineer-AWS Experience: 2–3 Years Location: Pune Work Mode: Work from Office-Pune About the Role We are seeking a Junior Data Engineer with 2 to 3 years of experience to join our growing team in Pune. In this role, you will work alongside senior engineers to build, optimise, and maintain data pipelines, write efficient SQL queries, and utilise AWS cloud services to enable data processing and analytics across the organisation. Key Responsibilities Assist in developing, testing, …",https://www.adzuna.in/land/ad/5870527464?se=bkbN3ja78RG3jpCv9xpWmA&utm_medium=api&utm_source=0fd54924&v=0B6608796342581E1F75E76CBFA752ADFD2A0010
data analyst,Data Engineer,mCaffeine,"Mumbai, Maharashtra",,,2026-09-25T15:23:59Z,"Company overview: PEP is a dynamic personal care company that proudly houses two innovative brands – mCaffeine & Hyphen . With a passion for creating high-performance, conscious, and consumer-loved products, we are redefining the way personal care is experienced. While mCaffeine is India’s first caffeinated personal care brand, loved for its energizing and playful approach, Hyphen is built on the philosophy of simplifying skincare through science-backed formulations. Together, our brands reflec…",https://www.adzuna.in/land/ad/5898129551?se=bkbN3ja78RG3jpCv9xpWmA&utm_medium=api&utm_source=0fd54924&v=100C3D6B0FA3BDEC21B470D3BE1F3A95A4FF7D0C
data analyst,Data Analytics Engineer,Dinoxo,"Bangalore, Karnataka",,,2026-09-28T07:36:02Z,"Greetings of the day, We have an urgent opening for a permanent position with one of our direct clients. Please find the job and company details below and let me know your availability for this opportunity. Position: Data Analytics Engineer Location: Bangalore Experience: 3 Years Work Mode: Hybrid Notice Period: Immediate joiners preferred Employment Type: Permanent Mandatory Skills 3 years of relevant experience as a Data Analytics Engineer . Strong hands-on experience with SQL . Strong experi…",https://www.adzuna.in/land/ad/5901134284?se=bkbN3ja78RG3jpCv9xpWmA&utm_medium=api&utm_source=0fd54924&v=55EAA25A992682C550B05111B2952716BDAE6119
data analyst,Senior People Analyst,Wise,"Hyderabad, Telangana",,,2026-08-18T18:03:42Z,"This job is with Wise, an inclusive employer and a member of myGwork – the largest global platform for the LGBTQ business community. Please do not contact the recruiter directly. Wise is a global technology company, building the best way to move and manage the world’s money. Min fees. Max ease. Full speed. Whether people and businesses are sending money to another country, spending abroad, or making and receiving international payments, Wise is on a mission to make their lives easier and save t…",https://www.adzuna.in/land/ad/5846723639?se=bkbN3ja78RG3jpCv9xpWmA&utm_medium=api&utm_source=0fd54924&v=36A1DC37A199ACB77D77BBBCF743B72B5A52395F
data analyst,Senior Data Engineer,Latinem Private Limited,"Hyderabad, Telangana",,,2026-09-11T17:13:30Z,"Job Title: Senior Data Engineer – Data Analytics Location: Hyderabad Function: Data Analytics / Business Intelligence Role Overview: We are seeking a Senior Data Engineer – Data Analytics to lead the organization’s analytics strategy and enable data driven decision making across the enterprise. This role will drive advanced analytics and BI initiatives, partner with business and IT leaders, and ensure scalable, secure, and compliant analytics solutions. Key Responsibilities: Define and execute …",https://www.adzuna.in/land/ad/5879664856?se=bkbN3ja78RG3jpCv9xpWmA&utm_medium=api&utm_source=0fd54924&v=756A6D8C2AAA53628A9BE32BCE0D23C25866D269
data analyst,Python Backend Consultant (Data Engineering & Data Pipelines),BCI~IT,"Noida, Ghaziabad",,,2026-09-25T15:21:15Z,"Python Backend Consultant (Data Engineering & Data Pipelines) Employment Type: 6–12-month contract Experience Level: Mid-Level to Senior-Level Pay: $15-$22/hr USD Job Summary BCI is seeking a skilled contract Python Backend Developer to design, develop, and maintain scalable backend systems and data pipelines. Please note: This will be a 6-12 month contract. The ideal candidate will have strong experience in Python, integrating data from multiple sources, and developing reliable, high-performan…",https://www.adzuna.in/land/ad/5898126393?se=bkbN3ja78RG3jpCv9xpWmA&utm_medium=api&utm_source=0fd54924&v=142A74285B5760DDF4122FAD4B8AF5F7F678A4B9
data analyst,Senior Data Engineer – Databricks,"Aspire, Jordan",India,,,2026-09-08T14:40:42Z,"Data Engineer – Databricks Job Overview We are looking for an experienced Data Engineer with strong expertise in Databricks to design, develop, and optimize scalable data pipelines and modern data platforms. The ideal candidate will have hands-on experience with big data technologies, cloud platforms, and ETL/ELT processes , with a strong focus on building reliable, high-quality data solutions that support analytics and business intelligence initiatives. The Data Engineer will collaborate close…",https://www.adzuna.in/land/ad/5875419680?se=bkbN3ja78RG3jpCv9xpWmA&utm_medium=api&utm_source=0fd54924&v=584F821799B5C7C07907C550819F096A54E569D9
data analyst,HR Analytics- Workday,Sutherland,India,,,2026-09-08T18:42:04Z,Job Title - HR Analytics Department HR Analytics Employment Type Full-Time Location : Chennai (WFH) Shift : 6.30 pm to 3.30 am Department : HR Analytics Role Summary We are seeking an experienced Senior HR Data Analyst to join our HR Analytics . The Senior Data Analyst will serve as a key subject matter expert in translating complex workforce data into actionable business insights. The ideal candidate will possess expertise in Workday report Writing paired with Advanced Excel data modelling cap…,https://www.adzuna.in/land/ad/5875602757?se=bkbN3ja78RG3jpCv9xpWmA&utm_medium=api&utm_source=0fd54924&v=0DDA4C70BF1E3738AB9D97D501C35134FE42A867
data analyst,Data Engineer,Ascendion,"Hyderabad, Telangana",,,2026-09-24T15:18:21Z,"Job Description – Microsoft Data Engineer Job Title: Microsoft Data Engineer Location: Hydrabad Employment Type: Full-Time Role Overview We are looking for a Microsoft Data Engineer with Minimum 7 Years exp, with strong hands-on experience in Microsoft Fabric, OneLake, PySpark, Python, and SQL . The ideal candidate will be responsible for building and optimizing modern data pipelines, data platforms, and analytics solutions using Microsoft’s data ecosystem. Key Responsibilities Design, develop,…",https://www.adzuna.in/land/ad/5896613632?se=bkbN3ja78RG3jpCv9xpWmA&utm_medium=api&utm_source=0fd54924&v=110BC426C240E75E2D678D8C8324C7DDE0F2396A
data analyst,Technical Project Manager,KPI Partners,"Hyderabad, Telangana",,,2026-09-28T02:03:14Z,"KPI Partners is seeking a skilled and experienced Project Manager specializing in Data Migration to join our dynamic team. As a Project Manager, you will be responsible for planning, executing, and delivering data migration projects on time and within scope. You will work closely with cross-functional teams, stakeholders, and clients to ensure successful implementation and adherence to best practices in data management. Job Title : Project Manager Location: Hybrid – Hyderabad/Bangalore/Pune Exp…",https://www.adzuna.in/land/ad/5900875768?se=bkbN3ja78RG3jpCv9xpWmA&utm_medium=api&utm_source=0fd54924&v=AEFEAF2D603598832C785035E27F1F9E23117AC3
data analyst,Technical Project Manager,KPI Partners,"Bangalore, Karnataka",,,2026-09-27T01:57:37Z,"KPI Partners is seeking a skilled and experienced Project Manager specializing in Data Migration to join our dynamic team. As a Project Manager, you will be responsible for planning, executing, and delivering data migration projects on time and within scope. You will work closely with cross-functional teams, stakeholders, and clients to ensure successful implementation and adherence to best practices in data management. Job Title : Project Manager Location: Hybrid – Hyderabad/Bangalore/Pune Exp…",https://www.adzuna.in/land/ad/5899975699?se=bkbN3ja78RG3jpCv9xpWmA&utm_medium=api&utm_source=0fd54924&v=24F48EE2A46FB7E5AFA5E89BEBDFCE8B04313390
data analyst,Technical Project Manager - Data,ValueMomentum,"Hyderabad, Telangana",,,2026-09-18T23:25:24Z,"Job Title: Technical Project Manager (Data) Primary Skill: SQL, Datawarehouse, Azure tech stack – Azure Data Factory (ADF), Databricks, Synapse Location: Hyderabad Experience: 12-15 years Role: Data Technical Project Manager We are looking for an experienced Data Technical Project Manager with strong expertise in Data Engineering, Databricks, Agile/Scrum, and end-to-end project delivery. The candidate will be responsible for managing data projects, coordinating cross-functional technical teams,…",https://www.adzuna.in/land/ad/5889684901?se=bkbN3ja78RG3jpCv9xpWmA&utm_medium=api&utm_source=0fd54924&v=4474728E278F8D592E17A8204AC86EEA6CDB136A
data analyst,Azure Data Engineer,EXL,"Noida, Ghaziabad",,,2026-09-01T16:20:30Z,"Role - Azure Data Engineer Mandatory Skill - Azure Data Factory, DBT, Snowflake Experience range - 5-8 yrs Location- Noida, Gurgaon, Pune, Bangalore, Hyderabad, Chennai Job Description: Key Responsibilities : o Design and develop ETL/ELT pipelines using Azure Data Factory, Snowflake, and DBT. o Build and maintain data integration workflows from various data sources to Snowflake. o Write efficient and optimized SQL queries for data extraction and transformation. o Work with stakeholders to under…",https://www.adzuna.in/land/ad/5864424975?se=bkbN3ja78RG3jpCv9xpWmA&utm_medium=api&utm_source=0fd54924&v=163261631D27D6F7FA1472B3419BDD9177EDCB52
data analyst,Senior Marketing Analyst,Selections HR Services Private Limited,India,,,2026-09-24T01:47:23Z,"Job Summary We are looking for a highly analytical Data Analyst with strong hands-on experience in The ideal candidate should have practical expertise working directly within Adobe Analytics Workspace and Report Builder , using the platform to answer business questions through data analysis and insights. This role requires someone who understands how to identify the right metrics, dimensions, segments, and calculated metrics within Adobe Analytics—not just someone who works with data after it h…",https://www.adzuna.in/land/ad/5895599606?se=bkbN3ja78RG3jpCv9xpWmA&utm_medium=api&utm_source=0fd54924&v=BD78E7CDC8AD788AE936B19B1308D60BBDF3693E
data analyst,Senior Azure Databricks Engineer,Tata Consultancy Services,India,,,2026-09-28T02:03:17Z,"Design, build, and maintain scalable and efficient data pipelines using Databricks. Integrate data from various sources (for eg. Azure storage account, SFTP, Fabric) using Apache Spark within Databricks. Implement processes and checks to ensure the accuracy and completeness of data. Work closely with data owners, analysts, and other stakeholders to understand data requirements and deliver solutions. Monitor data pipelines for issues and resolve them promptly to maintain data flow integrity. Exp…",https://www.adzuna.in/land/ad/5900875783?se=bkbN3ja78RG3jpCv9xpWmA&utm_medium=api&utm_source=0fd54924&v=363A3970F11EE21A3852DE71E39BAD619E7593CA
data analyst,Content Writer,Collegedunia,India,,,2026-09-02T21:45:19Z,"About your new company Collegedunia is an education portal, matching students with the best colleges in India abroad. We help in college research, exam prep tips, application process & also provide insights on-campus life. Launched in 2014, we are the highest ranked portal by Similar Web in education. We have also been awarded as - Best Educational Portal by IAMAI in 2017, and listed by TechinAsia as Top 100 Startups in Asia. Collegedunia is fuelled by the energy of over a 1000 individuals havi…",https://www.adzuna.in/land/ad/5867263603?se=bkbN3ja78RG3jpCv9xpWmA&utm_medium=api&utm_source=0fd54924&v=32E17D406CECC89A294421368659C9AB781DB739
data analyst,"Product Analyst – Operations Reference Data, AVP",Deutsche Bank,"Bangalore, Karnataka",,,2026-08-18T18:03:42Z,"This job is with Deutsche Bank, an inclusive employer and a member of myGwork – the largest global platform for the LGBTQ business community. Please do not contact the recruiter directly. Position Overview Role Description The Product Reference Data Service team sits within Operations Reference Data Services and is responsible for providing accurate and timely product reference data for the Bank. pRDS provides product data for all divisions of the Bank (IB/CB/PB) and deals with stakeholder acro…",https://www.adzuna.in/land/ad/5846723609?se=bkbN3ja78RG3jpCv9xpWmA&utm_medium=api&utm_source=0fd54924&v=063156DD23150BBCAF81505F2DE895A6040C5342
data analyst,LEAD DATA ENGINEER,Eucloid Data Solutions,"Chennai, Tamil Nadu",,,2026-09-01T16:23:00Z,"Job Description Eucloid is looking for a Lead Data Engineer to join our Data Platform team supporting various business applications. The ideal candidate will support development of data infrastructure for our clients by participating in activities which may include starting from up- stream and down-stream technology selection to designing and building of different components. Candidate will also involve in projects like integrating data from various sources, managing big data pipelines that are…",https://www.adzuna.in/land/ad/5864439916?se=bkbN3ja78RG3jpCv9xpWmA&utm_medium=api&utm_source=0fd54924&v=2B52CFE98AC872D40CE4AD16C7E86182B8A61F4D
data analyst,Solution Intelligence Analyst II- Data skills with Banking background,Essex Lake Group LLC,India,,,2026-09-25T15:24:11Z,"Position: Solution Intelligence Analyst II Roles and Responsibilities : SIA II are primarily the Owners and key executors on analytics work stream of a project where they are required to interact with client, collect data, perform analysis with team and prepare implementation blueprints. SIA II would manage the work of BAs ensuring quality and providing direction if needed. They are expected to structure complex problems for the team and drive the analysis in the right direction. They will be c…",https://www.adzuna.in/land/ad/5898129871?se=bkbN3ja78RG3jpCv9xpWmA&utm_medium=api&utm_source=0fd54924&v=7C9087BE7DAEBD0E6FF36F8D168E395098D3FC83
data analyst,Equity Fund Manager,Taurus Mutual Fund,India,,,2026-09-13T17:17:16Z,"As a Fund Manager, you will be responsible for managing investment portfolios, analyzing market trends, and making informed investment decisions. Your role is crucial in driving the performance of the funds under your management, and you will play a key part in maintaining and enhancing client relationships. The ideal candidate has a strong analytical mindset, a deep passion for investing, and is ultra-competitive in a positive team context. Key responsibilities: Develop and implement effective…",https://www.adzuna.in/land/ad/5882589220?se=bkbN3ja78RG3jpCv9xpWmA&utm_medium=api&utm_source=0fd54924&v=EB71A7C715FE183638D321F788FF1052C91E0ADF
data analyst,Data Analyst,,"Thiruvananthapuram, Kerala",,,2024-05-10T07:38:46Z,Immediate requirement for the post of Data Analyst on rotation Shift (Male or Female). Persons only willing to work in both shifts need to apply.careers.coretechgmail.comorplease contact 9.4.nine.6.8.1.5.6.3.0,https://www.adzuna.in/details/4686704238?utm_medium=api&utm_source=0fd54924
data analyst,Data Development platform engineer,eBay,"Bangalore, Karnataka",,,2026-09-17T18:26:24Z,"This job is with eBay, an inclusive employer and a member of myGwork – the largest global platform for the LGBTQ business community. Please do not contact the recruiter directly. At eBay, we're more than a global ecommerce leader - we're changing the way the world shops and sells. Our platform empowers millions of buyers and sellers in more than 190 markets around the world. We're committed to pushing boundaries and leaving our mark as we reinvent the future of ecommerce for enthusiasts. Our cu…",https://www.adzuna.in/land/ad/5887707022?se=bkbN3ja78RG3jpCv9xpWmA&utm_medium=api&utm_source=0fd54924&v=CE59129E556A1BF37D8544792E85F6E61CA32C8B
data analyst,Data Analyst,Acme Services Private Limited,"Bazargate, Mumbai",1000000,2000000,2026-09-21T23:44:50Z,"Job Description: Administer and manage Fabric capacities, workspaces, permissions, and tenant wide settings Define and implement standards, guardrails, and usage models for Fabric in alignment with IT governance Manage access control, data segregation, and role concepts across Fabric workspaces and environments Monitor platform usage, performance, and costs, and proactively optimize capacities and workloads Support integration of Fabric with existing enterprise systems, data sources, and platfo…",https://www.adzuna.in/details/5893057271?utm_medium=api&utm_source=0fd54924
data analyst,Data Analyst,Renesas Electronics,"Bangalore, Karnataka",,,2026-09-22T14:32:07Z,"Job Description Job Purpose & Dimensions Ensure global master data is being maintained on a highest quality level throughout their lifecycle. Define and continuously improve and implement measures, processes and tools to control global master data consistency and enhance existing tools. Core Responsibilities Maintain and govern master data across SCM systems, ensuring data quality, consistency, and compliance with governance standards. Ensure adherence to Master Data Governance (MDG) standards,…",https://www.adzuna.in/details/5893746546?utm_medium=api&utm_source=0fd54924
data analyst,Data Analyst/ Senior Data Analyst,Dynata,"Noida, Ghaziabad",,,2026-07-29T20:47:45Z,"Responsibilities Ability to work on low complexity projects independently (Data Validation, Data Delivery &Tabulation/Data Outputs) Understand client requirement specifications and ensure to deliver them in time Organizing and shaping the data through the internal standards Escalate problems to manager for assistance as needed Experience 2-5 years of work experience in market research or equivalent. Knowledge & Skill Knowledge in Microsoft Office(Excel, Word and powerPoint). Knowledge of SPSS K…",https://www.adzuna.in/details/5819873638?utm_medium=api&utm_source=0fd54924
data analyst,Staff Backend Engineer,Wise,"Hyderabad, Telangana",,,2026-09-12T08:31:36Z,"This job is with Wise, an inclusive employer and a member of myGwork – the largest global platform for the LGBTQ business community. Please do not contact the recruiter directly. Wise is a global technology company, building the best way to move and manage the world’s money. Min fees. Max ease. Full speed. Whether people and businesses are sending money to another country, spending abroad, or making and receiving international payments, Wise is on a mission to make their lives easier and save t…",https://www.adzuna.in/land/ad/5880523767?se=bkbN3ja78RG3jpCv9xpWmA&utm_medium=api&utm_source=0fd54924&v=19D202C3C6F1F5691A8ADF7CC017C85F6D5A9F8E
data analyst,GCP Data Engineer,EliteRecruitments,India,,,2026-09-28T07:38:57Z,"Hiring GCP Data Engineers having 6 years of experience for big4 firm. Location: Bangalore Job Summary: We are seeking a highly skilled Senior Google BigQuery Data Engineer to lead the design, development, and optimization of our data platform. The ideal candidate will have a deep understanding of BigQuery's architecture, capabilities, and best practices, including columnar storage, nested and repeated fields, and separation of compute and storage. A proven track record of delivering complex dat…",https://www.adzuna.in/land/ad/5901136961?se=bkbN3ja78RG3jpCv9xpWmA&utm_medium=api&utm_source=0fd54924&v=839AAF88AA41513C1BCFCF5E27A3C2C43308F510
data analyst,Machine Learning Lead,Zemoso Technologies,"Bangalore, Karnataka",,,2026-09-16T17:23:07Z,"Job Description: Machine Learning Lead About Us Zemoso Technologies is a Software Product Market Fit Studio that brings silicon valley style rapid prototyping and rapid application builds to Entrepreneurs and Corporate innovation. We offer Innovation as a service and work on ideas from scratch and take it to the Product Market Fit stage using Design Thinking -> Lean Execution -> Agile Methodology. We were featured as one of Deloitte Fastest 50 growing tech companies from India thrice (2016, 201…",https://www.adzuna.in/land/ad/5886092306?se=bkbN3ja78RG3jpCv9xpWmA&utm_medium=api&utm_source=0fd54924&v=750028D2865657B7F3DC0A8A9B0AC732262A10D3
data analyst,"Data Science || 2.5 Years || Bangalore, Hyderabad, Gurugram, Mumbai, Kolkata, Chennai",A Client of Neerinfo Solutions,"Bangalore, Karnataka",,,2026-09-25T22:02:56Z,"Senior Analyst – Data Science & Gen AI Experience: 2.5 Years Locations: Bangalore, Hyderabad, Gurugram, Kolkata, Mumbai, Chennai Role: Senior Analyst Employment Type: Full-Time Job Summary We are looking for a Senior Analyst – Data Science & Gen AI with 2.5 years of experience in Data Science, Machine Learning, Generative AI, LLMs, and NLP . The ideal candidate should have strong hands-on experience in Python and SQL , along with exposure to cloud technologies such as Azure, AWS, or GCP . Key R…",https://www.adzuna.in/land/ad/5898533963?se=bkbN3ja78RG3jpCv9xpWmA&utm_medium=api&utm_source=0fd54924&v=1292C2B978E0423422E33D6AE758BF2052227EC6
data analyst,Data Analyst,Digital Twin,"Pune, Maharashtra",,,2026-05-21T02:12:34Z,"Job Summary - Data Analyst We are looking to hire a data analyst to join our enterprise customer solutions team. As a Data Analyst, one will take responsibility for developing reports, and troubleshooting data issues. To do well in this role you need attention to detail, past experience as a data analyst, and a deep understanding of the popular data analysis tools and databases. Data Analyst Responsibilities: ● Commissioning and decommissioning of data sets. ● Processing confidential data and i…",https://www.adzuna.in/details/5735463452?utm_medium=api&utm_source=0fd54924
data analyst,Data Analyst,SveltetechTechnologies Pvt Ltd,"Delhi, India",0,300000,2021-02-15T04:27:43Z,"Data Analyst Job Duties Data analyst responsibilities include conducting full lifecycle analysis to include requirements, activities and design. Data analysts will develop analysis and reporting capabilities. They will also monitor performance and quality control plans to identify improvements. Responsibilities Interpret data, analyze results using statistical techniques and provide ongoing reports Develop and implement databases, data collection systems, data analytics and other strategies tha…",https://www.adzuna.in/details/1993882092?utm_medium=api&utm_source=0fd54924
data analyst,Data Analyst,Reliance Games,"Pune, Maharashtra",,,2026-09-03T08:01:51Z,"Develop complex queries and procedures to extract data for game analytics. Create dashboards on a daily basis handling multiple games simultaneously. Present the insights and findings to key stakeholders. Work closely with Product Managers to identify analytical questions. Work independently on the assigned tasks. Assist in development of processes to automate data analysis. Learn and adapt to new methods, tools and technologies. Relevant experience in SQL Querying, Data Analysis using Microsof…",https://www.adzuna.in/details/5868120206?utm_medium=api&utm_source=0fd54924
data analyst,Data Analyst,Qrata,"Delhi, India",1000000,1200000,2024-01-07T15:08:07Z,"Job Title: Data Analyst Job Brief: The successful candidate will turn data into information, information into insight and insight into business decisions. Data Analyst Job Duties Data analyst responsibilities include conducting full lifecycle analysis to include requirements, activities and design. Data analysts will develop analysis and reporting capabilities. They will also monitor performance and quality control plans to identify improvements. About Us We began in 2015 with an entrepreneuria…",https://www.adzuna.in/details/4514376622?utm_medium=api&utm_source=0fd54924
data analyst,Data Analyst,Amicus Therapeutics,"Bangalore, Karnataka",,,2025-04-16T01:41:37Z,"Position Description Data Analyst Location: Remote/Bangalore Amicus Therapeutics is a global, patient-dedicated biotechnology company focused on discovering, developing and delivering high-quality medicines for people living with rare metabolic diseases. Position Summary Data analyst responsibilities include conducting full lifecycle analysis to include requirements, activities and design. Data analysts will develop analysis and reporting capabilities. They will also monitor performance and qua…",https://www.adzuna.in/details/5146507084?utm_medium=api&utm_source=0fd54924
data analyst,Data Analyst,Amicus India,"Bangalore, Karnataka",,,2026-05-30T02:27:15Z,"Data Analyst Location: Remote/Bangalore Amicus Therapeutics is a global, patient-dedicated biotechnology company focused on discovering, developing, and delivering high-quality medicines for people living with rare metabolic diseases. Position Summary Data analyst responsibilities include conducting full lifecycle analysis to include requirements, activities and design. Data analysts will develop analysis and reporting capabilities. They will also monitor performance and quality control plans t…",https://www.adzuna.in/details/5744868780?utm_medium=api&utm_source=0fd54924
data analyst,Data Analyst,TechnoGen,"Hyderabad, Telangana",,,2026-08-21T07:38:38Z,"Bachelor's degree or equivalent in Information Technology, Computer Science, CIS, Engineering, or Math 5 year's proven working experience as a data analyst or business data analyst 3 years' Experience with BI Solutions (Micro Strategy, Looker, Tableau), databases (SQL), programming (Python, XML, JavaScript, or ETL frameworks) Technical experience regarding data models, database design development, data mining and segmentation techniques Knowledge of statistics and experience analyzing datasets …",https://www.adzuna.in/details/5850375334?utm_medium=api&utm_source=0fd54924
data analyst,Data Analyst,Qrata,"Delhi, India",800000,1300000,2024-01-07T15:07:49Z,"Job Title Data Analyst Job Brief The successful candidate will turn data into information, information into insight and insight into business decisions. Data Analyst Job Duties Data analyst responsibilities include conducting full lifecycle analysis to include requirements, activities and design. Data analysts will develop analysis and reporting capabilities. They will also monitor performance and quality control plans to identify improvements. Responsibilities ● Interpret data, analyze results…",https://www.adzuna.in/details/4514376189?utm_medium=api&utm_source=0fd54924
data analyst,Data analyst,RECEX,"Kolkata, West Bengal",2880000,3600000,2026-05-14T02:27:02Z,"Job Description: Job Title: Data Analyst Job Description: We are looking for a skilled Data Analyst to collect, analyze, and interpret large datasets to help drive business decisions. The ideal candidate will have strong analytical skills, attention to detail, and experience with data visualization tools. Key Responsibilities: Analyze data to identify trends and insights. Create dashboards and reports for internal stakeholders. Collaborate with teams to understand data needs. Ensure data accura…",https://www.adzuna.in/details/5728436260?utm_medium=api&utm_source=0fd54924
data analyst,Data Analyst,Fatakpay,India,800000,1500000,2024-12-07T13:03:54Z,"Job Title : Data Analyst-Fintech Job Description : We are seeking a highly motivated and detail-oriented Data Analyst with 2 to 4 years of work experience to join our team. The ideal candidate will have a strong analytical mindset, excellent problem-solving skills, and a passion for transforming data into actionable insights. In this role, you will play a pivotal role in gathering, analyzing, and interpreting data to support informed decision-making and drive business growth. Key Responsibiliti…",https://www.adzuna.in/details/4966721625?utm_medium=api&utm_source=0fd54924
data analyst,Data Analyst,RECEX,"Vasai, Thane",300000,500000,2026-05-27T02:25:11Z,"Job Description: *]:pointer-events-auto R6Vx5W_threadScrollVars scroll-mb-[calc(var(scroll-root-safe-area-inset-bottom,0px)var(thread-response-height))] scroll-mt-[calc(var(header-height)min(200px,max(70px,20svh)))]"" data-scroll-anchor=""false"" data-testid=""conversation-turn-2"" data-turn=""assistant"" data-turn-id=""request-WEB:a09f2817-6254-4ccc-9fb6-39e39dbcb8e3-0"" data-turn-id-container=""request-WEB:a09f2817-6254-4ccc-9fb6-39e39dbcb8e3-0"" dir=""auto""> Job Description – Data Analyst Position: Data…",https://www.adzuna.in/details/5741536696?utm_medium=api&utm_source=0fd54924
data analyst,Data Analyst,Malaysian Global Innovation and Creativity Centre,India,500000,1000000,2019-06-05T21:12:29Z,"MaGIC Technology and Product team is looking for a data analyst to help expand and improve data on startups, investors, and founders in the ASEAN region. As part of the data team on our Startup Database product, you will assist in maintaining the accuracy of information on startups and investors, and continuously update our repository with latest publicly available data on the same. The job offers a high degree of autonomy and will also see you playing a leading role in the analysis of the data…",https://www.adzuna.in/details/1171509680?utm_medium=api&utm_source=0fd54924
data analyst,Data Analyst,Precision Medicine Group,India,,,2026-08-19T20:39:55Z,"The Data Analyst supports client business processes and operations activities to ensure on-time and high-quality deliverables. Data Analyst combines best-in-class operational and analytic skills with strong problem-solving and communication abilities to projects, solving operational and analytical business problems. You will collaborate with and work closely with Senior Data Analyst & Operations Delivery Lead to deliver operational items. Essential functions of the job include but are not limit…",https://www.adzuna.in/details/5848337096?utm_medium=api&utm_source=0fd54924
data analyst,Data Analyst,Namaste Credit,"Bangalore, Karnataka",500000,1000000,2020-09-19T01:45:32Z,"About the Role The following Job Specification is intended to reflect the nature, range and context of the work. It identifies the main requirements of the job but is not an exhaustive list of duties. The Data Analyst role is a vital role as to be a sole point of contact responsible for closely working with various teams internally and closely working with the CTO. This role typically requires the resource to analyse the vast number of datasets and provide a meaningful impact and the result of …",https://www.adzuna.in/details/1712428599?utm_medium=api&utm_source=0fd54924
data analyst,Data Analyst,NAVVYASA CONSULTING PRIVATE LIMITED,India,,,2025-11-20T00:58:08Z,"About the Role We are looking for a highly skilled Data Analyst or Data Scientist with strong expertise in Python and SQL to join our client’s team. The primary responsibility will be to automate data-driven workflows and processes based on detailed business steps provided by the Product and Business teams. The ideal candidate will bridge the gap between analytics, process understanding, and automation execution. Key Responsibilities ● Collaborate with the Business and Product teams to understa…",https://www.adzuna.in/details/5503836577?utm_medium=api&utm_source=0fd54924
data analyst,Data Analyst,Whisk Software Private Limited,"Pune, Maharashtra",,,2026-08-07T07:26:13Z,"Expert knowledge of one or more reporting platforms (Tableau, Business Objects, etc.) Expert in constructing and optimizing complex SQL queries across large volumes of data Expert knowledge of one or more data quality management platforms (Informatica IDQ / CDQ, Ataccama, Information Builders) and using that platform to conduct data discovery and analysis Strong analytical skills and an understanding of the appropriate statistical techniques to use under different circumstances Experience desig…",https://www.adzuna.in/details/5831395731?utm_medium=api&utm_source=0fd54924
data analyst,Data Analyst,MedTourEasy,India,600000,600000,2026-09-18T21:52:19Z,"Company Overview MedTourEasy, a global healthcare company, provides you the informational resources needed to evaluate your global options. MedTourEasy provides analytical solutions to our partner healthcare providers globally. Job Title Data Analyst Job Location Bengaluru, India Gurgaon, India New Delhi, India Noida, India Years of Experience 0-5 years Job Description As a Data Analyst at Medtoureasy, you will play a crucial role in analyzing and interpreting complex data sets to help drive st…",https://www.adzuna.in/details/5889560006?utm_medium=api&utm_source=0fd54924
data analyst,Data Analyst,Intelliatx Therapeutics,"Bangalore, Karnataka",,,2025-11-19T22:19:09Z,"Data Analyst – Job Decription Connecting people with each other and the right information is mission critical. Our Company develops innovative cloud-based technology to make it easier, more effective and more efficient to make the right connections. Our solutions put people in sync with each other and the right information, so they gain the insight needed to reach better decisions on the issues that matter most. We do it with a laser focus on reliability. The Company is a leading provider of te…",https://www.adzuna.in/details/5503284671?utm_medium=api&utm_source=0fd54924
data analyst,Data Analyst,Cornerstone OnDemand,"Pune, Maharashtra",,,2026-09-09T21:36:43Z,"We're looking for a Data Analyst This role is Office Based, Pune Office Data Analyst – Enterprise Data Management Location: Hyderabad, India About the Role: We are seeking an experienced Data Analyst to join our Enterprise Data Management team , with a core focus on Data Quality, Data Governance, and Master Data Management (MDM). In this role, you will be responsible for analyzing, profiling, and enhancing data within critical enterprise applications, including Salesforce, Oracle ERP, and Marke…",https://www.adzuna.in/details/5877293479?utm_medium=api&utm_source=0fd54924
data analyst,Data Analyst,Reality Premedia Services Pvt Ltd,"Pune, Maharashtra",0,800000,2021-09-29T05:01:45Z,"We at Reality Premedia pvt ltd is looking for Data Analyst for Pune location. Must have experience in BFSC domain. Exp- Min 3yrs Location- Pune Mandatory Skills- Exp in powerBI/Tableau, SQL Basic Python Skills:- Tableau, PowerBI and Data Analytics",https://www.adzuna.in/details/2500155500?utm_medium=api&utm_source=0fd54924
data analyst,Data Analyst,Equitas Small Finance Bank,India,,,2026-07-28T20:53:05Z,"We are looking for a detail-oriented and analytical Data Analyst to join our team. In this role, you will collect, clean, and interpret complex datasets to help leadership and cross-functional teams understand market trends, optimize operations, and solve business challenges. [ 1 , 2 , 3 ]",https://www.adzuna.in/details/5818423330?utm_medium=api&utm_source=0fd54924
data analyst,Data Analyst,Equitas Small Finance Bank,India,,,2026-09-12T21:25:52Z,"We are seeking a detail-oriented and analytical Data Analyst to support the Marketing team by transforming data into actionable insights. The ideal candidate will analyze customer behavior, campaign performance, market trends, and digital marketing metrics to help drive data-based decision-making and optimize marketing effectiveness.",https://www.adzuna.in/details/5881144421?utm_medium=api&utm_source=0fd54924
data analyst,Data Analyst,RegisterKaro,India,400000,1000000,2025-01-01T11:53:10Z,"Job Description: Data Analyst Position: Data Analyst Location: Gurgaon Experience Level: 1-3 Years Employment Type: Full-Time Role Overview We are looking for a results-driven Data Analyst to join our team and support business decision-making through data insights and analytics. The ideal candidate will be highly proficient in Python, skilled in data visualization tools, and experienced in solving complex problems to drive measurable business outcomes such as revenue growth or cost reduction. K…",https://www.adzuna.in/details/4993547435?utm_medium=api&utm_source=0fd54924
data analyst,Data Analyst,Gravity Engineering Services Pvt Ltd,"Bangalore, Karnataka",800000,2000000,2026-09-22T16:13:39Z,"We're hiring a Data Analyst to turn raw data into clear, actionable insight. You'll partner with product, sales, marketing, and operations teams to answer their most important questions with data — building dashboards, running deep-dive analyses, and defining the metrics the business runs on. The ideal candidate is fluent in SQL, comfortable wrangling messy datasets, and just as strong at telling the story behind the numbers as they are at producing them. You'll own the accuracy and trustworthi…",https://www.adzuna.in/details/5893825602?utm_medium=api&utm_source=0fd54924
data analyst,Data Analyst,Apex 2000,"Bangalore, Karnataka",,,2026-08-25T07:43:27Z,"We are seeking a meticulous and analytical Data Analyst to manage master data, ensure data quality, and support reporting and analysis initiatives. You will be responsible for overseeing the reporting environment, identifying and revising reporting requirements, and providing technical expertise in data management. This role involves working with confidential data, training end-users, and contributing to data integrity efforts. Roles & Responsibilities: Manage master data, including its creatio…",https://www.adzuna.in/details/5854880422?utm_medium=api&utm_source=0fd54924
data analyst,Data Analyst,Sagility,India,,,2025-12-07T22:44:33Z,"Sagility combines industry-leading technology and transformation-driven BPM services with decades of healthcare domain expertise to help clients draw closer to their members. The company optimizes the entire member/patient experience through service offerings for clinical, case management, member engagement, provider solutions, payment integrity, claims cost containment, and analytics. Sagility has more than 25,000 employees across 5 countries. ""To conduct data analysis, provide insights, and c…",https://www.adzuna.in/details/5532438214?utm_medium=api&utm_source=0fd54924
data analyst,Data Analyst,Ecolab,India,,,2026-09-13T21:42:16Z,"At Ecolab, you can help take on some of the world’s most meaningful challenges, delivering critical insights and innovative solutions to help our customers achieve clean water, safe food, abundant energy and healthy environments. With our worldwide reach and ambitious growth plans, you will have the opportunity to own your future and impact what matters. Are you ready to make an impact? Ecolab is searching for a driven Data Analyst for our Enterprise Growth Operations Team in Pune, India . The …",https://www.adzuna.in/details/5882775660?utm_medium=api&utm_source=0fd54924
data analyst,Data Analyst,Indium Software,India,250000,800000,2021-06-12T12:42:07Z,"The Data Analyst in the CoE will provide end to end solution development, working in conjunction with the Domain Leads and Technology Partners. He is responsible for the delivery of solutions and solution changes which are driven by the business requirements as well as providing technical and development capabilities. Knowledge Skills:- Apache Synapse, SQL, SAP MDG ( Master Data Governance), Python and Data Analytics",https://www.adzuna.in/details/2247134476?utm_medium=api&utm_source=0fd54924
data analyst,Data Analyst,Cornerstone onDemand,"Pune, Maharashtra",,,2026-09-09T11:07:12Z,"Data Analyst - Enterprise Data Management Location: Hyderabad, India About the Role: We are seeking an experienced Data Analyst to join our Enterprise Data Management team, with a core focus on Data Quality, Data Governance, and Master Data Management (MDM). In this role, you will be responsible for analyzing, profiling, and enhancing data within critical enterprise applications, including Salesforce, Oracle ERP, and Marketo. A key part of your responsibilities involves establishing and maintai…",https://www.adzuna.in/details/5876718085?utm_medium=api&utm_source=0fd54924
data analyst,Data Analyst,Cornerstone onDemand,"Hyderabad, Telangana",,,2026-09-09T11:07:12Z,"Data Analyst - Enterprise Data Management Location: Hyderabad, India About the Role: We are seeking an experienced Data Analyst to join our Enterprise Data Management team, with a core focus on Data Quality, Data Governance, and Master Data Management (MDM). In this role, you will be responsible for analyzing, profiling, and enhancing data within critical enterprise applications, including Salesforce, Oracle ERP, and Marketo. A key part of your responsibilities involves establishing and maintai…",https://www.adzuna.in/details/5876718084?utm_medium=api&utm_source=0fd54924
data analyst,Data Analyst,EWU,"Coimbatore, Tamil Nadu",400000,700000,2025-08-04T05:33:07Z,"We’re seeking a detail-oriented Data Analyst with proven experience in corporate settings to transform raw data into actionable insights. You’ll collaborate across departments to support strategic decision-making, optimize operations, and enhance business performance through data-driven analysis. Skills:- PowerBI, Tableau, Data Analytics, Dashboard, MS-Office, Data Visualization and Advanced analytics",https://www.adzuna.in/details/5336689191?utm_medium=api&utm_source=0fd54924
data analyst,Data Analyst,Milestone Online Technology,"Ahmedabad, Gujarat",,,2026-08-08T07:31:06Z,"Job description Need Data Analysts with good understanding of Python (pandas), Excel, tools like Tableau and Power BI. BTech (CS/IT/EC/EE), MBA, MTech, MCA, BCA, BSc, MSc freshers from 2024, 2023, 2022, 2021 should apply. Candidate should know Data Analytics. Skills: Power Bi, Sql, Python Experience: 0.00-1.00 Years",https://www.adzuna.in/details/5832798180?utm_medium=api&utm_source=0fd54924
data analyst,Data Analyst,Milestone Online Technology,"Bangalore, Karnataka",,,2026-08-08T07:31:05Z,"Job description Need Data Analysts with good understanding of Python (pandas), Excel, tools like Tableau and Power BI. BTech (CS/IT/EC/EE), MBA, MTech, MCA, BCA, BSc, MSc freshers from 2024, 2023, 2022, 2021 should apply. Candidate should know Data Analytics. Skills: Power Bi, Sql, Python Experience: 0.00-1.00 Years",https://www.adzuna.in/details/5832798159?utm_medium=api&utm_source=0fd54924
data analyst,Data Analyst,Milestone Online Technology,"Gurgaon, Haryana",,,2026-08-08T07:31:06Z,"Job description Need Data Analysts with good understanding of Python (pandas), Excel, tools like Tableau and Power BI. BTech (CS/IT/EC/EE), MBA, MTech, MCA, BCA, BSc, MSc freshers from 2024, 2023, 2022, 2021 should apply. Candidate should know Data Analytics. Skills: Power Bi, Sql, Python Experience: 0.00-1.00 Years",https://www.adzuna.in/details/5832798167?utm_medium=api&utm_source=0fd54924
data analyst,Data Analyst,Milestone Online Technology,"Lucknow, Uttar Pradesh",,,2026-08-08T07:31:07Z,"Job description Need Data Analysts with good understanding of Python (pandas), Excel, tools like Tableau and Power BI. BTech (CS/IT/EC/EE), MBA, MTech, MCA, BCA, BSc, MSc freshers from 2024, 2023, 2022, 2021 should apply. Candidate should know Data Analytics. Skills: Power Bi, Sql, Python Experience: 0.00-1.00 Years",https://www.adzuna.in/details/5832798187?utm_medium=api&utm_source=0fd54924
data analyst,Data Analyst,Milestone Online Technology,"Patna, Bihar",,,2026-08-08T07:31:06Z,"Job description Need Data Analysts with good understanding of Python (pandas), Excel, tools like Tableau and Power BI. BTech (CS/IT/EC/EE), MBA, MTech, MCA, BCA, BSc, MSc freshers from 2024, 2023, 2022, 2021 should apply. Candidate should know Data Analytics. Skills: Power Bi, Sql, Python Experience: 0.00-1.00 Years",https://www.adzuna.in/details/5832798181?utm_medium=api&utm_source=0fd54924
data analyst,Data Analyst,Milestone Online Technology,"Kolkata, West Bengal",,,2026-08-08T07:31:05Z,"Job description Need Data Analysts with good understanding of Python (pandas), Excel, tools like Tableau and Power BI. BTech (CS/IT/EC/EE), MBA, MTech, MCA, BCA, BSc, MSc freshers from 2024, 2023, 2022, 2021 should apply. Candidate should know Data Analytics. Skills: Power Bi, Sql, Python Experience: 0.00-1.00 Years",https://www.adzuna.in/details/5832798158?utm_medium=api&utm_source=0fd54924
data analyst,data analyst,Epik Solutions,India,50000,700000,2024-09-07T11:25:36Z,"Job Title: Data Analyst Location: Permanent Work from Home Job Type: Full-Time Job Description: We are seeking a highly motivated and skilled Data Analyst to join our team. The ideal candidate will have a strong background in data analysis, incident management, and real-time data reporting. The role demands exceptional communication skills, both written and spoken, as well as the ability to work flexible shifts to support our global operations. Key Responsibilities: - Perform data analysis to i…",https://www.adzuna.in/details/4855397054?utm_medium=api&utm_source=0fd54924
data analyst,Data Analyst,Multi Recruit,"Bangalore, Karnataka",1200000,1400000,2022-01-30T04:34:26Z,"We are looking for a Business Intelligence (BI)/Data Analyst to create and manage Power Bl and analytics solutions that turn data into knowledge. In this role, you should have a background in data and business analysis. If you are self-directed, passionate about data, and have business acumen and problem-solving aptitude, we'd like to meet you. Ultimately, you will enhance our business intelligence system to help us make better decisions. Requirements and Qualifications BSc/BA in Computer Scien…",https://www.adzuna.in/details/2853927974?utm_medium=api&utm_source=0fd54924
data analyst,Data Analyst,Mantras2Success,"Ahmedabad, Gujarat",500000,900000,2026-05-13T02:04:45Z,"Job Description: Role Overview: We are looking for a detail-oriented Data Analyst who can convert complex data into meaningful insights that help drive business decisions. The ideal candidate should have strong expertise in SQL, Python, and data visualisation tools and experience working with large datasets. Key Responsibilities: Collect, clean, and analyse large datasets to identify trends and patterns. Write complex SQL and MongoDB queries to extract and manipulate data. Build dashboards and …",https://www.adzuna.in/details/5727143467?utm_medium=api&utm_source=0fd54924
data analyst,Data Analyst,MSMEx,"Mumbai, Maharashtra",0,1200000,2021-09-05T02:42:02Z,We are looking for a Data Analyst that oversees organisational data analytics. This will require you to design and help implement the data analytics platform that will keep the organisation running. The team will be the go-to for all data needs for the app and we are looking for a self-starter who is hands on and yet able to abstract problems and anticipate data requirements. This person should be very strong technical data analyst who can design and implement data systems on his own. Along wit…,https://www.adzuna.in/details/2433361449?utm_medium=api&utm_source=0fd54924
data analyst,Data Analyst,Syrencloud,"Hyderabad, Telangana",0,800000,2021-09-11T02:17:17Z,"Our growing technology firm is looking for an experienced Data Analyst who is able to turn project requirements into custom-formatted data reports. The ideal candidate for this position is able to do complete life cycle data generation and outline critical information for each Project Manager. We also need someone who is able to analyze business procedures and recommend specific types of data that can be used to improve upon them. Skills:- SQL, SAP and Data Analytics",https://www.adzuna.in/details/2449398766?utm_medium=api&utm_source=0fd54924
data analyst,Data Analyst,RECEX,"Delhi, India",400000,480000,2026-05-14T02:27:43Z,"Job Description: We are seeking a skilled Data Analyst with expertise in Power BI to design and maintain interactive dashboards, analyze complex datasets, and deliver actionable insights. The ideal candidate will have experience in data visualization, report creation, and performance analysis. Strong proficiency in Power BI, SQL, and Excel is essential. The role requires excellent problem-solving abilities, attention to detail, and effective communication to present data findings to stakeholder…",https://www.adzuna.in/details/5728445327?utm_medium=api&utm_source=0fd54924
data analyst,Data Analyst,Umberto Ceramics International Private Limited,India,500000,600000,2026-08-26T10:41:26Z,"Data Analyst We are seeking a Data Analyst to join Ariane Fine Porcelain's operations team. This role centers on extracting, transforming and analyzing data from ERP systems to support production, inventory, quality and finance functions within a ceramics manufacturing environment. The successful candidate will combine domain knowledge of manufacturing with technical ERP and analytics expertise to enable data-driven decisions, improve process efficiency and support ERP optimizations. Responsibi…",https://www.adzuna.in/details/5856408833?utm_medium=api&utm_source=0fd54924
data analyst,Data Analyst,Fragma Data Systems,India,600000,800000,2022-02-12T04:45:18Z,"Good grasp and hands-on exposure to SQL, Hive. Good to have- Azure cloud, Spark sql. 1. Will be the point of contact for reporting/data management needs and will be responsible to drive complex data analysis and propose improvement opportunities in existing tools and reports. 2. The Data Analyst will be responsible to establish best practices in data management, data visualization, and report distribution. 3. Understanding requirements and converting into technical and business delivers. 4. Lev…",https://www.adzuna.in/details/2890608757?utm_medium=api&utm_source=0fd54924
data analyst,Data Analyst,,"Vadodara, Gujarat",,,2024-05-10T07:38:51Z,"We are Hiring for ( Data Analyst ) ( Desired Candidate Profile: Checking ) Analysis and entering data in databases working in a Emergency Control Room and working on Logistics Portal Interface and GPS, Good Communication skill (Hindi & English) Employee Condition:- · Job Location is Vadodara · Girls only work in ‘A’ and ‘B’ Shift · Bond Period is 1 Years and breach to which is strictly not allowed. Special Request / Permissions shall be reviewed for by higher management is case of relieving · R…",https://www.adzuna.in/details/4686704927?utm_medium=api&utm_source=0fd54924
data analyst,Data Analyst,3i Infotech Limited,"Navi Mumbai, Maharashtra",,,2026-09-10T07:36:32Z,"Manage HRIS, ensure data accuracy, and streamline HR processes. Analyze HR data (performance, turnover, recruitment) and provide insights. Develop HR reports and dashboards for decision-making. Assist in workforce planning and compensation analysis. Evaluate employee engagement, retention, and recruitment effectiveness. Ensure HR compliance and mitigate risks. Support training evaluation and strategic HR initiatives. Skills: Proficient in data analysis (Excel, SQL, R, Python), HRIS, and data vi…",https://www.adzuna.in/details/5877842241?utm_medium=api&utm_source=0fd54924
data analyst,Data analyst,Sadup Softech,"Bangalore, Karnataka",1200000,1500000,2024-06-01T09:41:50Z,"Must have skills 3 to 6 years Data Science SQL, Excel, Big Query - mandate 3 years Python/ML, Hadoop, Spark - 2 years Requirements • 3 years prior experience as a data analyst • Detail oriented, structural thinking and analytical mindset. • Proven analytic skills, including data analysis and data validation. • Technical writing experience in relevant areas, including queries, reports, and presentations. • Strong SQL and Excel skills with the ability to learn other analytic tools • Good communic…",https://www.adzuna.in/details/4715697356?utm_medium=api&utm_source=0fd54924
data analyst,Data Analyst,Jetking Technologies Private Limited,"Noida, Ghaziabad",20000,25000,2026-07-15T10:21:31Z,"Job Description– Data Analyst Qualification: Bachelor's degree in Computer Science, Statistics, Mathematics, or related field Location: Noida sector 127 Experience: • 1–3 years • Proficiency in MS Excel (pivot tables, VLOOKUP, formulas) • Basicknowledge of SQLfor data querying • Familiarity with data visualization tools (Power BI/Tableau)– preferred • Stronganalytical and problem-solving skills • Goodcommunicationskills Roles and Responsibilities: • Collect, clean, and organize data from multip…",https://www.adzuna.in/details/5800765376?utm_medium=api&utm_source=0fd54924
data analyst,Data Analyst,Multi Recruit,"Bangalore, Karnataka",500000,1500000,2021-08-24T22:37:13Z,Measure the sales effectiveness efforts using data science/app/digital nudges. Should be able to work on the clickstream data Should be well versed and willing to work hands-on various Machine Learning techniques Skills Ability to lead a team of 5-6 members. Ability to work with large data sets and present conclusions to key stakeholders. Develop a clear understanding of the client’s business issue to inform the best approach to the problem. Root-cause analysis Define data requirements for crea…,https://www.adzuna.in/details/2403881225?utm_medium=api&utm_source=0fd54924
data analyst,Data Analyst,Wissen Technology,"Bangalore, Karnataka",,,2026-03-28T11:28:26Z,"Role- Data Analyst Experience- 2 to 5 years Location-Bangalore Job Role- ● Experience: Minimum of 2 years of professional experience in a data-heavy environment (E-commerce or Fintech experience is a plus). ● SQL Mastery: Exceptional ability to write complex joins, window functions, Analytical functions, and CTEs. Experience with high-scale databases (e.g., BigQuery, Hive, or Postgres). ● Scripting: Functional knowledge of Python for data manipulation (Pandas, NumPy) and basic automation script…",https://www.adzuna.in/details/5681009000?utm_medium=api&utm_source=0fd54924
data analyst,Data Analyst,Square Yards,"Gurgaon, Haryana",,,2026-08-27T07:40:46Z,"Candidate with 2 Years of experience in Google Analytics and BI Should have working experience into Tableau and Power BI Job Description : Work requires ability to deliver complex reports via Google Analytics, previous experience with Google Analytics Experience with creating automated reports via Tableau and Power BI Practical experience with at least two business insights platforms such as: Domo, Tableau, QlikView, Data Studio, Sisense, PowerBI Experience with Google tag management solutions …",https://www.adzuna.in/details/5857746715?utm_medium=api&utm_source=0fd54924
data analyst,Data Analyst,Graphene Services Pte Ltd,"Bangalore, Karnataka",,,2021-10-13T05:52:44Z,"About Graphene Graphene is a Singapore Head quartered AI company which has been recognized as Singapore’s Best Start Up By Switzerland’s Seedstarsworld, and also been awarded as best AI platform for healthcare in Vivatech Paris. Graphene India is also a member of the exclusive NASSCOM Deeptech club. We are developing an AI plaform which is disrupting and replacing traditional Market Research with unbiased insights with a focus on healthcare, consumer goods and financial services. Graphene was f…",https://www.adzuna.in/details/2539490267?utm_medium=api&utm_source=0fd54924
data analyst,Data Analyst,EXL,"Pune, Maharashtra",,,2026-07-25T03:27:49Z,"Description Must-Have: ● 4 / 5 years of professional experience as a Data Analyst with good decision-making, analytical and problem-solving skills. ● SQL, Pyspark, Python with Banking Domain knowledge - Credit & Lending. Working knowledge / experience of Big Data frameworks like Hadoop, Hive and Spark. ● Hands-on experience in query languages like HQL or SQL (Spark SQL) for Data exploration. ● Data mapping: Determine the data mapping required to join multiple data sets together across multiple …",https://www.adzuna.in/details/5814494533?utm_medium=api&utm_source=0fd54924
data analyst,Data Analyst,Aon,"Bangalore, Karnataka",,,2026-08-30T07:40:00Z,"Job Title - Data Analyst Position type - Full Time Work Location - Bangalore, Noida, Gurgaon Working style - Hybrid Cab Facility - Yes Shift Time - 10am-7pm IST People Manager role No Required education and certifications critical for the role Bachelors or Masters degree in Computer Science, Engineering, or a related field Required years of experience 7-10 years experience in relevant field AON IS IN THE BUSINESS OF BETTER DECISIONS At Aon, we shape decisions for the better to protect and enric…",https://www.adzuna.in/details/5861793858?utm_medium=api&utm_source=0fd54924
data analyst,Data Analyst,Highfly Sourcing,India,1500000,2500000,2025-12-20T11:07:17Z,"We are seeking a motivated Data Analyst to support business operations by analyzing data, preparing reports, and delivering meaningful insights. The ideal candidate should be comfortable working with data, identifying patterns, and presenting findings in a clear and actionable way. Key Responsibilities: Collect, clean, and organize data from internal and external sources Analyze large datasets to identify trends, patterns, and opportunities Prepare regular and ad-hoc reports for business stakeh…",https://www.adzuna.in/details/5549594782?utm_medium=api&utm_source=0fd54924
data analyst,Data Analyst,Hunarstreet Technologies Pvt Ltd,"Vadodara, Gujarat",600000,800000,2026-01-28T11:24:00Z,"Job Overview As a Profile Data Setup Analyst, you will play a key role in configuring, analysing, and managing product data for our customers. You will work closely with internal teams and clients to ensure accurate, optimized, and timely data setup in Windowmaker software. This role is perfect for someone who enjoys problem-solving, working with data, and continuously learning. Key Responsibilities • Understand customer product configurations and translate them into structured data using Windo…",https://www.adzuna.in/details/5602825903?utm_medium=api&utm_source=0fd54924
data analyst,Data Analyst,FAI,India,,,2026-09-10T21:25:22Z,"Company Summary First American (India) is a GCC (Global Capability Center) of the First American Financial Corporation (NYSE: FAF) family of companies. FAI is a proud member of the FORTUNE 500 companies and has been amongst the Fortune 100 Best Companies to Work For® list for eight consecutive years. First American Financial Corporation provides comprehensive title insurance, closing/settlement, property data and technology solutions. First American (India) creates quality solutions for its cus…",https://www.adzuna.in/details/5878672346?utm_medium=api&utm_source=0fd54924
data analyst,Data Analyst,Ecolab,India,,,2026-06-19T02:45:54Z,"Job Characteristics: Demonstrates use and application of data analysis principles to examine data systems and determine relationships and meaning of data, as it relates to business and system technical processes, and document accordingly. The employee should demonstrate mastering of skills in at least two of the following data analysis areas: SQL language usage, data governance and security practices, ELT/ETL strategy, quality-of-data evaluation and assessment, and data requirements generation …",https://www.adzuna.in/details/5768623778?utm_medium=api&utm_source=0fd54924
data analyst,Data Analyst,Uniabroad,India,500000,2500000,2026-09-26T16:20:45Z,"We are looking for a detail-oriented and analytical Data Analyst to join our team. The ideal candidate will be responsible for collecting, analyzing, and interpreting data to identify trends, generate insights, and support business decision-making. The candidate should be comfortable working with large datasets, creating reports and dashboards, and communicating findings clearly to business stakeholders. Key Responsibilities Collect, clean, organize, and analyze data from multiple sources. Iden…",https://www.adzuna.in/details/5899555543?utm_medium=api&utm_source=0fd54924
data analyst,Data Analyst,Cytiva Life Science,"Bangalore, Karnataka",,,2026-04-22T01:59:28Z,"Be part of something altogether life-changing Working at Cytiva in the Life Sciences industry means being at the forefront of providing new solutions to transform human health. Our incredible customers undertake life-saving activities ranging from fundamental biological research to developing innovative vaccines, new medicines, and cell and gene therapies. At Cytiva you will be able to continuously improve yourself and us – working on challenges that truly matter with people that care for each …",https://www.adzuna.in/details/5706462425?utm_medium=api&utm_source=0fd54924
data analyst,Data Analyst,Jobdost,"Bangalore, Karnataka",0,500000,2023-10-02T13:22:30Z,"About the role: We are looking for a motivated data analyst with sound experience in handling web/ digital analytics, to join us as part of the Kapiva D2C Business Team. This team is primarily responsible for driving sales and customer engagement on our website. This channel has grown 5x in revenue over the last 12 months and is poised to grow another 5x over the next six. It represents a high-growth, important part of our overall e-commerce growth strategy. The mandate here is to run an end-to…",https://www.adzuna.in/details/4344578568?utm_medium=api&utm_source=0fd54924
data analyst,Data Analyst,Straatix Partners,"Bangalore, Karnataka",2500000,3500000,2026-08-22T16:04:47Z,"CAP-190 : Senior Data Analyst  Location : Bangalore / Hyderabad / Chennai / Pune / NCR  Experience : 7 - 15 Years  Job Code : CAP-190  Work Type : Hybrid - 3 Days in a Week About the Client (CODE: CAP) CAP operates at the forefront of the financial services industry, providing consulting, technology, and digital transformation solutions to leading organizations worldwide. With a focus on innovation, CAP empowers clients to navigate complex regulatory landscapes, optimize operations, and drive b…",https://www.adzuna.in/details/5852342307?utm_medium=api&utm_source=0fd54924
data analyst,Data Analyst,Purview India Consulting And Services Llp,"Pune, Maharashtra",,,2026-08-25T07:40:46Z,"We are actively seeking a Hand on Data Analyst who possesses excellent organizational and planning skills, along with a proven ability to handle multiple tasks in a fast-paced environment. We are looking for someone who is highly motivated and self-driven, capable of working independently with minimal guidance or supervision. The ideal candidate will have a strong analytical mindset, utilizing metrics and data to constantly evaluate success and drive improvements in tools, content, and programs…",https://www.adzuna.in/details/5854877435?utm_medium=api&utm_source=0fd54924
data analyst,Data Analyst,Hunarstreet Technologies Pvt Ltd,"Gujarat, India",60000,700000,2026-01-20T11:16:34Z,"Job Role : Profile Data Setup Analyst Job Title : Data Analyst Location : Vadodara | Department: Customer Service | Experience : 3 - 5 Years Job Overview A company, we’ve been transforming the window and door industry with intelligent software for over 40 years. Our solutions power manufacturers, dealers, and installers globally, enabling efficiency, accuracy, and growth. We are now looking for curious, data-driven professionals to join our mission of delivering world-class digital solutions to…",https://www.adzuna.in/details/5592093935?utm_medium=api&utm_source=0fd54924
data analyst,Data Analyst,Claight Corporation Expert Market Research,"Noida, Ghaziabad",,,2026-08-28T07:38:06Z,"Job Summary/Overview: Claight Corporation (Expert Market Research) is seeking a Data Analyst to join our dynamic team and contribute to data-driven decision-making. The ideal candidate will be responsible for managing, analyzing, and maintaining large data sets while ensuring data integrity, consistency, and security. This position offers an excellent opportunity to develop analytical and technical skills in a fast-paced, research-focused environment. Key Responsibilities: Data Management: Mana…",https://www.adzuna.in/details/5859124126?utm_medium=api&utm_source=0fd54924
data analyst,Data Analyst,Mr n Mrs Pet,"Jaipur, Rajasthan",100000,300000,2022-07-22T06:48:32Z,"Requirements: Bachelor’s degree from university or college in computer science. Work experience as a data analyst or in a related field. Ability to work with stakeholders to assess potential risks. Ability to analyse existing tools and databases and provide software solution recommendations. Ability to translate business requirements into non-technical, lay terms. High-level experience in methodologies and processes for managing large-scale databases. Demonstrated experience in handling large d…",https://www.adzuna.in/details/3337906172?utm_medium=api&utm_source=0fd54924
data analyst,Data Analyst,Expleo,"Nana Peth, Pune",,,2026-09-27T11:04:31Z,"Location: Hybrid (Pune, India - Up to 3 Days Per Week Onsite) Employment Type: Contract Experience Level: Proficient (8 Years) Join a High-Impact Data & Analytics Team Are you passionate about transforming complex data into meaningful business insights? Trissential is seeking an experienced Data Analyst to join our client's team in Pune, India. This is an exciting opportunity to work within a collaborative Agile/Scrum environment where you'll partner with business stakeholders, architects, engi…",https://www.adzuna.in/details/5900348948?utm_medium=api&utm_source=0fd54924
data analyst,Data Analyst,Awign,"Bangalore, Karnataka",400000,700000,2020-10-15T02:16:09Z,We are looking for a result-driven candidate to join our analytics team as a Data Analyst. Duties And Responsibilities 1. Work closely with Operation Head to setup reporting structures using complex formula(s) over Google Sheets. 2. Should be able to use Google Apps Script towards creating simple applications for ongoing projects/clients. 3. To run a detailed analysis of project-level data to generate additional insights for clients in the form of analytical dashboards. 4. To build trackers for…,https://www.adzuna.in/details/1762829126?utm_medium=api&utm_source=0fd54924
data analyst,Data Analyst,Wissen Technology,"Bangalore, Karnataka",,,2026-06-13T13:33:59Z,"Experience: 2 Years Mandatory Skills: Data Analysis, Data Mining, Data Validation, Python, SQL, Power BI, Advanced Excel Data Analyst We are looking for 1 Developer/Analyst to support data analysis, data mapping, and report automation initiatives. This is an entry-level role with structured training, ideal for candidates who are detail-oriented, proactive, and capable of working independently in a fast-paced environment. Key Responsibilities Perform data analysis and data validation across vari…",https://www.adzuna.in/details/5762286343?utm_medium=api&utm_source=0fd54924
data analyst,Data Analyst,Appitsimple infotek Pvt. Ltd.,India,100000,300000,2024-12-30T12:10:27Z,"Job role: As a data analyst, you will be responsible for compiling actionable insights from data and assisting program, sales and marketing managers build data-driven processes. Your role will involve driving initiatives to optimize for operational excellence and revenue. Responsibilities: Ensure that data flows smoothly from source to destination so that it can be processed Utilize strong database skills to work with large, complex data sets to extract insights Filter and cleanse unstructured …",https://www.adzuna.in/details/4992020344?utm_medium=api&utm_source=0fd54924
data analyst,Data Analyst,Qrata,"Mumbai, Maharashtra",500000,1000000,2024-01-07T15:07:43Z,"DATA ANALYST About: We allows customers to ""buy now and pay later"" for goods and services purchased online and offline portals. It's a rapidly growing organization opening up new avenues of payments for online and offline customers. Role: Define and continuously refine the analytics roadmap. Build, Deploy and Maintain the data infrastructure that supports all of the analysis, including the data warehouse and various data marts Build, deploy and maintain the predictive models and scoring infrast…",https://www.adzuna.in/details/4514376058?utm_medium=api&utm_source=0fd54924
data analyst,Data Analyst,BitClass,"Bangalore, Karnataka",0,1600000,2021-10-24T04:00:25Z,"BitClass, a VC funded startup (backed by the investors or Unacademy, Doubtnut, ShareChat, Meesho among others) in the domain of edtech, is looking for a data analyst to help in making better business decisions using information from the available data. The responsibility is to gather and prepare data from multiple sources, run statistical analyses, and communicate your findings in a clear and objective way. Responsibilities - Understanding the business requirements so as to formulate the proble…",https://www.adzuna.in/details/2572832371?utm_medium=api&utm_source=0fd54924
data analyst,Data Analyst,Agiliad Technologies,"Gurgaon, Haryana",,,2026-08-15T08:33:34Z,"Leadership and Team Management: Lead, mentor, and develop a team of data analysts and data scientists. Foster a collaborative and innovative team environment. Conduct predictive analysis to identify trends, patterns, and insights from large data sets. Develop and implement machine learning models and algorithms for predictive analytics. Strategic Planning: Develop and implement the data analytics strategy aligned with the company's goals. Identify opportunities for leveraging company data to dr…",https://www.adzuna.in/details/5842590109?utm_medium=api&utm_source=0fd54924
data analyst,Data Analyst,Joinfleek,"Bangalore, Karnataka",600000,600000,2026-09-18T21:57:43Z,"About Fleek Fleek is a B2B Marketplace for wholesale second-hand fashion. We enable resellers and retail stores to buy from vintage clothing suppliers worldwide. We are backed by top Silicon Valley VCs such as Andreessen Horowitz (a16z), Y Combinator, and founders/CEOs of Depop, Shopify, and Postmates. About The Team Fleek is a diverse set of funky individuals with the single mission of helping sustainability and promoting circular fashion while building a beautiful product experience. Our 50 p…",https://www.adzuna.in/details/5889572874?utm_medium=api&utm_source=0fd54924
data analyst,Data Analyst,ICE,"Hyderabad, Telangana",,,2026-08-07T07:27:22Z,"Job Purpose We are looking for a passionate Data Analyst to support the Operations Analytics department at ICE. The successful candidate will play a crucial role in extracting actionable insights from large datasets to guide strategic decision making within the organization. Primary responsibilities will revolve around analyzing complex data sets, identifying patterns, and developing models to provide actionable recommendations to our stakeholders. Responsibilities Data Analysis: Collect, clean…",https://www.adzuna.in/details/5831397285?utm_medium=api&utm_source=0fd54924
data analyst,Data Analyst,Amazon,"Bangalore, Karnataka",0,800000,2021-11-12T04:18:09Z,"Data Analyst Job Description : About GlowRoad: GlowRoad is building India's most profitable social e-commerce platform where resellers share the catalog of products through their network on Facebook, Whatsapp, Instagram, etc and convert them to sales. GlowRoad is on a mission to create micro-entrepreneurs (resellers) who can set up their web-store, market their products and track all transactions through its platform. GlowRoad app has 15M downloads and 1- million  MAU's.- GlowRoad has been fund…",https://www.adzuna.in/details/2635526340?utm_medium=api&utm_source=0fd54924
data analyst,Data Analyst,ZEISS,"Bangalore, Karnataka",,,2026-07-06T03:28:04Z,"ZEISS in India ZEISS in India is headquartered in Bengaluru and present in the fields of Industrial Quality Solutions, Research Microscopy Solutions, Medical Technology, Vision Care and Sports & Cine Optics. ZEISS India has 3 production facilities, R&D center, Global IT services and about 40 Sales & Service offices in almost all Tier I and Tier II cities in India. With 2200 employees and continued investments over 25 years in India, ZEISS’ success story in India is continuing at a rapid pace. F…",https://www.adzuna.in/details/5789394746?utm_medium=api&utm_source=0fd54924
data analyst,Data Analyst,DXC Technology,India,,,2026-08-12T20:42:00Z,"Job Description: Responsibilities as the Data/Business Analyst: Analyzing the as-is data structures and mapping to new to-be data structures Writing high quality, testable user stories to ensure that these can be estimated, delivered by developers and used to define test automation and which. Analyzing, understanding and documenting existing system behavior, including data mapping and transformation to support integration design as well as identification of system features and data requirements…",https://www.adzuna.in/details/5838433598?utm_medium=api&utm_source=0fd54924
data analyst,Data Analyst,Extramarks,"Noida, Ghaziabad",0,1000000,2022-01-30T04:34:28Z,Required Experience · 3 years of relevant technical experience as a data analyst role · Intermediate / expert skills with SQL and basic statistics · Experience in Advance SQL · Python programming- Added advantage · Strong problem solving and structuring skills · Automation in connecting various sources to the data and representing it through various dashboards · Excellent with Numbers and communicate data points through various reports/templates · Ability to communicate effectively internally a…,https://www.adzuna.in/details/2853928118?utm_medium=api&utm_source=0fd54924
data analyst,Data Analyst,Arcana Analytics,India,,,2026-01-26T00:36:10Z,"Arcana is a portfolio intelligence platform used by hedge funds and asset managers to analyze performance and risk. We’re rethinking the tools institutional investors rely on—and we’re hiring analysts who want to help drive that transformation. We are looking for a Data Analyst to work with large-scale financial datasets, ensure high data quality, and deliver actionable insights through dashboards and reports. The role focuses on building and maintaining robust data quality frameworks and colla…",https://www.adzuna.in/details/5600377478?utm_medium=api&utm_source=0fd54924
data analyst,Data Analyst,MM Staffing & Career Consultants,"Mumbai, Maharashtra",100000,600000,2026-05-13T02:06:29Z,"Job Description: Position : Data Analyst Location : Mumbai Experience requirement : 2-4Years Joining Date : Immediate to 30 days Job Description Responsibilities: · Utilize SQL, Alteryx, and Tableau/Power BI to extract, transform, and visualize data for analytical purposes. · Demonstrate intermediate-level proficiency in at least one of the major visualization tools (Tableau/Power BI). · Apply working knowledge of Apache Hive, Apache Spark, Impala, Presto, and Snowflake for data processing and …",https://www.adzuna.in/details/5727163751?utm_medium=api&utm_source=0fd54924
data analyst,Data Analyst,Topcoder,"Noida, Ghaziabad",,,2026-01-09T00:41:11Z,"Position Overview We are seeking a detail-oriented Data Analyst who will ensure that organizational data is accurately transformed, validated, and prepared for downstream consumption. Key Responsibilities Data Transformation & Integration Design, develop, and maintain ETL/ELT pipelines to consolidate data from disparate systems (databases, APIs, flat files) Apply business logic to normalize, enrich, and standardize incoming datasets Data Quality Assurance Implement validation rules and automate…",https://www.adzuna.in/details/5574398026?utm_medium=api&utm_source=0fd54924
data analyst,Data Analyst,Wissen Technology,"Mumbai, Maharashtra",,,2025-05-23T06:51:59Z,"Description of Role: We are looking for a career-minded professional with global perspective to join the Mumbai based Data & Analytics Group (DAG). Key responsibilities: As part of the Data & Analytics Group (DAG) and reporting to the Head of the India DAG locally, the individual is responsible for the following – 1.Review, analyze, and resolve data quality issues for enterprise core data in the IM Data Warehouse. 2.Coordinate with data owners and other teams to identify root-cause of data qual…",https://www.adzuna.in/details/5211779279?utm_medium=api&utm_source=0fd54924
data analyst,Data Analyst,Egon Zehnder,"Gurgaon, Haryana",,,2026-08-21T07:38:50Z,"The Analyst will be responsible for work on day-to-day Power BI requests. He/She should be able to help the stakeholders on improving the processes via automation of projects. The analysts should be able to deep dive into the data for insights and also be able to formulate Power BI tasks and solutions. Shift Timings: Flexible Principal Responsibilities Request processing - Working on ad-hoc requests, communication with stakeholders. Process management - Quality Control, Maintenance of Power BI …",https://www.adzuna.in/details/5850376089?utm_medium=api&utm_source=0fd54924
data analyst,Data Analyst,Nineleaps,"Bangalore, Karnataka",,,2026-09-11T16:16:13Z,"At Nineleaps, we work on bleeding-edge technology with class-leading engineering practices on products that touch the lives of millions of users. We endeavor on doing things the right way, while also promoting a culture of excellence. About the Role: We are looking for a Data Analyst with strong analytical and problem-solving skills to transform complex data into meaningful, actionable business insights. The role involves working with large datasets, conducting deep-dive analysis, driving autom…",https://www.adzuna.in/details/5879561813?utm_medium=api&utm_source=0fd54924
data analyst,Data Analyst,ascendion,"Gurgaon, Haryana",,,2026-09-20T07:45:08Z,"About Ascendion Ascendion is a leader in AI-Native platform driven software engineering company that underwrites outcomes, helping businesses innovate faster, smarter, and with greater impact. We partner with Global 2000 clients across North America, UK, Europe, and APAC to solve complex challenges in data, experience design, software product engineering, and workforce transformation. Powered by expert engineers, thousands of AI agents, and our Engineering to the Power of AI™ (EngineeringAI) me…",https://www.adzuna.in/details/5891242055?utm_medium=api&utm_source=0fd54924
data analyst,Data Analyst,Renesas,"Bangalore, Karnataka",,,2026-09-24T11:14:06Z,"Data Analyst Job Description Job Purpose & Dimensions Ensure global master data is being maintained on a highest quality level throughout their lifecycle. Define and continuously improve and implement measures, processes and tools to control global master data consistency and enhance existing tools. Core Responsibilities  Maintain and govern master data across SCM systems, ensuring data quality, consistency, and compliance with governance standards.  Ensure adherence to Master Data Governance (…",https://www.adzuna.in/details/5896367794?utm_medium=api&utm_source=0fd54924
data analyst,Data Analyst,ICAD school of Learning,"Nagpur, Maharashtra",500000,800000,2025-09-02T07:56:40Z,"Job Summary The Data Analyst is required to Data capture, data cleaning, data preparation, data management and data analysis and interpretations required by the Business. Handle data factory with precision and confidentiality. The role is crucial for providing actionable insights to improve teaching quality, enhance student performance, optimize business operations, and drive growth. Essential Job Responsibilities: Academic Data Analysis · Analyze student performance data from internal assessme…",https://www.adzuna.in/details/5379021882?utm_medium=api&utm_source=0fd54924
data analyst,Data Analyst,Technogen,"Bangalore, Karnataka",,,2025-12-01T22:55:55Z,Job Code : JPC – 36740 We are looking for a creative data analyst who has strong experience in both data visualization and data workflow construction Analyst must be proficient in both Hadoop and Alteryx (Hadoop certification required) Analyst must have experience working with senior leadership to both comprehend and produce desired outputs Experience building Hadoop dashboards showing multiple visual views of performance with easy drill down capability Preferred candidate will be well versed i…,https://www.adzuna.in/details/5522126592?utm_medium=api&utm_source=0fd54924
data analyst,Data Analyst,Clinton Health Access Initiative,"Bhopal, Madhya Pradesh",300000,400000,2024-12-25T11:57:39Z,"The Clinton Health Access Initiative, Inc. (CHAI) is a global health organization committed to saving lives and reducing the burden of disease in low-and middle-income countries, while strengthening the capabilities of governments and the private sector in those countries to create and sustain high-quality health systems that can succeed without our assistance. For more information, please visit: http://www.clintonhealthaccess.org In India, CHAI has worked on various initiatives with the Nation…",https://www.adzuna.in/details/4988851694?utm_medium=api&utm_source=0fd54924
data analyst,Data Analyst,Mantras2Success,"Ahmedabad, Gujarat",500000,700000,2026-05-14T02:05:21Z,"Job Description: Position Summary: We are seeking a meticulous and skilled MIS/data analyst to join our team. The ideal candidate will be proficient in advanced Excel and Google Sheets, adept at using complex formulas, and capable of transferring data from CRM software such as Skynamo, Freshsales, and Xero into Google Sheets. The role involves creating insightful dashboards and revenue models to support data-driven decision-making. Key Responsibilities: Data Management: Transfer and manage data…",https://www.adzuna.in/details/5728267279?utm_medium=api&utm_source=0fd54924
data analyst,Data Analyst,DAZN,"Hyderabad, Telangana",,,2023-06-18T16:46:34Z,"Is your next career move to work in a team which uses data, reporting and analytical skills to help answer business questions to make DAZN a data-driven company? DAZN is a tech-first sport streaming platform that reaches millions of users every week. We are challenging a traditional industry and giving power back to the fans. Our new Hyderabad tech hub will be the engine that drives us forward to the future. We’re pushing boundaries and doing things no-one has done before. Here, you have the op…",https://www.adzuna.in/details/4158049546?utm_medium=api&utm_source=0fd54924
data analyst,Data Analyst,Robosoft Technologies,"Bangalore, Karnataka",,,2026-08-28T07:37:34Z,"We are looking for a meticulous and analytical Data Analyst with strong SQL skills and cloud experience to join our team. The ideal candidate will have a solid background in data analysis, statistical techniques, with specific expertise in using SQL to manage and analyze large datasets in cloud environments. You will be responsible for interpreting data, analyzing results, and providing actionable insights to drive business decisions. Responsibilities: Gather data from various sources, ensuring…",https://www.adzuna.in/details/5859122688?utm_medium=api&utm_source=0fd54924
data analyst,Data Analyst,Robosoft Technologies,"Navi Mumbai, Maharashtra",,,2026-08-28T07:37:33Z,"We are looking for a meticulous and analytical Data Analyst with strong SQL skills and cloud experience to join our team. The ideal candidate will have a solid background in data analysis, statistical techniques, with specific expertise in using SQL to manage and analyze large datasets in cloud environments. You will be responsible for interpreting data, analyzing results, and providing actionable insights to drive business decisions. Responsibilities: Gather data from various sources, ensuring…",https://www.adzuna.in/details/5859122647?utm_medium=api&utm_source=0fd54924
data analyst,Data Analyst,Immunogen Pharmaceutical,"Bangalore, Karnataka",,,2024-07-31T03:15:22Z,"About Immunogen Targeting a better life for people with cancer is why we get up in the morning. It’s not enough to disrupt the progress of someone’s cancer; we want to keep cancer from disrupting someone’s life. That’s why everything we do is about developing the most precise, targeted cancer therapies. We believe this is the best way to get people back to their lives – back to living today, tomorrow, and beyond. For us, targeting a better now is the only thing that matters. About the role Canc…",https://www.adzuna.in/details/4801558701?utm_medium=api&utm_source=0fd54924
data analyst,Data Analyst,GE Vernova,"Bangalore, Karnataka",,,2026-09-20T21:38:43Z,"Job Description Summary The Data Analyst will develop technical architecture and automation support to regional and global GE Vernova Consulting Services team. This role employs a data-centric solutions approach to transform raw power system datasets into high-fidelity actionable insights, enhancing our tactical and strategic market position through robust analytical pipelines. Job Description Roles and Responsibilities Infrastructure Management: Design, build, and maintain scalable ELT/ETL (Ex…",https://www.adzuna.in/details/5891876431?utm_medium=api&utm_source=0fd54924
data analyst,Data Analyst,Fortive,India,,,2026-08-07T20:54:37Z,"Description The Data Analyst will focus on advanced analytics, predictive modeling, and scalable BI development to support Sales leadership with forward-looking insights. This role is responsible for building and maintaining predictive, repeatable reporting frameworks across forecasting, top-of-funnel performance, and core sales KPIs. Advanced Analytics & Predictive Modeling Design and maintain predictive models to support revenue forecasting, pipeline movement, deal progression, and funnel con…",https://www.adzuna.in/details/5832090086?utm_medium=api&utm_source=0fd54924
data analyst,Data Analyst,GE Vernova,"Bangalore, Karnataka",,,2026-09-20T11:11:31Z,"Job Description Summary The Data Analyst will develop technical architecture and automation support to regional and global GE Vernova Consulting Services team. This role employs a data-centric solutions approach to transform raw power system datasets into high-fidelity actionable insights, enhancing our tactical and strategic market position through robust analytical pipelines. Job Description Roles and Responsibilities  Infrastructure Management: Design, build, and maintain scalable ELT/ETL (E…",https://www.adzuna.in/details/5891404249?utm_medium=api&utm_source=0fd54924
data analyst,Data Analyst,DRW,India,,,2026-09-24T16:14:49Z,"DRW is a diversified trading firm with over 3 decades of experience bringing sophisticated technology and exceptional people together to operate in markets around the world. We value autonomy and the ability to quickly pivot to capture opportunities, so we operate using our own capital and trading at our own risk. Headquartered in Chicago with offices throughout the U.S., Canada, Europe, and Asia, we trade a variety of asset classes including Fixed Income, ETFs, Equities, FX, Commodities and En…",https://www.adzuna.in/details/5896646644?utm_medium=api&utm_source=0fd54924
data analyst,Data Analyst,PMC Commerce,"Vadodara, Gujarat",,,2026-09-18T16:13:37Z,"Summary of the position: We are seeking a detail-oriented and highly skilled Data Analyst to join our dynamic team. This role is integral to the creation of Management Information (MI) Dashboards and will drive intelligence and insights across our organisation. The ideal candidate will have extensive experience in using Power BI and Microsoft Fabric, and will thrive in a demanding, data-led environment. They will have a solid understanding of Master Data Management & Data Science methodologies …",https://www.adzuna.in/details/5889085236?utm_medium=api&utm_source=0fd54924
data analyst,Data Analyst,Amagi Media Labs,"Bangalore, Karnataka",1000000,2000000,2022-01-21T04:29:35Z,"Data Analyst Job Description Summary Are you passionate about handling large & complex data problems, want to make an impact and have the desire to work on ground-breaking big data technologies? Then we are looking for you. At Amagi, great ideas have a way of becoming great products, services, and customer experiences very quickly. Bring passion and dedication to your job and there's no telling what you could accomplish. Would you like to work in a fast-paced environment where your technical ab…",https://www.adzuna.in/details/2830210357?utm_medium=api&utm_source=0fd54924
data analyst,Data Analyst,"NTT America, Inc.",India,,,2026-09-26T11:15:11Z,"India T&M Special Bonus: Req ID: 390777 NTT DATA strives to hire exceptional, innovative and passionate individuals who want to grow with us. If you want to be part of an inclusive, adaptable, and forward-thinking organization, apply now. We are currently seeking a Data Analyst to join our team in Remote, Karnataka (IN-KA), India (IN). Explore and profile source data Analyze Chemille usage and performance Identify trends, patterns, and data-quality issues Support KPI definition and validation D…",https://www.adzuna.in/details/5899328289?utm_medium=api&utm_source=0fd54924
data analyst,Data Analyst,Portcast,India,,,2026-08-10T20:48:00Z,"Portcast is a venture-backed, Singapore-based logistics technology startup building a real-time transportation visibility platform for global supply chains. We help shippers, manufacturers, and logistics service providers turn data into decisions and decisions into measurable business impact. Our platform goes beyond visibility. Portcast enables action at scale by surfacing the right risks early, helping teams prevent detention and demurrage, accelerate exception management, and close invoices …",https://www.adzuna.in/details/5835723885?utm_medium=api&utm_source=0fd54924
data analyst,Data Analyst,Ericsson,"Kanpur Dehat, Uttar Pradesh",,,2026-09-24T22:38:45Z,"Join our Team About Opportunity The role is accountable for identifying business insights and driving improvement opportunities through Statistical, Exploratory, and Advanced Analytics. The analyst will design, automate, and maintain analytical solutions across operational and network performance, enabling measurable on-ground improvements. This role requires an analytical thinker who can translate complex datasets into meaningful insights for business and network functions. Key Responsibilitie…",https://www.adzuna.in/details/5897176848?utm_medium=api&utm_source=0fd54924
data analyst,Data Analyst,Amagi Media Labs,"Bangalore, Karnataka",1000000,1400000,2022-01-21T04:29:34Z,"1. 2 to 4 years of experience 2. hands on experience using python, sql, tablaue 3. Data Analyst About Amagi ( www.amagi.com ): Amagi is a market leader in cloud based media technology services for channel creation, distribution and ad monetization. Amagi’s cloud technology and managed services is used by TV networks, content owners, sports rights owners and pay TV / OTT platforms to create 24x7 linear channels for OTT and broadcast and deliver them to end consumers. Amagi’s pioneering and marke…",https://www.adzuna.in/details/2830210287?utm_medium=api&utm_source=0fd54924
data analyst,Data Analyst,WPP,"Chennai, Tamil Nadu",,,2026-09-23T16:15:32Z,"WPP is the trusted growth partner for the world’s leading brands. We unite cutting-edge media intelligence and data solutions, world-class creativity, next-generation production, transformative enterprise solutions and expert strategic counsel in a single company – powered by exceptional talent and our agentic marketing platform, WPP Open, to help our clients navigate change, capture opportunity and deliver transformational growth. We work with the world's most valuable brands and have global r…",https://www.adzuna.in/details/5895065880?utm_medium=api&utm_source=0fd54924
data analyst,Data Analyst,London Stock Exchange Group,India,,,2026-09-25T21:14:36Z,"We are seeking a highly motivated and thorough professional to join the team in an Order to Cash (O2C) and customer support capacity. This role is critical in ensuring detailed operations, delivering exceptional customer experiences, and driving process excellence. The ideal candidate should possess good understanding of business, good interpersonal skills, and the ability to work closely in a dynamic environment. As a domain expert Data Analyst, you will not only handle day-to-day responsibili…",https://www.adzuna.in/details/5898479425?utm_medium=api&utm_source=0fd54924
data analyst,Data Analyst,Hudson Data,India,900000,1200000,2026-01-18T10:53:59Z,"About Hudson Data At Hudson Data, we view AI as both an art and a science. Our cross-functional teams — spanning business leaders, data scientists, and engineers — blend AI/ML and Big Data technologies to solve real-world business challenges. We harness predictive analytics to uncover new revenue opportunities, optimize operational efficiency, and enable data-driven transformation for our clients. Beyond traditional AI/ML consulting, we actively collaborate with academic and industry partners t…",https://www.adzuna.in/details/5590143347?utm_medium=api&utm_source=0fd54924
data analyst,Data Analyst,Esko,India,,,2026-08-29T20:45:56Z,"Location: India Function: Product Management Reports To: Sr Director, Cloud Platform Are you Interested in using data to help shape product and business decisions? Passionate about turning complex data into clear insights and intuitive Power BI dashboards? Curious about how customers use products and excited to uncover trends, patterns, and opportunities in the data? If so, we'd love to meet you. Why Esko? Esko, part of Veralto (NYSE: VLTO), is the global leader in packaging and product lifecyc…",https://www.adzuna.in/details/5861219353?utm_medium=api&utm_source=0fd54924
data analyst,Data Analyst,TriNet,"Hyderabad, Telangana",,,2026-07-13T03:26:36Z,"Description TriNet is a leading provider of comprehensive human resources solutions for small to midsize businesses (SMBs). We enhance business productivity by enabling our clients to outsource their HR function to one strategic partner and allowing them to focus on operating and growing their core businesses. Our full-service HR solutions include features such as payroll processing, human capital consulting, employment law compliance and employee benefits, including health insurance, retiremen…",https://www.adzuna.in/details/5798274842?utm_medium=api&utm_source=0fd54924
data analyst,Data Analyst,Veralto,"Bangalore, Karnataka",,,2026-08-30T11:28:16Z,"Location: India Function: Product Management Reports To: Sr Director, Cloud Platform Are you  Interested in using data to help shape product and business decisions?  Passionate about turning complex data into clear insights and intuitive Power BI dashboards?  Curious about how customers use products and excited to uncover trends, patterns, and opportunities in the data? If so, we'd love to meet you. Why Esko? Esko, part of Veralto (NYSE: VLTO), is the global leader in packaging and product life…",https://www.adzuna.in/details/5861965986?utm_medium=api&utm_source=0fd54924
data analyst,Data Analyst,Fortive Corporation,India,,,2026-08-07T10:54:42Z,"The Data Analyst will focus on advanced analytics, predictive modeling, and scalable BI development to support Sales leadership with forward-looking insights. This role is responsible for building and maintaining predictive, repeatable reporting frameworks across forecasting, top-of-funnel performance, and core sales KPIs. _Advanced Analytics & Predictive Modeling_  Design and maintain predictive models to support revenue forecasting, pipeline movement, deal progression, and funnel conversion. …",https://www.adzuna.in/details/5831602194?utm_medium=api&utm_source=0fd54924
data analyst,Data Analyst,The Smart Cube,"Noida, Ghaziabad",200000,500000,2019-06-20T23:29:15Z,"• Act as a lead analyst on various data analytics projects aiding strategic decision making for Fortune 500 / FTSE 100 companies, Blue Chip Consulting Firms and Global Financial Services companies • Understand the client objectives, and work with the PL to design the analytical solution/framework. Be able to translate the client objectives / analytical plan into clear deliverables with associated priorities and constraints • Collect/Organize/Prepare/Manage data for the analysis and conduct qual…",https://www.adzuna.in/details/1186076365?utm_medium=api&utm_source=0fd54924
data analyst,Data Analyst,Acura Solution,India,,,2026-05-18T02:08:37Z,"Job Description: Principal Accountabilities and Responsibilities  The candidate is expected to perform basic data ETL (Extract-Transform-Load) tasks – starting with extraction of data from the source systems, cleaning it, handling exceptions and finally prepare them to feed into various systems/tools depending on the projects/PODs/delivery channels.  Testing and validation of data models/data tables/data assets  The role also requires the person to understand the data thoroughly and draw bus…",https://www.adzuna.in/details/5732584180?utm_medium=api&utm_source=0fd54924
data analyst,Data Analyst,Headout,"Bangalore, Karnataka",,,2026-07-09T03:05:53Z,"Why Headout? We’re a rocketship: 9-figure revenue, record growth, and profitable With $200M in revenue, guests in 700 cities, and 18 months of profitability, Headout is the fastest-growing marketplace in the travel industry, and we’re just getting started. We've raised $60M from top-tier investors and are building a durable company for the long term — because that's what our mission needs and deserves. We’re growing, profitable and nowhere near done. What we do is important In an increasingly …",https://www.adzuna.in/details/5793185846?utm_medium=api&utm_source=0fd54924
data analyst,Data Analyst,Falcon Autotech,"Noida, Ghaziabad",400000,700000,2022-03-08T05:06:27Z,"Strong analytical skills with the ability to collect, organize, analyze, and disseminate significant amounts of information with attention to detail and accuracy Expertise of SQL/PL-SQL -ability to write procedures and create queries for reporting purpose. Must have worked on a reporting tool – Power BI/Tableau etc. Strong knowledge of excel/Google Sheets – must have worked with pivot tables, aggregate functions, logical if conditions. Strong verbal and written communication skills for coordina…",https://www.adzuna.in/details/2953661450?utm_medium=api&utm_source=0fd54924
data analyst,Data Analyst,Marktine,"Bangalore, Karnataka",0,1500000,2021-05-11T13:01:41Z,"Immediate Joiners Preferred NOTE: Working Shift: 11 am - 8 pm IST (/- one hour on need basis) Monday to Friday Responsibilities : 1. Leverage Alteryx to build, maintain, execute and deliver data assets. This entails using data analytics tools (combination of proprietary tools, Excel, and scripting), validating raw data quality, and working with Tableau/ Power BI and other geospatial data visualization applications 2. Analyze large data sets in Alteryx, finding patterns and providing a concise s…",https://www.adzuna.in/details/2177266370?utm_medium=api&utm_source=0fd54924
data analyst,Data Analyst,QAgile Services,India,300000,500000,2026-01-31T11:30:48Z,"Microsoft Fabric, Power BI, Data modelling, ETL, Spark SQL Remote work- 5-7 hours 450 Rs hourly charges Skills:- PowerBI, Data modeling, ETL, Spark, SQL and ELT",https://www.adzuna.in/details/5607196899?utm_medium=api&utm_source=0fd54924
data analyst,Data Analyst,Jobdost,"Mangalore, Dakshin Kannada",800000,1000000,2025-12-01T04:52:26Z,"Who is an ideal fit for us? We seek professionals who are analytical, demonstrate self-motivation, exhibit a proactive mindset, and possess a strong sense of responsibility and ownership in their work. What will you get to work on? As a member of the Implementation & Analytics team, you will: ● Design, develop, and optimize complex SQL queries to extract, transform, and analyze data ● Create advanced reports and dashboards using SQL, stored procedures, and other reporting tools ● Develop and ma…",https://www.adzuna.in/details/5520630121?utm_medium=api&utm_source=0fd54924
data analyst,Data Analyst,Vector Labs Tech,India,1200000,2100000,2025-03-26T06:46:55Z,"Responsibilities: Data Collection and Preparation: Gather data from various sources, including databases, spreadsheets, and APIs. Clean, validate, and transform data to ensure accuracy and consistency. Develop and maintain data pipelines for efficient data processing. Data Analysis and Interpretation: Analyze large datasets to identify trends, patterns, and correlations. Perform statistical analysis and hypothesis testing to validate findings. Develop and implement data models and algorithms to…",https://www.adzuna.in/details/5111436575?utm_medium=api&utm_source=0fd54924
business analyst,Business Analyst,Kyndryl,"Bangalore, Karnataka",,,2026-09-16T12:29:10Z,"This job is with Kyndryl, an inclusive employer and a member of myGwork – the largest global platform for the LGBTQ business community. Please do not contact the recruiter directly. Who We Are At Kyndryl, we run and reimagine the mission-critical technology systems that drive advantage for the world's leading businesses. We are at the heart of progress; with proven expertise and a continuous flow of AI-powered insight, enabling smarter decisions, faster innovation, and a lasting competitive edg…",https://www.adzuna.in/land/ad/5885765169?se=umlB4ja78RG3jpCv9xpWmA&utm_medium=api&utm_source=0fd54924&v=BEA6BC7277DB52E819F0825132E5AD7CB2CAFA61
business analyst,Business Analyst,Capco,India,,,2026-08-12T01:59:34Z,"This job is with Capco, an inclusive employer and a member of myGwork – the largest global platform for the LGBTQ business community. Please do not contact the recruiter directly. Job Title: BA/PM Capital Market About Us “Capco, a Wipro company, is a global technology and management consulting firm. Awarded with Consultancy of the year in the British Bank Award and has been ranked Top 100 Best Companies for Women in India 2022 by Avtar & Seramount . With our presence across 32 cities across glo…",https://www.adzuna.in/land/ad/5837139386?se=umlB4ja78RG3jpCv9xpWmA&utm_medium=api&utm_source=0fd54924&v=E3DCC2DBFE4E6A7A1CEDD56C704AE19E69B379A7
business analyst,SAP Business Analyst,RED Global,India,,,2026-09-21T09:35:22Z,Senior Technical Business Analyst – 6 months – India Remote  RED now has a new contract opportunity for an SAP SAC Technical Business Analyst to join one of our key pharmaceutical partners. The initial contract will be for 6 months with a scope for extension. This contract is to start ASAP and will be remote within India Specific skills/experience required: 8 years of experience with SAP enterprise analytics 8 number of years of experience in business analysis. Strong experience with tax proje…,https://www.adzuna.in/land/ad/5892333321?se=umlB4ja78RG3jpCv9xpWmA&utm_medium=api&utm_source=0fd54924&v=EDC4408E7D22B1902F63407C4FCA15E34F103A4E
business analyst,Business Analyst – Payments,Capco,"Pune, Maharashtra",,,2026-09-22T18:29:41Z,"This job is with Capco, an inclusive employer and a member of myGwork – the largest global platform for the LGBTQ business community. Please do not contact the recruiter directly. About Us “Capco, a Wipro company, is a global technology and management consulting firm. Awarded with Consultancy of the year in the British Bank Award and has been ranked Top 100 Best Companies for Women in India 2022 by Avtar & Seramount . With our presence across 32 cities across globe, we support 100 clients acros…",https://www.adzuna.in/land/ad/5893961315?se=umlB4ja78RG3jpCv9xpWmA&utm_medium=api&utm_source=0fd54924&v=BA9B896A1EE5F6A162B68C85ADAE5977F7E02A82
business analyst,Sports-Business Analyst,StarZen,India,,,2026-09-05T18:31:50Z,"Contract duration: 3 months Minimum experience: 10 years (120 months) Education: Bachelor's degree Role summary We are looking for an experienced Business Analyst to support end-to-end business analysis for sports business systems applications. Working offshore alongside onshore stakeholders and delivery teams, the BA will own requirements from elicitation through to signed-off documentation, translating business needs into clear artefacts that engineering and QA teams can build and test agains…",https://www.adzuna.in/land/ad/5871992655?se=umlB4ja78RG3jpCv9xpWmA&utm_medium=api&utm_source=0fd54924&v=9D3B9A190442498FA0A1BBA2AC58A1E8D45EC220
business analyst,Business Analyst_Basel,Capco,India,,,2026-08-12T01:59:40Z,"This job is with Capco, an inclusive employer and a member of myGwork – the largest global platform for the LGBTQ business community. Please do not contact the recruiter directly. Job Title: Treasury Product BA About Us “Capco, a Wipro company, is a global technology and management consulting firm. Awarded with Consultancy of the year in the British Bank Award and has been ranked Top 100 Best Companies for Women in India 2022 by Avtar & Seramount . With our presence across 32 cities across glob…",https://www.adzuna.in/land/ad/5837139692?se=umlB4ja78RG3jpCv9xpWmA&utm_medium=api&utm_source=0fd54924&v=F5E0A0664729AF9681D085F988CD8DAF99AE0327
business analyst,Business Analyst III,Thermo Fisher Scientific,"Bangalore, Karnataka",,,2026-09-16T22:35:06Z,"This job is with Thermo Fisher Scientific, an inclusive employer and a member of myGwork – the largest global platform for the LGBTQ business community. Please do not contact the recruiter directly. Work Schedule Standard (Mon-Fri) Environmental Conditions Office Job Description Job Title –Product Owner Job Location: Bangalore, India About Company: ThermoFisher Scientific Inc. is the world leader in serving science, with revenues of more than $40 billion and approximately 1,20,000 employees glo…",https://www.adzuna.in/land/ad/5886487593?se=umlB4ja78RG3jpCv9xpWmA&utm_medium=api&utm_source=0fd54924&v=1C91D9FE6B4B0C21F48EE352F4A7F3A6C43F046D
business analyst,Fraud Business Analyst,Standard Chartered Bank,"Bangalore, Karnataka",,,2026-08-12T01:59:32Z,"This job is with Standard Chartered Bank, an inclusive employer and a member of myGwork – the largest global platform for the LGBTQ business community. Please do not contact the recruiter directly. Job Summary The role will be responsible for • Minimise Fraud losses by analysis of fraud trends, MIS, reviews,reporting and compliance • Head Office Reporting and Stakeholder reporting for GBS supported countries • Minimise fraud losses by recommending rules to detect real time fraud and also on pro…",https://www.adzuna.in/land/ad/5837139257?se=umlB4ja78RG3jpCv9xpWmA&utm_medium=api&utm_source=0fd54924&v=02CC12DE4D5AF8FB8A9724A2C3D4B0F2F3217926
business analyst,Business Analyst / Business Development Manager,Confidential Jobs,"Tirunelveli, Tamil Nadu",,,2026-09-05T18:30:17Z,"Job Summary We are seeking a proactive and analytical professional to support business growth, market development, and strategic initiatives. The role combines business analysis, market research, client development, relationship management, and sales. Key Responsibilities Conduct market, industry, and competitor research to identify business opportunities. Identify and develop new business opportunities through networking, email, LinkedIn, referrals, and other channels. Build and maintain stron…",https://www.adzuna.in/land/ad/5871991862?se=umlB4ja78RG3jpCv9xpWmA&utm_medium=api&utm_source=0fd54924&v=61E06C9CC0CC378541D0E7E4349393399069D6C0
business analyst,Lead Business Analyst – VP,Deutsche Bank,"Bangalore, Karnataka",,,2026-09-18T04:29:37Z,"This job is with Deutsche Bank, an inclusive employer and a member of myGwork – the largest global platform for the LGBTQ business community. Please do not contact the recruiter directly. Position Overview Role Description We are looking for a Lead Business Analyst with proven track record of managing functional delivery of software applications to join our Technology team in Bangalore. As a Lead Business Analyst you will be a key conduit between the business stakeholders and technology team. Y…",https://www.adzuna.in/land/ad/5888300179?se=umlB4ja78RG3jpCv9xpWmA&utm_medium=api&utm_source=0fd54924&v=25A7D1EC19E7BB01BE393B2E2CE1967EDF58FC19
business analyst,UX Designer / Business Analyst,DocOnline,"Delhi, India",,,2026-09-23T19:40:17Z,"About the Company DocOnline is one of India's leading primary healthcare platforms, providing integrated healthcare services including telemedicine, mental health support, preventive healthcare, diagnostics, radiology, pharmacy and wellness solutions. With over two million active subscribers, DocOnline is uniquely positioned to transform healthcare engagement and improve health outcomes through proactive, personalized and accessible care. About the Role Position: UX Designer / Business Analyst …",https://www.adzuna.in/land/ad/5895239243?se=umlB4ja78RG3jpCv9xpWmA&utm_medium=api&utm_source=0fd54924&v=4A0686B0AA9AC3555176E9F0EEE9FEFAE260D108
business analyst,Finance Change Business Analyst,Capco,India,,,2026-09-18T14:36:06Z,"This job is with Capco, an inclusive employer and a member of myGwork – the largest global platform for the LGBTQ business community. Please do not contact the recruiter directly. Job Title: FCD BA · Business Analyst experience working in large complex Programmes within the financial services industry and Cloud (Google Cloud Platform). · Excellent documentation skills, promoting concise and clear written deliverables. · Experience with complex regulatory data models and cross functional solutio…",https://www.adzuna.in/land/ad/5888968494?se=umlB4ja78RG3jpCv9xpWmA&utm_medium=api&utm_source=0fd54924&v=B070EBDA3CE22A68F69C923FCE1B946890CD4D0D
business analyst,SAP Business Analyst-OTC,Cognex Corporation,"Noida, Ghaziabad",,,2026-09-12T17:20:10Z,"Job Description We are seeking a motivated and detail-oriented Junior Business Analyst specializing in SAP Order to Cash (OTC) processes. The ideal candidate will have 2–3 years of hands-on SAP experience and a foundational understanding of OTC and basic Finance processes. This role will work closely with senior analysts, IT teams, and business stakeholders to support the design, configuration, and optimization of SAP solutions. This is an excellent opportunity for someone looking to grow their…",https://www.adzuna.in/land/ad/5880952020?se=umlB4ja78RG3jpCv9xpWmA&utm_medium=api&utm_source=0fd54924&v=587C6416F2E0CEA7B275AC90B7E14290CD66B440
business analyst,Oracle CPQ Business Analyst,Tata Consultancy Services,"Bangalore, Karnataka",,,2026-09-04T16:57:26Z,"Skill: Oracle CPQ Business Analyst Exp Range: 10 years Job Location: Pan India Job Requirement Minimum 10 years of IT/business consulting experience, including 2 or more successful Oracle CPQ Cloud (BigMachines) implementation or transformation projects. Strong functional understanding of Oracle CPQ Cloud capabilities across product configuration, pricing, discounting, quoting, approvals, document generation, renewals, amendments, and order handoff processes. Act as the functional liaison betwe…",https://www.adzuna.in/land/ad/5870527366?se=umlB4ja78RG3jpCv9xpWmA&utm_medium=api&utm_source=0fd54924&v=21272A9ABB27141DBBCDF1F7FDF3CBA274CAD8C4
business analyst,Business Analyst - SAP Finance,Thermo Fisher Scientific,"Bangalore, Karnataka",,,2026-09-23T14:40:15Z,"This job is with Thermo Fisher Scientific, an inclusive employer and a member of myGwork – the largest global platform for the LGBTQ business community. Please do not contact the recruiter directly. Work Schedule Standard (Mon-Fri) Environmental Conditions Office Job Description DESCRIPTION As part of the Thermo Fisher Scientific team, you’ll discover meaningful work that makes a positive impact on a global scale. Join our colleagues in bringing our Mission to life every single day to enable ou…",https://www.adzuna.in/land/ad/5894979993?se=umlB4ja78RG3jpCv9xpWmA&utm_medium=api&utm_source=0fd54924&v=6E0D80D1E97095661A4D73B092D958347ABC31F9
business analyst,SAP FI Business Analyst,RED Global,India,,,2026-09-23T19:41:09Z,"Strategic value Enables standardised, real-time insight across finance and Tax Creates trusted enterprise data models, semantic layers and common KPI definitions. Connects executive, managerial and operational decision-making from top floor to shop floor. Embeds analytics and AI into business processes, increasing automation and actionability. Core accountabilities Own the requirements lifecycle from discovery through delivery, converting business needs into functional specifications. Shape ana…",https://www.adzuna.in/land/ad/5895239586?se=umlB4ja78RG3jpCv9xpWmA&utm_medium=api&utm_source=0fd54924&v=ED0F6F0C539815459658578F19238DE12D076727
business analyst,Business Analyst - Payments and Digital Journeys,Capco,India,,,2026-09-09T00:19:22Z,"This job is with Capco, an inclusive employer and a member of myGwork – the largest global platform for the LGBTQ business community. Please do not contact the recruiter directly. Job Title: Business Analyst - Payments and Digital Journeys About Us “Capco, a Wipro company, is a global technology and management consulting firm. Awarded with Consultancy of the year in the British Bank Award and has been ranked Top 100 Best Companies for Women in India 2022 by Avtar & Seramount . With our presence…",https://www.adzuna.in/land/ad/5875905530?se=umlB4ja78RG3jpCv9xpWmA&utm_medium=api&utm_source=0fd54924&v=F078ADE6AB5A9252B617DC27910ACC8BB2169C79
business analyst,Senior Business Analyst – Cybersecurity & DevSecOps,Thermo Fisher Scientific,"Bangalore, Karnataka",,,2026-09-16T22:35:03Z,"This job is with Thermo Fisher Scientific, an inclusive employer and a member of myGwork – the largest global platform for the LGBTQ business community. Please do not contact the recruiter directly. Work Schedule Standard (Mon-Fri) Environmental Conditions Office Job Description Job Description We are looking for a Senior Business Analyst (6–10 years of experience) to join our DevSecOps Agile Release Train (ART) . In this role, you will connect cybersecurity priorities, operational needs, compl…",https://www.adzuna.in/land/ad/5886487288?se=umlB4ja78RG3jpCv9xpWmA&utm_medium=api&utm_source=0fd54924&v=280D077205ECA63CE53E65F52D78B149C11B8715
business analyst,Sap Finance Control Business Analyst,RED Global,India,,,2026-09-25T15:22:24Z,"We are seeking a Senior SAP Analytics (SAC) Business Analyst for an immediate 6-month contract with a global client of RED Global (remote from India). You will bridge the gap between Tax stakeholders and technical teams, translating complex Tax processes and compliance requirements into robust data models, CDS views, and SAC analytical solutions. Key Requirements Senior BA Experience: Proven track record owning analytics delivery across at least one full-lifecycle SAP S/4HANA implementation. Ta…",https://www.adzuna.in/land/ad/5898127506?se=umlB4ja78RG3jpCv9xpWmA&utm_medium=api&utm_source=0fd54924&v=709B773FE9A948926B36B37FBA6476607464563D
business analyst,"Sr. Spclst, Scitara Business Analyst",MSD,"Hyderabad, Telangana",,,2026-09-24T20:32:10Z,"This job is with MSD, an inclusive employer and a member of myGwork – the largest global platform for the LGBTQ business community. Please do not contact the recruiter directly. Job Description Business Analyst (BA) - Digital Quality & Lab Instrument Integration The Opportunity: • Based in Hyderabad, join a global healthcare biopharma company and be part of a 130- year legacy of success backed by ethical integrity, forward momentum, and an inspiring mission to achieve new milestones in global h…",https://www.adzuna.in/land/ad/5896963254?se=umlB4ja78RG3jpCv9xpWmA&utm_medium=api&utm_source=0fd54924&v=B61980FCC9D2900919346073C6AD82CE2A3C6458
business analyst,Product Owner and Business Analyst - MCA,S&P Global,India,,,2026-09-25T16:35:01Z,"This job is with S&P Global, an inclusive employer and a member of myGwork – the largest global platform for the LGBTQ business community. Please do not contact the recruiter directly. About the Role: Grade Level (for internal use): 09 The Role: Product Owner & Business Analyst, Managed Corporate Actions (MCA) The Team: The Managed Corporate Actions (MCA) team is responsible for delivering corporate actions data, managed services, and workflow solutions to financial institutions globally. We wo…",https://www.adzuna.in/land/ad/5898263241?se=umlB4ja78RG3jpCv9xpWmA&utm_medium=api&utm_source=0fd54924&v=1651D4AEC54F55D32FBFB29D27585CFDA8B531B4
business analyst,Sr. Business Analyst - Change Management,Invesco,"Hyderabad, Telangana",,,2026-07-21T19:43:06Z,"This job is with Invesco, an inclusive employer and a member of myGwork – the largest global platform for the LGBTQ business community. Please do not contact the recruiter directly. As one of the world's leading independent global investment firms, Invesco is dedicated to rethinking possibilities for our clients. By delivering the combined power of our distinctive investment management capabilities, we provide a wide range of investment strategies and vehicles to our clients around the world. I…",https://www.adzuna.in/land/ad/5809380560?se=umlB4ja78RG3jpCv9xpWmA&utm_medium=api&utm_source=0fd54924&v=00FA745C9BFF72E03F8565053777597E4114B25A
business analyst,Asst Dir-Business Analyst-Cont,Moody's,India,,,2026-08-18T18:03:39Z,"This job is with Moody's, an inclusive employer and a member of myGwork – the largest global platform for the LGBTQ business community. Please do not contact the recruiter directly. At Moody's, we unite the brightest minds to turn today’s risks into tomorrow’s opportunities. We do this by striving to create an inclusive environment where everyone feels welcome to be who they are—with the freedom to exchange ideas, think innovatively, and listen to each other and customers in meaningful ways. Mo…",https://www.adzuna.in/land/ad/5846723422?se=umlB4ja78RG3jpCv9xpWmA&utm_medium=api&utm_source=0fd54924&v=5A36BCC036C4D70838C67674AB9CF925402DAEEF
business analyst,Nostro Risk Reporting Business Analyst,Capco,"Chennai, Tamil Nadu",,,2026-08-12T01:59:38Z,"This job is with Capco, an inclusive employer and a member of myGwork – the largest global platform for the LGBTQ business community. Please do not contact the recruiter directly. Job Title: Nostro Risk Reporting BA About Us “Capco, a Wipro company, is a global technology and management consulting firm. Awarded with Consultancy of the year in the British Bank Award and has been ranked Top 100 Best Companies for Women in India 2022 by Avtar & Seramount . With our presence across 32 cities across…",https://www.adzuna.in/land/ad/5837139548?se=umlB4ja78RG3jpCv9xpWmA&utm_medium=api&utm_source=0fd54924&v=FE0B40EBBB5BC83F91C643296839DDB9E52E3E17
business analyst,Business Analyst – Cash Management & Intraday Liquidity,Capco,India,,,2026-08-12T01:59:37Z,"This job is with Capco, an inclusive employer and a member of myGwork – the largest global platform for the LGBTQ business community. Please do not contact the recruiter directly. Job Title: Business Analyst – Cash Management & Intraday Liquidity About Us “Capco, a Wipro company, is a global technology and management consulting firm. Awarded with Consultancy of the year in the British Bank Award and has been ranked Top 100 Best Companies for Women in India 2022 by Avtar & Seramount . With our p…",https://www.adzuna.in/land/ad/5837139481?se=umlB4ja78RG3jpCv9xpWmA&utm_medium=api&utm_source=0fd54924&v=9164B7D4E7E10EA6F7B9DAEA6492B89AEE051E14
business analyst,Business Analyst (Enterprise Cyber Security Resilience ),Tesslogs IT Solutions,"Bangalore, Karnataka",,,2026-09-11T17:16:40Z,"Hello All, Greetings from Tesslogs, We are seeking an experienced Business Analyst – Enterprise Cyber Security Resilience to bridge business, cybersecurity, risk, and technology teams. Client: IBM Experience: 7 Years Location: Bengaluru Notice period: Immediate / 30 Days Key Responsibilities Elicit, analyze, validate, and document business requirements for cybersecurity resilience, cyber risk, and compliance initiatives . Collaborate with Security Operations, Cyber Risk, Infrastructure, Applica…",https://www.adzuna.in/land/ad/5879668991?se=umlB4ja78RG3jpCv9xpWmA&utm_medium=api&utm_source=0fd54924&v=515DC1E82F65E00627C9042936058E5B7EB0F35D
business analyst,Business Analyst - ERP Automation Projects - IFS,Provitious Technologies,"Gandhinagar, Gujarat",,,2026-09-28T02:01:35Z,"Company Description Provitious Technologies helps organizations automate, scale, and innovate through smart technology solutions that drive measurable business growth. The company specializes in custom software development, business process automation, Microsoft Power Platform, cloud computing, DevOps, and IT consulting. Serving industries such as real estate, healthcare, hospitality, supply chain, finance, and government, Provitious Technologies focuses on simplifying technology and enabling d…",https://www.adzuna.in/land/ad/5900875461?se=umlB4ja78RG3jpCv9xpWmA&utm_medium=api&utm_source=0fd54924&v=C7D7B0F24B39998ACE83553A621EFDBA3F84813B
business analyst,Business Analyst-Third Party Risk Management,Capco,"Bangalore, Karnataka",,,2026-08-12T01:59:43Z,"This job is with Capco, an inclusive employer and a member of myGwork – the largest global platform for the LGBTQ business community. Please do not contact the recruiter directly. Job Title: Business Analyst- Risk and Compliance About Us “Capco, a Wipro company, is a global technology and management consulting firm. Awarded with Consultancy of the year in the British Bank Award and has been ranked Top 100 Best Companies for Women in India 2022 by Avtar & Seramount . With our presence across 32 …",https://www.adzuna.in/land/ad/5837139914?se=umlB4ja78RG3jpCv9xpWmA&utm_medium=api&utm_source=0fd54924&v=D0881E74DD6EF225270AA28AF3565E757E8267A3
business analyst,Business Analyst III – SAP MM/PP,Thermo Fisher Scientific,"Bangalore, Karnataka",,,2026-09-23T14:40:07Z,"This job is with Thermo Fisher Scientific, an inclusive employer and a member of myGwork – the largest global platform for the LGBTQ business community. Please do not contact the recruiter directly. Work Schedule Standard (Mon-Fri) Environmental Conditions Office Job Description As part of the Thermo Fisher Scientific team, you’ll discover meaningful work that makes a positive impact on a global scale. Join our colleagues in bringing our Mission to life every single day to enable our customers …",https://www.adzuna.in/land/ad/5894979891?se=umlB4ja78RG3jpCv9xpWmA&utm_medium=api&utm_source=0fd54924&v=DEDEC60F28023E2C7724F319B787166EF2779B13
business analyst,Business Analyst III – SAP Order Management,Thermo Fisher Scientific,"Bangalore, Karnataka",,,2026-09-23T14:40:15Z,"This job is with Thermo Fisher Scientific, an inclusive employer and a member of myGwork – the largest global platform for the LGBTQ business community. Please do not contact the recruiter directly. Work Schedule Standard (Mon-Fri) Environmental Conditions Office Job Description As part of the Thermo Fisher Scientific team, you’ll discover meaningful work that makes a positive impact on a global scale. Join our colleagues in bringing our Mission to life every single day to enable our customers …",https://www.adzuna.in/land/ad/5894979997?se=umlB4ja78RG3jpCv9xpWmA&utm_medium=api&utm_source=0fd54924&v=D79B6A59744D2B16F058E7D0B704DA461B17AE5D
business analyst,"IT&D Business Analyst, SAP Pricing",Reckitt,"Hyderabad, Telangana",,,2026-09-01T22:16:20Z,"This job is with Reckitt, an inclusive employer and a member of myGwork – the largest global platform for the LGBTQ business community. Please do not contact the recruiter directly. We are Reckitt Home to the world's best loved and trusted hygiene, health, and nutrition brands. Our purpose defines why we exist: to protect, heal and nurture in the relentless pursuit of a cleaner, healthier world. We are a global team united by this purpose.Join us in our fight to make access to the highest quali…",https://www.adzuna.in/land/ad/5865064905?se=umlB4ja78RG3jpCv9xpWmA&utm_medium=api&utm_source=0fd54924&v=D0FE65CC5E0B08A5A98B2FC55FB898755A0A4B92
business analyst,BFA Senior Business Analyst (Change Management),Capco,India,,,2026-08-12T01:59:41Z,"This job is with Capco, an inclusive employer and a member of myGwork – the largest global platform for the LGBTQ business community. Please do not contact the recruiter directly. Job Title: About Us “Capco, a Wipro company, is a global technology and management consulting firm. Awarded with Consultancy of the year in the British Bank Award and has been ranked Top 100 Best Companies for Women in India 2022 by Avtar & Seramount . With our presence across 32 cities across globe, we support 100 cl…",https://www.adzuna.in/land/ad/5837139767?se=umlB4ja78RG3jpCv9xpWmA&utm_medium=api&utm_source=0fd54924&v=1388DDB5D5FA800FA3C94F4BF6C85207DFF92CF3
business analyst,MS Dynamics CRM Functional Architect (Business Analyst),Persistent Systems,India,,,2026-09-08T18:42:30Z,"About Position: We are seeking an experienced MS Dynamics CRM Functional Architect (Business Analyst) with 10 years of experience in analyzing business requirements, designing CRM solutions, and driving digital transformation initiatives using Microsoft Dynamics 365. The ideal candidate will act as a bridge between business stakeholders and technical teams, ensuring successful implementation and optimization of Dynamics CRM solutions across Sales, Customer Service, and Field Service modules. Th…",https://www.adzuna.in/land/ad/5875602815?se=umlB4ja78RG3jpCv9xpWmA&utm_medium=api&utm_source=0fd54924&v=828EC4B45EB8EA930AC73028B3BD25B1294DFC6F
business analyst,IT&D Senior Business Analyst - Genesis Procurement,Reckitt,"Hyderabad, Telangana",,,2026-08-12T01:59:43Z,"This job is with Reckitt, an inclusive employer and a member of myGwork – the largest global platform for the LGBTQ business community. Please do not contact the recruiter directly. We are Reckitt Home to the world's best loved and trusted hygiene, health, and nutrition brands. Our purpose defines why we exist: to protect, heal and nurture in the relentless pursuit of a cleaner, healthier world. We are a global team united by this purpose.Join us in our fight to make access to the highest quali…",https://www.adzuna.in/land/ad/5837139823?se=umlB4ja78RG3jpCv9xpWmA&utm_medium=api&utm_source=0fd54924&v=E235392770EDD9E2B0BEB7DD50D3CD0B7DE4F1D4
business analyst,"IT&D Senior Business Analyst, Rewards & Benefits",Reckitt,"Hyderabad, Telangana",,,2026-08-12T01:59:37Z,"This job is with Reckitt, an inclusive employer and a member of myGwork – the largest global platform for the LGBTQ business community. Please do not contact the recruiter directly. We are Reckitt Home to the world's best loved and trusted hygiene, health, and nutrition brands. Our purpose defines why we exist: to protect, heal and nurture in the relentless pursuit of a cleaner, healthier world. We are a global team united by this purpose.Join us in our fight to make access to the highest quali…",https://www.adzuna.in/land/ad/5837139504?se=umlB4ja78RG3jpCv9xpWmA&utm_medium=api&utm_source=0fd54924&v=4E720F36FFBE8800D6C7890BA9EFFA5233B9F5CF
business analyst,Senior Business Analyst – SAP SD/MM/PP,Thermo Fisher Scientific,"Bangalore, Karnataka",,,2026-09-23T14:40:07Z,"This job is with Thermo Fisher Scientific, an inclusive employer and a member of myGwork – the largest global platform for the LGBTQ business community. Please do not contact the recruiter directly. Work Schedule Standard (Mon-Fri) Environmental Conditions Office Job Description As part of the Thermo Fisher Scientific team, you’ll discover meaningful work that makes a positive impact on a global scale. Join our colleagues in bringing our Mission to life every single day to enable our customers …",https://www.adzuna.in/land/ad/5894979894?se=umlB4ja78RG3jpCv9xpWmA&utm_medium=api&utm_source=0fd54924&v=899A7F7591C19F2FF1B1F6E695D89793BC4E12A9
business analyst,Senior Business Analyst – Commercial AI & Digital Solutions,Thermo Fisher Scientific,"Bangalore, Karnataka",,,2026-09-16T22:34:59Z,"This job is with Thermo Fisher Scientific, an inclusive employer and a member of myGwork – the largest global platform for the LGBTQ business community. Please do not contact the recruiter directly. Work Schedule Standard (Mon-Fri) Environmental Conditions Office Job Description Thermo Fisher Scientific Inc. is the global leader in scientific solutions, generating an annual revenue of around $40 billion. Our Mission is to empower our customers to enhance global health, environmental cleanliness…",https://www.adzuna.in/land/ad/5886486834?se=umlB4ja78RG3jpCv9xpWmA&utm_medium=api&utm_source=0fd54924&v=1B9ED1B5FD0E78E7BBCE09CC1155F3E2141F5E4B
business analyst,Senior Business Analyst – Agentic Enterprise Intelligence (AEI),Quantiphi,"Mumbai, Maharashtra",,,2026-09-06T18:34:21Z,Quantiphi is an award winning Data Science and Machine Learning Software and Services Company focused on helping organizations translate the big promise of Machine Learning technologies into quantifiable business impact. We were founded on the belief that machine learning and artificial intelligence are transformative technologies that will create the next quantum gain in customer experience and unit economics of businesses. We are one of the five global launch partners for Google in Machine Le…,https://www.adzuna.in/land/ad/5873073968?se=umlB4ja78RG3jpCv9xpWmA&utm_medium=api&utm_source=0fd54924&v=B903CA81C63B24293431F7FFB6FD83B129848176
business analyst,Business Analyst III – SAP SD / Logistics Execution,Thermo Fisher Scientific,"Bangalore, Karnataka",,,2026-09-23T14:39:59Z,"This job is with Thermo Fisher Scientific, an inclusive employer and a member of myGwork – the largest global platform for the LGBTQ business community. Please do not contact the recruiter directly. Work Schedule Standard (Mon-Fri) Environmental Conditions Office Job Description As part of the Thermo Fisher Scientific team, you’ll discover meaningful work that makes a positive impact on a global scale. Join our colleagues in bringing our Mission to life every single day to enable our customers …",https://www.adzuna.in/land/ad/5894979560?se=umlB4ja78RG3jpCv9xpWmA&utm_medium=api&utm_source=0fd54924&v=CA6C7372E0FCC8C9DE6F7F55A18D3A043B64D590
business analyst,Manager- Policy Owner Service (Business Analyst- SQL),Axis Max Life Insurance Limited,India,,,2026-09-18T23:23:53Z,"Job Summary · A techno-functional leadership role responsible for translating Life Insurance Operations requirements into high-quality business requirements, functional specifications, process designs, and system enhancements. The role acts as the bridge between operations, product, technology, and testing teams to deliver change initiatives with strong governance, control, and business impact. · The incumbent is expected to bring strong domain expertise in Life Insurance operations, hands-on e…",https://www.adzuna.in/land/ad/5889679182?se=umlB4ja78RG3jpCv9xpWmA&utm_medium=api&utm_source=0fd54924&v=2EFFE15177A90363F69240800EC5C2F304686193
business analyst,Business Intelligence Analyst,"Pinnacle Group, Inc.",India,,,2026-09-18T17:30:32Z,Job Details: Position: Business Analyst Location: Remote Experience Required: 2–3 Years Key Responsibilities: Analyze large datasets to uncover business insights and trends. Develop and maintain interactive Tableau dashboards and visualizations. Write and optimize complex T-SQL queries for data extraction and analysis. Prepare executive-level PowerPoint presentations with actionable recommendations. Collaborate with business stakeholders to gather reporting requirements and support strategic de…,https://www.adzuna.in/land/ad/5889221059?se=umlB4ja78RG3jpCv9xpWmA&utm_medium=api&utm_source=0fd54924&v=398FE8FF79123FACDA08F5943B2609339F78824C
business analyst,"Business Management Analyst, AS",Deutsche Bank,"Mumbai, Maharashtra",,,2026-09-03T04:37:22Z,"This job is with Deutsche Bank, an inclusive employer and a member of myGwork – the largest global platform for the LGBTQ business community. Please do not contact the recruiter directly. Position Overview Role Description We are looking for an expert and forward-thinking Data Scientist/Analyst to shape and deliver strategic COO initiatives, operating model improvements and process excellence priorities across the Private Bank. Role requires understanding the project requirement & the process f…",https://www.adzuna.in/land/ad/5867727348?se=umlB4ja78RG3jpCv9xpWmA&utm_medium=api&utm_source=0fd54924&v=FB650AE0C5A0F639A3230D36D3A8F41BB48A14B8
business analyst,Business Intelligence Analyst,Omnicom Global Solutions,"Bangalore, Karnataka",,,2026-09-11T17:14:33Z,"Business Intelligence Location: Bangalore / Hyderabad (Hybrid) Shift: 11:00 AM – 8:00 PM IST Experience: 3–5 Years About the Role We are looking for a skilled Business Intelligence / Data Science Specialist with 3 to 5 years of experience to design, build, and maintain robust reporting solutions and analytics frameworks. In this role, you will bridge the gap between complex technical data systems and strategic business decisions, turning raw data into clear, actionable insights for key stakehol…",https://www.adzuna.in/land/ad/5879665881?se=umlB4ja78RG3jpCv9xpWmA&utm_medium=api&utm_source=0fd54924&v=F9E29EEA689E9617FBDD74921184FF4A8F5105CA
business analyst,Business Data Analyst,VOLTO Consulting,"Bangalore, Karnataka",,,2026-09-11T17:13:33Z,We’re looking for Data & Analytics professionals with strong hands-on experience in Microsoft Fabric. ⭐ MS FABRIC – MANDATORY  Location: Bangalore  Experience: 8–12 Years ⚡ Notice Period: Immediate Joiners Preferred Key Skills: • Microsoft Fabric ⭐ • Power BI • Qlik • Data Modelling & Analytics • Full Stack Development • Jira | GitHub | CI/CD  Interested? Share your updated CV: saraswathy.p@voltoconsulting.com Phone no- 9187225352,https://www.adzuna.in/land/ad/5879664973?se=umlB4ja78RG3jpCv9xpWmA&utm_medium=api&utm_source=0fd54924&v=2C0A57227B7AEDBD978559174DBC851C0B4B7E2C
business analyst,Senior Business Analysis - Sr Business Analyst - BNPP - Paribas,Capco,"Bangalore, Karnataka",,,2026-08-27T02:10:26Z,"This job is with Capco, an inclusive employer and a member of myGwork – the largest global platform for the LGBTQ business community. Please do not contact the recruiter directly. About Us “Capco, a Wipro company, is a global technology and management consulting firm. Awarded with Consultancy of the year in the British Bank Award and has been ranked Top 100 Best Companies for Women in India 2022 by Avtar & Seramount . With our presence across 32 cities across globe, we support 100 clients acros…",https://www.adzuna.in/land/ad/5857251124?se=umlB4ja78RG3jpCv9xpWmA&utm_medium=api&utm_source=0fd54924&v=2BDA6E1E87A7D7EDE3952410F9E14A4AB2AA5A62
business analyst,Business Analyst (Fully Remote) – Top US MNC (Enterprise Software),SkillsCapital,India,,,2026-09-14T17:18:47Z,"We are hiring Business Analysts to join a Top US MNC building and scaling large-scale enterprise platforms, cloud-native applications, SaaS products, and AI-powered business solutions.This is an opportunity to work with a globally recognized organization while collaborating with product managers, engineering teams, business stakeholders, and customers to translate business needs into high-impact technology solutions used by thousands to millions of users worldwide.Location 100% Remote Start Dat…",https://www.adzuna.in/land/ad/5883564043?se=umlB4ja78RG3jpCv9xpWmA&utm_medium=api&utm_source=0fd54924&v=ECF09730D1C9BCC6FB577E0DCC5B7ECCA4DC9791
business analyst,"Business Management Analyst, AVP",Deutsche Bank,"Mumbai, Maharashtra",,,2026-09-03T04:36:51Z,"This job is with Deutsche Bank, an inclusive employer and a member of myGwork – the largest global platform for the LGBTQ business community. Please do not contact the recruiter directly. Position Overview Role Description We are looking for an expert and forward-thinking Data Scientist/Expert to shape and deliver strategic COO initiatives, operating model improvements and process excellence priorities across the Private Bank. Role requires understanding the project requirement & the process fl…",https://www.adzuna.in/land/ad/5867726679?se=umlB4ja78RG3jpCv9xpWmA&utm_medium=api&utm_source=0fd54924&v=2488F69520E1565C12B6D1C35698E26B8FF6D9E2
business analyst,BUSINESS INTELLIGENCE ANALYST I,TE Connectivity,"Bangalore, Karnataka",,,2026-09-23T04:30:39Z,"This job is with TE Connectivity, an inclusive employer and a member of myGwork – the largest global platform for the LGBTQ business community. Please do not contact the recruiter directly. At TE, you will unleash your potential working with people from diverse backgrounds and industries to create a safer, sustainable and more connected world. Job Overview We are seeking a highly motivated Business Intelligence & Data Analytics Analyst to develop analytics solutions, enable data-driven decision…",https://www.adzuna.in/land/ad/5894389835?se=umlB4ja78RG3jpCv9xpWmA&utm_medium=api&utm_source=0fd54924&v=B5DECDC41DEE4EC6F1483D1A4AC0224C5CA4ECE0
business analyst,Business Development Analyst II,TE Connectivity,"Bangalore, Karnataka",,,2026-09-22T08:31:56Z,"This job is with TE Connectivity, an inclusive employer and a member of myGwork – the largest global platform for the LGBTQ business community. Please do not contact the recruiter directly. At TE, you will unleash your potential working with people from diverse backgrounds and industries to create a safer, sustainable and more connected world. Job Overview We are seeking a high-impact Data Analyst to support commercial and category management decision-making through advanced analytics. This rol…",https://www.adzuna.in/land/ad/5893510960?se=umlB4ja78RG3jpCv9xpWmA&utm_medium=api&utm_source=0fd54924&v=524059ADBC5E2CB97DB285704EA34F32A26EE05F
business analyst,Sr Business Systems Analyst,Moody's,India,,,2026-09-02T18:15:22Z,"This job is with Moody's, an inclusive employer and a member of myGwork – the largest global platform for the LGBTQ business community. Please do not contact the recruiter directly. At Moody's, we unite the brightest minds to turn today’s risks into tomorrow’s opportunities. We do this by striving to create an inclusive environment where everyone feels welcome to be who they are—with the freedom to exchange ideas, think innovatively, and listen to each other and customers in meaningful ways. Mo…",https://www.adzuna.in/land/ad/5867114866?se=umlB4ja78RG3jpCv9xpWmA&utm_medium=api&utm_source=0fd54924&v=9A6650C69654B90006EAFF308A34F46B36155343
business analyst,"Business Management Analyst, NCT",Deutsche Bank,"Pune, Maharashtra",,,2026-08-18T18:03:33Z,"This job is with Deutsche Bank, an inclusive employer and a member of myGwork – the largest global platform for the LGBTQ business community. Please do not contact the recruiter directly. Position Overview Role Description The PODL is a role responsible for leading all squads of platform services. Each squad will implement all enhancements and production fixes for Finacle, Document management, IVR, Robotics, Debit card management and all such satellite applications. The PODL is also responsible…",https://www.adzuna.in/land/ad/5846723135?se=iMR74za78RGPpPTv87sBag&utm_medium=api&utm_source=0fd54924&v=A5AA54991B2C4468C4D8836717F17BA6A3E56F93
business analyst,Principal Business Systems Analyst,Cornerstone OnDemand,"Hyderabad, Telangana",,,2026-08-12T01:59:18Z,"This job is with Cornerstone OnDemand, an inclusive employer and a member of myGwork – the largest global platform for the LGBTQ business community. Please do not contact the recruiter directly. Oracle Fusion Finance Systems Analyst(RTR) Cornerstoneis seeking a Oracle Fusion Finance Systems Analyst with strong expertisein Oracle Fusion Financials and Oracle Fusion Tax to support and enhanceend-to-end Financials and tax-related business processes. This role will ownthe functional configuration, …",https://www.adzuna.in/land/ad/5837138886?se=iMR74za78RGPpPTv87sBag&utm_medium=api&utm_source=0fd54924&v=BA78504A2BD51C4E8BE535B9A6B85D92D8F286DF
business analyst,Sr Business Application Analyst,Moody's,India,,,2026-08-18T18:03:40Z,"This job is with Moody's, an inclusive employer and a member of myGwork – the largest global platform for the LGBTQ business community. Please do not contact the recruiter directly. At Moody's, we unite the brightest minds to turn today’s risks into tomorrow’s opportunities. We do this by striving to create an inclusive environment where everyone feels welcome to be who they are—with the freedom to exchange ideas, think innovatively, and listen to each other and customers in meaningful ways. Mo…",https://www.adzuna.in/land/ad/5846723453?se=iMR74za78RGPpPTv87sBag&utm_medium=api&utm_source=0fd54924&v=EE2C4EDF00E47D65D245236B78E92008D3599176
business analyst,SR BUSINESS INTELLIGENCE ANALYST,TE Connectivity,"Bangalore, Karnataka",,,2026-09-17T08:31:14Z,"This job is with TE Connectivity, an inclusive employer and a member of myGwork – the largest global platform for the LGBTQ business community. Please do not contact the recruiter directly. At TE, you will unleash your potential working with people from diverse backgrounds and industries to create a safer, sustainable and more connected world. Job Overview This role is responsible for driving advanced analytics, AI, and machine learning solutions to improve Supply Chain performance and decision…",https://www.adzuna.in/land/ad/5887061515?se=iMR74za78RGPpPTv87sBag&utm_medium=api&utm_source=0fd54924&v=44E757BF4FB5655F3A273205D06B8CD58EB6503C
business analyst,SAP Business One Analyst,Electrosteel Group,India,,,2026-09-02T21:45:49Z,"Company – Electrosteel castings Ltd. Location - Kolkata, Camac Street Position/Designation: Executive to Asst. Manager – IT (Based upon the Qualification & Experience) Employment Type – Full Time Job Specifications/Qualification requirements: Essential Academic/Professional Qualification: BE / B. Tech — (IT / IS / Computer Science) / MCA / M.Sc. (Computer Science/Systems)/ MBA (Systems) SAP B1 Certification (Preferred) Length of Experience: 4-8 years as SAP B1 Techno-Functional Consultant Techn…",https://www.adzuna.in/land/ad/5867265173?se=iMR74za78RGPpPTv87sBag&utm_medium=api&utm_source=0fd54924&v=DF5F15CAA761A46F832318D061B4B928D9949348
business analyst,Business Intelligence Analyst_97046,MyCareernet,"Hyderabad, Telangana",,,2026-09-25T15:22:22Z,"Company:A Large Global Organization Key Skills: Tableau, Analytics, Data Visualization, Creating dashboards & reports, Excel Roles and Responsibilities: Conduct regular audits of source data to identify anomalies, inconsistencies, and gaps. Ensure stored data integrity by validating data transformation processes and identifying discrepancies. Develop and maintain data quality monitoring dashboards and alerts to detect errors and anomalies. Collaborate with engineering teams to implement data va…",https://www.adzuna.in/land/ad/5898127468?se=iMR74za78RGPpPTv87sBag&utm_medium=api&utm_source=0fd54924&v=53A2051C579CDD5BDB04E230FA03FE3EBF3438C9
business analyst,"Specialist, Business Analyst – Content Review Automation (AI-enabled MLR / Content Catalyst)",MSD,"Hyderabad, Telangana",,,2026-09-25T16:35:07Z,"This job is with MSD, an inclusive employer and a member of myGwork – the largest global platform for the LGBTQ business community. Please do not contact the recruiter directly. Job Description Specialist, Business Analyst - Content Review Automation (AI-enabled MLR / Content Catalyst) The Opportunity Based in Hyderabad, join a global healthcare biopharma company and be part of a 130- year legacy of success backed by ethical integrity, forward momentum, and an inspiring mission to achieve new m…",https://www.adzuna.in/land/ad/5898263683?se=iMR74za78RGPpPTv87sBag&utm_medium=api&utm_source=0fd54924&v=DA7E352AE2921065181F62C3245C23E9F829AEA6
business analyst,"Lead Business functional Analyst, VP",Deutsche Bank,"Pune, Maharashtra",,,2026-09-24T10:32:27Z,"This job is with Deutsche Bank, an inclusive employer and a member of myGwork – the largest global platform for the LGBTQ business community. Please do not contact the recruiter directly. Position Overview Role Description Our Technology, Data and Innovation (TDI) strategy is focusing on strengthening engineering expertise, introducing an Agile delivery model, as well as modernizing the Bank's IT infrastructure. You will be responsible for end-to-end delivery of entire engineering solutions to …",https://www.adzuna.in/land/ad/5896317332?se=iMR74za78RGPpPTv87sBag&utm_medium=api&utm_source=0fd54924&v=A082A760EC25EA3D7C8B29373FA8BBDF2231164D
business analyst,"Senior Business Intelligence Analyst, Global Sales",Getinge,"Mumbai, Maharashtra",,,2026-09-09T14:45:58Z,"Job Overview We are seeking a highly analytical and business-focused Senior Business Intelligence Analyst to partner with our Global Sales organization and drive data-driven decision-making across the business. In this role, you will act as the bridge between business stakeholders and technical teams, transforming complex business requirements into impactful Power BI and AI-enabled analytics solutions. You will lead the enhancement and governance of our global reporting ecosystem, deliver actio…",https://www.adzuna.in/land/ad/5876872332?se=iMR74za78RGPpPTv87sBag&utm_medium=api&utm_source=0fd54924&v=4FD7E5808E71F09FD7A03DDC7F371FFF8ECC3D69
business analyst,Sr Business Systems Analyst - Vertex Implementation,Moody's,"Bangalore, Karnataka",,,2026-09-25T16:35:01Z,"This job is with Moody's, an inclusive employer and a member of myGwork – the largest global platform for the LGBTQ business community. Please do not contact the recruiter directly. At Moody's, we unite the brightest minds to turn today’s risks into tomorrow’s opportunities. We do this by striving to create an inclusive environment where everyone feels welcome to be who they are—with the freedom to exchange ideas, think innovatively, and listen to each other and customers in meaningful ways. Mo…",https://www.adzuna.in/land/ad/5898263224?se=iMR74za78RGPpPTv87sBag&utm_medium=api&utm_source=0fd54924&v=18036F057C7B249251D77A9B26EEE16689C19845
business analyst,Business Finance Senior Analyst,Deutsche Bank,"Mumbai, Maharashtra",,,2026-08-18T18:03:38Z,"This job is with Deutsche Bank, an inclusive employer and a member of myGwork – the largest global platform for the LGBTQ business community. Please do not contact the recruiter directly. Position Overview Job Title: Business Finance Senior Analyst Corporate Title: AVP Location: Mumbai, India Role Description Within Business Finance, we have Revenue Control & Financial Control functions. For each product / business line the Revenue control & Financial control responsibilities are segregated & w…",https://www.adzuna.in/land/ad/5846723378?se=iMR74za78RGPpPTv87sBag&utm_medium=api&utm_source=0fd54924&v=A8D5A375F09A5AD261972942F70E863FDE622222
business analyst,Business Finance Senior Analyst,Deutsche Bank,"Mumbai, Maharashtra",,,2026-08-18T18:03:33Z,"This job is with Deutsche Bank, an inclusive employer and a member of myGwork – the largest global platform for the LGBTQ business community. Please do not contact the recruiter directly. Position Overview Role Description The Business Finance function is responsible for the production of business level revenue attribution, financial accounting and financial disclosures. It ensures, on a daily basis, the accurate and timely reporting of Profit and Loss (PnL) for each business unit and ensures t…",https://www.adzuna.in/land/ad/5846723110?se=iMR74za78RGPpPTv87sBag&utm_medium=api&utm_source=0fd54924&v=2EA1145F5EFE160755466CD78E5ABD9C03F95872
business analyst,Business Risk & Control Analyst,Deutsche Bank,"Mumbai, Maharashtra",,,2026-09-03T04:37:10Z,"This job is with Deutsche Bank, an inclusive employer and a member of myGwork – the largest global platform for the LGBTQ business community. Please do not contact the recruiter directly. Position Overview Role Description About Deutsche Bank: Deutsche Bank is the leading German bank with strong European roots and a global network. We’re driving growth through our strong client franchise. Against a backdrop of increasing globalization in the world economy, Deutsche Bank is very well-positioned,…",https://www.adzuna.in/land/ad/5867727281?se=iMR74za78RGPpPTv87sBag&utm_medium=api&utm_source=0fd54924&v=797670071ADDF18B487D7A07BB3E6D606261B9B3
business analyst,Business Finance Senior Analyst,Deutsche Bank,"Mumbai, Maharashtra",,,2026-09-11T12:21:24Z,"This job is with Deutsche Bank, an inclusive employer and a member of myGwork – the largest global platform for the LGBTQ business community. Please do not contact the recruiter directly. Position Overview Location: Mumbai, India Corporate Title: AS Role Description The Business Finance function is responsible for the production of business level revenue attribution, financial accounting and financial disclosures for Financing produccts like Loans, Bonds and it’s hedges such as Rates Swaps, Loa…",https://www.adzuna.in/land/ad/5879392072?se=iMR74za78RGPpPTv87sBag&utm_medium=api&utm_source=0fd54924&v=C8BCF1FCA8659DE97BD18F539AD49FF5F5772116
business analyst,Business Finance Senior Analyst,Deutsche Bank,"Mumbai, Maharashtra",,,2026-09-18T04:29:38Z,"This job is with Deutsche Bank, an inclusive employer and a member of myGwork – the largest global platform for the LGBTQ business community. Please do not contact the recruiter directly. Position Overview Corporate Title: Associate Location: Mumbai, India Role Description Individual Contributor Role within US Rates Business Finance team covering Product Control and Financial control functions. This role is based out in DIPL Mumbai and will be reporting to AVP / VP Business Finance Lead. Revenu…",https://www.adzuna.in/land/ad/5888300200?se=iMR74za78RGPpPTv87sBag&utm_medium=api&utm_source=0fd54924&v=2A8DE45B8251BAE7F0FF0631B89151CD2AC9965B
business analyst,"Business Functional Analyst with German fluency (Midrange), AVP",Deutsche Bank,"Pune, Maharashtra",,,2026-09-18T04:29:36Z,"This job is with Deutsche Bank, an inclusive employer and a member of myGwork – the largest global platform for the LGBTQ business community. Please do not contact the recruiter directly. Position Overview Role Description Our investments – agile teams at Deutsche Bank - Private Bank (TDI) develop and maintain applications for securities business of Private Customers. Changes are generally announced on short notice due to regulatory requirements or time to market challenges. Quality and stabili…",https://www.adzuna.in/land/ad/5888300171?se=iMR74za78RGPpPTv87sBag&utm_medium=api&utm_source=0fd54924&v=6F3148162D9118DEE3E7408B8084BCDC7136ABDF
business analyst,Business Systems Analyst - SAP S4/Hana Revenue Product Owner,Moody's,India,,,2026-09-16T02:30:49Z,"This job is with Moody's, an inclusive employer and a member of myGwork – the largest global platform for the LGBTQ business community. Please do not contact the recruiter directly. At Moody's, we unite the brightest minds to turn today’s risks into tomorrow’s opportunities. We do this by striving to create an inclusive environment where everyone feels welcome to be who they are—with the freedom to exchange ideas, think innovatively, and listen to each other and customers in meaningful ways. Mo…",https://www.adzuna.in/land/ad/5885147310?se=iMR74za78RGPpPTv87sBag&utm_medium=api&utm_source=0fd54924&v=3A3E356ABE6CC1F319F3A1722736436BF59FF679
business analyst,"HCM Business Advisory Senior Analyst, AVP",Deutsche Bank,"Bangalore, Karnataka",,,2026-09-26T12:33:27Z,"This job is with Deutsche Bank, an inclusive employer and a member of myGwork – the largest global platform for the LGBTQ business community. Please do not contact the recruiter directly. Position Overview Role Description HCM Business Advisory supports HR strategies and initiatives across the bank. It is also a key enabler of effective delivery of the banks HR strategy through the provision of expert knowledge and support on HR policies, programmes, processes, people strategy and ensures consi…",https://www.adzuna.in/land/ad/5899377941?se=iMR74za78RGPpPTv87sBag&utm_medium=api&utm_source=0fd54924&v=67472106A6E08177686EAB926009933F3A405D4D
business analyst,Servicenow BA,Getronics,"Bangalore, Karnataka",,,2026-09-15T07:09:04Z,"About the Company Getronics is dedicated to providing innovative IT solutions that enhance business processes and improve customer experiences. Our mission is to deliver exceptional service and support, fostering a culture of collaboration and continuous improvement. About the Role The ServiceNow Business Analyst will act as the main link between our customers and our technical team. They will be responsible for listening to customer needs, defining the requirements for new ServiceNow features,…",https://www.adzuna.in/land/ad/5884160183?se=iMR74za78RGPpPTv87sBag&utm_medium=api&utm_source=0fd54924&v=8CE8090ACA2ACF3832C8E548212314A6ADA1D1EF
business analyst,Sr. UI/UX Designer,2Base Technologies,"Kochi, Ernakulam",,,2026-09-25T01:59:12Z,"2Base Technologies is a custom software development company with over 16 years of delivery experience, working as an enterprise solutions partner for clients in the United States, the United Kingdom and other global markets. Our work spans custom software development, AI implementation, legacy system modernisation and operational transformation. This role designs the interfaces our clients' users actually work in. You will take functional requirements and wireframes and turn them into interface…",https://www.adzuna.in/land/ad/5897296568?se=iMR74za78RGPpPTv87sBag&utm_medium=api&utm_source=0fd54924&v=73173DB5CAD8024F5EA6209878BD7BE3B9C079D4
business analyst,Business Intelligence Engineer,NAF Technology India,"Chennai, Tamil Nadu",,,2026-09-24T15:17:33Z,"Responsibilities Work with lead analyst onshore to develop, enhance, and maintain reports and dashboards to drive stakeholder engagement and report cohesiveness. Experience in building Power BI Dashboards using DAX Functions / merging multiple data sets/data sources. Experience in building SSRS Reports using merging multiple data sets/data sources. SQL knowledge required (Snowflake preferred), in querying data sets, identifying data quality issues. Strong attention to detail. Analytical and pro…",https://www.adzuna.in/land/ad/5896612639?se=iMR74za78RGPpPTv87sBag&utm_medium=api&utm_source=0fd54924&v=6FEC6979320ADDBCF4BA1451DC72E5373E1EF875
business analyst,SAP FICO Consultant,Mantras2Success.com,"Ahmedabad, Gujarat",,,2026-09-09T14:45:08Z,"Hiring: Business Analyst – SAP FICO Consultant  Location: Ahmedabad  Experience: 3 Years  Salary: As per the company Norms  Shift: US Shift | 2:30 PM – 11:30 PM IST  About the Company Our client is a 60 year-old global manufacturing organization specializing in monolithic refractory ceramics and precast shapes. With an international presence, the organisation focuses on quality, innovation, technical excellence, and exceptional customer service .  Role Overview We are looking for a Business An…",https://www.adzuna.in/land/ad/5876870809?se=iMR74za78RGPpPTv87sBag&utm_medium=api&utm_source=0fd54924&v=4BBFCC617DB03137850350FBAEAD68B408EF1504
business analyst,Head Customer Success [T500-29223],Talent500,"Mumbai, Maharashtra",,,2026-09-09T14:45:57Z,"Talent500 is hiring for one of its clients. Key Responsibilities: Own and drive the Customer Success Operations strategy across onboarding, adoption, support and ongoing customer engagement. Lead SaaS customer onboarding, upgrades and adoption, ensuring smooth implementation and time-to-value. Manage global customer relationships and maintain strong engagement with senior stakeholders. Lead Customer Support and Business Analyst teams, setting clear goals, KPIs and performance expectations. Own …",https://www.adzuna.in/land/ad/5876872322?se=iMR74za78RGPpPTv87sBag&utm_medium=api&utm_source=0fd54924&v=F12D368D728001490CE6B862B77E18AB7B91627F
business analyst,Strategy Analyst,SPIRO,India,,,2026-09-12T01:05:05Z,"Role Profile: Business Analyst- Energy Location: Bangalore/ Pune Reports to: Head Energy About Spiro SPIRO is a Time 100 Influential Company 2024. Our mission is to accelerate the access of affordable, clean energy technology in the mobility sector through excellent customer service and continued agility. Currently building manufacturing and assembling facilities, SPIRO will be the first company to manufacture e-bikes and batteries in Africa, helping to solve import-export imbalances, unlocking…",https://www.adzuna.in/land/ad/5880064467?se=iMR74za78RGPpPTv87sBag&utm_medium=api&utm_source=0fd54924&v=1E2E35CDC2BFB8218D9C3627CAE1ECA21A74FF56
business analyst,Liquidity - Design Analyst,Capco,India,,,2026-08-12T01:59:39Z,"This job is with Capco, an inclusive employer and a member of myGwork – the largest global platform for the LGBTQ business community. Please do not contact the recruiter directly. Role purpose This role is within the Design capability for Finance on the cloud under Transformation Family. Requirement Analysis & Design team is a team formed under change delivery and this role is expected to support Finance in the cloud design & implementation work India. The team consist of 30-40 Business analyst…",https://www.adzuna.in/land/ad/5837139625?se=iMR74za78RGPpPTv87sBag&utm_medium=api&utm_source=0fd54924&v=4512448BB1CAA607C8FADF9953897FB2699D9547
business analyst,MIS Executive,Anand Rathi Share and Stock Brokers Ltd,"Mumbai, Maharashtra",,,2026-09-20T17:32:25Z,Anand Rathi Shares and Stockbrokers is Hiring for MIS Executive. Job Description: - • Possess a strong understanding of the current regulatory environment and financial / securities market rules and regulations • One point of contact at HO Level for Operations & Business MIS Support for different Business • Handling teams and help them to prepare MIS and Submit to respective Business • Creating required MIS to the management for the business understanding • Scheduling and creating a review fram…,https://www.adzuna.in/land/ad/5891690213?se=iMR74za78RGPpPTv87sBag&utm_medium=api&utm_source=0fd54924&v=C04289C50A9DAAE18AE976E77343D5F56A26150E
business analyst,Guidewire CC Configuration Developer- Immediate Joiners,Stratus,India,,,2026-09-23T19:42:16Z,"Job Description: We are looking for a skilled Guidewire ClaimCenter Configuration Developer to join our team. The ideal candidate will have strong experience in configuring ClaimCenter and delivering high-quality solutions within the Guidewire platform. Key Responsibilities: Configure and customize Guidewire ClaimCenter based on business requirements Develop and maintain business rules, workflows, and UI components Collaborate with business analysts and stakeholders to understand functional nee…",https://www.adzuna.in/land/ad/5895240199?se=iMR74za78RGPpPTv87sBag&utm_medium=api&utm_source=0fd54924&v=E8916D7C1B735755EC7533FEEC76DA10F5469B9B
business analyst,Functional Product Analyst (AA) - India,Thakral One,India,,,2026-09-01T16:22:48Z,"As a Functional Product Analyst (AA) , you will support analysis, configuration, and delivery activities across AA Retail, AA Deposits, and AA Loans in the Temenos T24 core banking system. You will interpret business requirements, work directly with users, and contribute to implementation projects through strong functional expertise. What You’ll Do and How You’ll Succeed Job Requirements Apply more than ten years of experience as a Business Analyst in the Temenos T24 core banking system. Use st…",https://www.adzuna.in/land/ad/5864438745?se=iMR74za78RGPpPTv87sBag&utm_medium=api&utm_source=0fd54924&v=E8101848FFAF6D3CC16F717117F96F7F9F74CF6B
business analyst,Global Payments Operations,Undisclosed,"Hyderabad, Telangana",,,2026-09-28T07:39:53Z,"Hiring: Lead Business Analyst – Global Payments Operations (GPS) We are looking for an experienced Lead Business Analyst / Discovery Lead with strong exposure to Payments Operations and Service Journeys within the Financial Services domain. The role will lead discovery across priority Global Payment Services (GPS) Operations journeys , identify improvement opportunities, benchmark against industry practices, and help define and embed operational Gold Standards . Key Responsibilities • Lead disc…",https://www.adzuna.in/land/ad/5901137209?se=iMR74za78RGPpPTv87sBag&utm_medium=api&utm_source=0fd54924&v=2752113C6D1A06697AF876CD5A6DCC4786A5D1AD
business analyst,Oracle GTM Consultant,Insight Global,"Bangalore, Karnataka",,,2026-09-16T17:34:39Z,"We are seeking an experienced Oracle GTM Techno-Functional Business Analyst to support the global rollout and ongoing enhancement of Oracle GTM (Global Trade Management). With the initial implementation complete, this role will focus on maintenance, optimization, and expansion of the tool for our client's global customers. The ideal candidate will partner closely with business stakeholders to gather and analyze requirements, drive global communication, and lead functional enhancements, configur…",https://www.adzuna.in/land/ad/5886098783?se=iMR74za78RGPpPTv87sBag&utm_medium=api&utm_source=0fd54924&v=B0098985366EF3BCA98D2E9E598A19684578EEE9
business analyst,IBM MQ,Tata Consultancy Services,"Bangalore, Karnataka",,,2026-09-14T01:15:20Z,"Preferred Skills IBM MQ on Docker/OpenShift/Kubernetes. IBM MQ Appliance administration. IBM Integration Bus (IIB) / IBM ACE exposure. Scripting knowledge (Shell, Python). Experience with DevOps tools such as Jenkins, Git, Ansible. Cloud platform exposure (Azure, AWS, GCP). Key Responsibilities Design and develop integration solutions using Apache Camel. Build and maintain Camel Routes using Java DSL and XML DSL. Develop REST/SOAP services and microservices using Spring Boot. Implement message …",https://www.adzuna.in/land/ad/5882866389?se=iMR74za78RGPpPTv87sBag&utm_medium=api&utm_source=0fd54924&v=F2053D14F084F3AD87F7C0DBED021ADB9EF6E86F
business analyst,Automation Engineer,QualityKiosk Technologies,"Mumbai, Maharashtra",,,2026-09-13T01:07:03Z,"Job Summary We are seeking a skilled and passionate Automation Engineer with strong experience in Robot Framework and Python to join our growing QA and Engineering team. The ideal candidate will be responsible for designing, developing, and maintaining robust automation frameworks, improving test coverage, and ensuring the delivery of high-quality software products. Key Responsibilities Design, develop, and execute automated test scripts using Robot Framework and Python . Build, enhance, and ma…",https://www.adzuna.in/land/ad/5881760260?se=iMR74za78RGPpPTv87sBag&utm_medium=api&utm_source=0fd54924&v=3603C1FEEC8EC86EB1CA319AA467413FA472B55A
business analyst,Senior Technical Specialist,Sikich India,India,,,2026-09-20T23:27:39Z,"We are seeking a Senior Technical Specialist to join our Professional Services team supporting the implementation, configuration, and business analysis of our ConceptOne™ platform and advanced Identity & Access Management solutions. This role is ideal for a technically strong professional with expertise in SQL development, system configuration, business requirements gathering, and analysis. You will possess deep insurance domain knowledge and the ability to work directly with project teams to d…",https://www.adzuna.in/land/ad/5891978216?se=iMR74za78RGPpPTv87sBag&utm_medium=api&utm_source=0fd54924&v=A43AFFED9CE912E676C00A84046508ED65D7E6C3
business analyst,Spark/Scala Data Engineer,Tata Consultancy Services,"Chennai, Tamil Nadu",,,2026-09-18T17:28:23Z,"Spark/Scala Data Engineer Job Title: Spark/Scala Data Engineer Experience: 4-10 Years Location: Chennai Job Type: Full-Time Job Summary We are looking for a highly skilled Spark/Scala Data Engineer with strong experience in Big Data technologies. The ideal candidate will design, develop, and maintain scalable data pipelines and data processing applications using Spark and Scala while working closely with business and analytics teams. Key Responsibilities Design, develop, and optimize large-scal…",https://www.adzuna.in/land/ad/5889214883?se=iMR74za78RGPpPTv87sBag&utm_medium=api&utm_source=0fd54924&v=5A7E88504A5A56684FEC6AA6017B9F06CDAD1376
business analyst,Data Analyst,Ignisov Consulting Services,"Bangalore, Karnataka",,,2026-09-09T14:44:26Z,"Role: Data Analyst Job Type: Full-time (Hybrid) Job Location: Bangalore Experience: 6 years Notice Period: Immediate to 30 Days Job Description: Must have strong experience in the Manufacturing domain. Experience working with SAP and Non-SAP data. Strong knowledge of SQL and Python/R. Experience with Azure Data Factory (ADF) and Databricks. Strong understanding of Data Modelling, ETL, Data Mapping, and Data Quality. Experience with Power BI, Tableau, or Looker. Analyze large and complex dataset…",https://www.adzuna.in/land/ad/5876869978?se=iMR74za78RGPpPTv87sBag&utm_medium=api&utm_source=0fd54924&v=072D1CE1CC72D0FC85E89D98E0B5C45236CC78D8
business analyst,Product Manager,Capco,"Bangalore, Karnataka",,,2026-08-12T01:59:34Z,"This job is with Capco, an inclusive employer and a member of myGwork – the largest global platform for the LGBTQ business community. Please do not contact the recruiter directly. Job Title: Business Analyst- Capital Market/IB Domain About Us “Capco, a Wipro company, is a global technology and management consulting firm. Awarded with Consultancy of the year in the British Bank Award and has been ranked Top 100 Best Companies for Women in India 2022 by Avtar & Seramount . With our presence acros…",https://www.adzuna.in/land/ad/5837139383?se=iMR74za78RGPpPTv87sBag&utm_medium=api&utm_source=0fd54924&v=B59C2764E993F20F6D103EFED86F1CBDA506836F
business analyst,BA -Capital Market - Bangalore,Capco,"Bangalore, Karnataka",,,2026-08-12T01:59:34Z,"This job is with Capco, an inclusive employer and a member of myGwork – the largest global platform for the LGBTQ business community. Please do not contact the recruiter directly. Job Title: Business Analyst- Capital Market/IB Domain About Us “Capco, a Wipro company, is a global technology and management consulting firm. Awarded with Consultancy of the year in the British Bank Award and has been ranked Top 100 Best Companies for Women in India 2022 by Avtar & Seramount . With our presence acros…",https://www.adzuna.in/land/ad/5837139372?se=iMR74za78RGPpPTv87sBag&utm_medium=api&utm_source=0fd54924&v=6AEF408EF496944EC4C39A07105E9A4A40175640
business analyst,BA - Capital Market,Capco,"Mumbai, Maharashtra",,,2026-09-24T20:32:21Z,"This job is with Capco, an inclusive employer and a member of myGwork – the largest global platform for the LGBTQ business community. Please do not contact the recruiter directly. Job Title: Business Analyst- Capital Market/IB Domain About Us “Capco, a Wipro company, is a global technology and management consulting firm. Awarded with Consultancy of the year in the British Bank Award and has been ranked Top 100 Best Companies for Women in India 2022 by Avtar & Seramount . With our presence acros…",https://www.adzuna.in/land/ad/5896964096?se=iMR74za78RGPpPTv87sBag&utm_medium=api&utm_source=0fd54924&v=FAD030ACD59B482CC5D69BE05AFCB0298BC28FAA
business analyst,PM/BA -Capital Market - Mumbai,Capco,"Mumbai, Maharashtra",,,2026-09-18T14:36:06Z,"This job is with Capco, an inclusive employer and a member of myGwork – the largest global platform for the LGBTQ business community. Please do not contact the recruiter directly. Job Title: Business Analyst- Capital Market/IB Domain About Us “Capco, a Wipro company, is a global technology and management consulting firm. Awarded with Consultancy of the year in the British Bank Award and has been ranked Top 100 Best Companies for Women in India 2022 by Avtar & Seramount . With our presence acros…",https://www.adzuna.in/land/ad/5888968492?se=iMR74za78RGPpPTv87sBag&utm_medium=api&utm_source=0fd54924&v=6BE2A09A336BEF49BCE9280386C1F79843562065
business analyst,Sales Enablement Specialist,LTM,"Mumbai, Maharashtra",,,2026-09-25T15:23:44Z,"Role Overview We are looking for Salesforce CRM Business Analyst to support sales and CRM initiatives. This role serves as the key liaison between business stakeholders and technology teams, translating business requirements into scalable and effective Salesforce solutions. The ideal candidate will possess strong Salesforce functional expertise, analytical thinking, stakeholder management skills, and hands-on experience in reporting, CRM support, business analysis, testing, training, and contin…",https://www.adzuna.in/land/ad/5898129320?se=iMR74za78RGPpPTv87sBag&utm_medium=api&utm_source=0fd54924&v=216A5EA9527CE5EB9F27AAC511362CB5B04B9EDA
business analyst,OSDU Specialist,HCLTech,"Noida, Ghaziabad",,,2026-09-01T16:22:14Z,"Role: Business Analyst - OSDU Location: Noida /Bangalore Role Summary We are looking for a senior Upstream Business Analyst with strong, hands-on expertise on the OSDU (Open Subsurface Data Universe) Data Platform. The role sits at the intersection of subsurface and wells business workflows and the OSDU cloud-native data architecture, covering the end-to-end delivery lifecycle – requirement analysis, functional and data design, development coordination, ingestion configuration, packaging and te…",https://www.adzuna.in/land/ad/5864434982?se=iMR74za78RGPpPTv87sBag&utm_medium=api&utm_source=0fd54924&v=24D661D43B3026987EE94F6BB9A657B8F490709F
business analyst,Sr. Quality Analyst,UNPlus Solutions,"Bangalore, Karnataka",,,2026-09-25T15:22:48Z,"About Organization: bolt is the leading insurance exchange for the P&C insurance industry, uniting distributors, and providers on a single platform to transform the way insurance is bought and sold. The result is the world’s biggest exchange, working with two-thirds of America’s leading carriers and connecting more people with ways to protect the things they value. Role/ Profile Details: Bolt is looking for a Senior Quality Analyst to join our growing team within the BOLT AI & Analytics group .…",https://www.adzuna.in/land/ad/5898127918?se=iMR74za78RGPpPTv87sBag&utm_medium=api&utm_source=0fd54924&v=114764AB3140DE49E74CD218EBE5C401B93690EC
business analyst,Quality Assurance Automation Engineer,QualiZeal,"Hyderabad, Telangana",,,2026-09-01T16:22:31Z,"QA Automation Engineer – TestIM Job Summary We are seeking a QA Automation Engineer with 6-10 years of experience in software testing and 4 years of hands-on expertise in TestIM. The ideal candidate will be responsible for developing and maintaining automation frameworks, executing automated test suites, integrating automation with CI/CD pipelines, and ensuring high-quality software delivery. Key Responsibilities Design, develop, and maintain automated test scripts usin g Testim. Automate Smoke…",https://www.adzuna.in/land/ad/5864436590?se=iMR74za78RGPpPTv87sBag&utm_medium=api&utm_source=0fd54924&v=9401CE524AA8D611C6C1FD0FEBDF25868DBB16EE
business analyst,Calypso Back Office BA,Bounteous,India,,,2026-09-15T07:08:23Z,"Job Summary: We are looking for an experienced Business Analyst with strong Calypso Back Office domain knowledge and hands-on exposure to the Collateral module. The candidate will work closely with business stakeholders and technology teams to gather requirements, analyze processes, and support solution delivery for Calypso-based back-office and collateral management functions. Key Responsibilities: Gather, analyze, and document business requirements for Calypso Back Office and Collateral proce…",https://www.adzuna.in/land/ad/5884159178?se=iMR74za78RGPpPTv87sBag&utm_medium=api&utm_source=0fd54924&v=69676F8811A8226EDCB6A6148953A1E1F6D68D29
business analyst,IBM Infosphere DataStage,Tata Consultancy Services,"Hyderabad, Telangana",,,2026-09-25T21:58:28Z,"Tcs Hiring Tcs is Having virtual drive for skill IBM Infosphere DataStage at TCS chennai,hyderbad n banglore location Exp Req:5 to 8 yrs JD JD for IBM Infosphere DataStage: 1. Design, develop, and maintain ETL jobs using IBM DataStage 11.x (Parallel and Server jobs). 2. Build scalable data pipelines for data extraction, transformation, and loading from multiple source systems. 3. Optimize DataStage jobs for high performance, reliability, and reusability. 4. Troubleshoot ETL failures, performanc…",https://www.adzuna.in/land/ad/5898533170?se=iMR74za78RGPpPTv87sBag&utm_medium=api&utm_source=0fd54924&v=134685EA700627832100F8F6B1E2B3FB247FF5F4
business analyst,Project Manager,National e-Governance Division,"New Delhi, Delhi",,,2026-09-26T15:26:10Z,"Key Responsibilities: Oversee the day-to-day project timeline for OPOP, coordinate the extended NeGD/agency project team & ensure deliverables meet agreed goals & deadlines. Write project specifications, break work into milestones/sprints & work on realistic estimates for each phase of the project. Manage project risks, issues & dependencies, and maintain the project's RAID log & status dashboards. Coordinate UAT, release planning, stabilization & change-control activities across Bhavishya, CPE…",https://www.adzuna.in/land/ad/5899510857?se=iMR74za78RGPpPTv87sBag&utm_medium=api&utm_source=0fd54924&v=368A3D392C953F3B6B9BBECDFB3534677BF99A97
business analyst,Azure Data Engineer,Tata Consultancy Services,"Hyderabad, Telangana",,,2026-09-11T17:17:16Z,"Overall Experience: 6 to 12 Years Job Location: Bangalore/Hyderabad/Chennai Job Requirements* Azure data factory, Databricks, synapse, delta lake development with hands-on coding experience Implement ETL solution to integrate, transform and load data from various sources into data lake and data warehouse Hands-on expertise in python, pyspark and sql for large scale data processing Optimize and tune data pipelines for performance and scalability Ability to write complex SQL queries Collaborate w…",https://www.adzuna.in/land/ad/5879671139?se=iMR74za78RGPpPTv87sBag&utm_medium=api&utm_source=0fd54924&v=195099C2F04853363BCC0176AB65DC578ABFA2C3
business analyst,Data Quality Engineer,BPMLinks,"Hyderabad, Telangana",,,2026-09-02T02:21:56Z,"Job Title: QA Data Engineer (4-5 years) Location: Hitech City, Hyderabad About Us: We are seeking an experienced and highly motivated QA Data Engineer. The ideal candidate will play a critical role in ensuring the quality, accuracy, integrity, and reliability of enterprise data platforms, ETL pipelines, data warehouses, and reporting systems. The candidate will work closely with Data Engineers, Business Analysts, QA teams, and client stakeholders to validate complex data transformations, automa…",https://www.adzuna.in/land/ad/5865286259?se=iMR74za78RGPpPTv87sBag&utm_medium=api&utm_source=0fd54924&v=6DBC47CEB2597F6BCA10040F3F34EBC6824679F9
business analyst,Consultant - Salesforce Development [T500-29456],CIBC India,"Hyderabad, Telangana",,,2026-09-19T17:36:01Z,"About CIBC: CIBC is a leading North American bank, with a history of more than 150 years of living our purpose - to help make your ambition a reality. Client relationships are at the center of our strategy, and our growth is enabled by a highly engaged and connected global team. From digital banking to community impact, we’re proud to drive progress for our clients and our communities. Recognized for our culture, award-winning innovation and community investment, CIBC continues to evolve by put…",https://www.adzuna.in/land/ad/5890613626?se=iMR74za78RGPpPTv87sBag&utm_medium=api&utm_source=0fd54924&v=521C4487963FB390AC7CC457E04BD93FF87EF890
business analyst,Reporting Analyst,Capco,"Mumbai, Maharashtra",,,2026-09-24T20:32:20Z,"This job is with Capco, an inclusive employer and a member of myGwork – the largest global platform for the LGBTQ business community. Please do not contact the recruiter directly. Job Title: Capital Reporting About Us “Capco, a Wipro company, is a global technology and management consulting firm. Awarded with Consultancy of the year in the British Bank Award and has been ranked Top 100 Best Companies for Women in India 2022 by Avtar & Seramount. With our presence across 32 cities across globe, …",https://www.adzuna.in/land/ad/5896964053?se=iMR74za78RGPpPTv87sBag&utm_medium=api&utm_source=0fd54924&v=C9835B156E863CC01DE5D5AA4384CBFB99CD70AF
business analyst,Analyst – COO Office,Alpha Alternatives,India,,,2026-09-19T17:32:25Z,"Role Summary Seeking a highly motivated and detail-oriented professional to join the COO Office. The role offers an opportunity to work closely with senior leadership on strategic initiatives, business performance tracking, operational excellence, regulatory reporting, and cross-functional projects that drive organizational growth and efficiency. The ideal candidate should possess strong analytical capabilities, excellent stakeholder management skills, and a keen understanding of financial serv…",https://www.adzuna.in/land/ad/5890612181?se=7A6z5Da78RGV2Kx8uUfkiA&utm_medium=api&utm_source=0fd54924&v=08F510790860E11F185D7C20B82F7542EDC12E40
business analyst,Java Backend Developer,TechDoQuest,"Hyderabad, Telangana",,,2026-09-28T07:40:38Z,"Location: Hyderabad, India Work hours: 2:00 PM–11:00 PM IST Company: TechDoQuest Work Model: Hybrid/Onsite TechDoQuest is hiring a Java Developer to build and enhance APIs and integrations for Sleep Country Canada’s ecommerce and enterprise systems. You will work with architects, business analysts, and development teams to deliver reliable services that support customer and operational workflows. Responsibilities Design, develop, and maintain REST APIs using Java and Spring Boot. Build integrat…",https://www.adzuna.in/land/ad/5901137419?se=7A6z5Da78RGV2Kx8uUfkiA&utm_medium=api&utm_source=0fd54924&v=015EF35AD6EBC85361E944F2B6D47988A4D5BBBE
business analyst,Project Manager – Zoho Implementation,Automate Accounts,India,,,2026-09-07T00:55:57Z,"We are looking for an experienced Project Manager – Zoho Implementation to lead end-to-end Zoho implementation and digital transformation projects for international clients. The ideal candidate will combine strong project management, client management, business analysis, and Zoho expertise. You will work closely with business owners and leadership teams to understand their operational challenges, translate business requirements into scalable solutions, and lead cross-functional teams to deliver…",https://www.adzuna.in/land/ad/5873278009?se=7A6z5Da78RGV2Kx8uUfkiA&utm_medium=api&utm_source=0fd54924&v=AC02C5C9426B9C365F1BAE921BEB975D365C058B
business analyst,CRM Practice Leader,Axtria - Ingenious Insights,"Noida, Ghaziabad",,,2026-09-18T17:29:37Z,"Role Summary A visionary and entrepreneurial Director to build and scale its next-generation Vault CRM & Life Sciences CRM Practice. This leader will be responsible for establishing Axtria as a trusted implementation, transformation, and AI innovation partner across Veeva Vault CRM, Salesforce Life Sciences Cloud, Health Cloud, and Agentic AI-enabled CRM solutions. The role combines practice leadership, solution strategy, delivery oversight, capability building, alliance management, and busines…",https://www.adzuna.in/land/ad/5889219844?se=7A6z5Da78RGV2Kx8uUfkiA&utm_medium=api&utm_source=0fd54924&v=9C2BA96CF60756BAFA17E9070745C1C8DA2DF44C
business analyst,Guidewire PolicyCenter Technology Analyst,Talent et au-dela,"Hyderabad, Telangana",,,2026-09-18T23:25:16Z,"Hiring | Guidewire PolicyCenter Technology Analyst – Specialist  Hyderabad |  3–9 Years Experience |  Insurance / BFSI We’re looking for an experienced Technology Analyst / Business Systems Analyst with hands-on Guidewire PolicyCenter experience to bridge business requirements and technology solutions. Key Responsibilities • Requirement gathering, analysis & documentation • Lead stakeholder discussions & requirement workshops • Create user stories, acceptance criteria, process flows & data mapp…",https://www.adzuna.in/land/ad/5889684584?se=7A6z5Da78RGV2Kx8uUfkiA&utm_medium=api&utm_source=0fd54924&v=8CA16E8BE7C6F2743383B2ED899336E0D442CFCD
business analyst,Pyspark Role,Tata Consultancy Services,"Hyderabad, Telangana",,,2026-09-12T01:04:56Z,"Open Position for Pyspark We are seeking an experienced AWS Data Engineer to design, develop, and maintain scalable data solutions on the Amazon Cloud Platform (AWS). The ideal candidate will have strong expertise in building modern data pipelines, data warehousing, big data processing, and cloud-native analytics solutions. The role requires close collaboration with business stakeholders, data architects, data scientists, and application teams to deliver reliable and high-performance data platf…",https://www.adzuna.in/land/ad/5880064440?se=7A6z5Da78RGV2Kx8uUfkiA&utm_medium=api&utm_source=0fd54924&v=5ECB0AE2BD3ABA11AB908F132B9302F7186DE2F1
business analyst,Data Engineer,Amaris Consulting | Part of Mantu,"Bangalore, Karnataka",,,2026-09-04T16:57:16Z,"Role We are looking for hands-on Data Engineers with solid experience in modern data engineering practices, especially around ELT, dbt, Data Vault, and data migration . The consultants will contribute to the design, development, migration, and validation of data pipelines in a structured delivery environment. Key Responsibilities Develop and maintain data transformation pipelines using dbt . Design and implement Data Vault data models. Translate business and technical requirements into reliable…",https://www.adzuna.in/land/ad/5870527089?se=7A6z5Da78RGV2Kx8uUfkiA&utm_medium=api&utm_source=0fd54924&v=57C3892C1DA1B301994F6FCCBC6741CF32B024BB
business analyst,Deputy Manager,Niva Bupa Health Insurance,India,,,2026-09-03T16:48:16Z,"Design, develop and optimized ETL/ELT pipelines: - Utilized Talend to create efficient data work flow that caters to organizational needs end-to-end ETL processes using Talend Open Studio or Talend Data Integration tools. Data Management: - Implement data Extraction, transformation, and loading process from a wide variety of source systems (e.g., SQL,oracle, flat files, APIs, cloud services). Should be able to transform structure /unstructured data into logical model Data Quality Assurance: - E…",https://www.adzuna.in/land/ad/5868789143?se=7A6z5Da78RGV2Kx8uUfkiA&utm_medium=api&utm_source=0fd54924&v=49BF8E3C35978CBC838D48CB396263D15CF000AE
business analyst,Technical Project Manager,ValueMomentum,"Hyderabad, Telangana",,,2026-09-18T23:24:51Z,"Technical Skills : Dot Net / .Net / Java Experience : 9-15 years Job Description for Project Manager Key Responsibilities: Project Planning & Execution: Develop detailed project plans, including scope, timelines, and resource allocation. Lead projects from initiation to completion, ensuring alignment with business objectives. Stakeholder Management: Act as the primary point of contact for project stakeholders, including clients, team members, and senior management. Communicate project goals, pr…",https://www.adzuna.in/land/ad/5889683602?se=7A6z5Da78RGV2Kx8uUfkiA&utm_medium=api&utm_source=0fd54924&v=706425DDA639E0EBC6B68AD7965DB2B383F3B20C
business analyst,EDI Java-SQL Developer,Awign,"Bangalore, Karnataka",,,2026-09-28T02:03:12Z,"EDI Java-SQL Developer with AI-Azure exp Permanent Position Tota Exp:10Years Location: Bangalore/Chennai/Hyderabad/Pune Notice period: Immediate JD: EDI Developer with strong Java and SQL experience to develop and enhance healthcare EDI features from the product backlog. The developer will work with Product, Business, and QE teams to understand requirements and deliver features through development, testing, and deployment. Key Responsibilities Develop and enhance healthcare EDI features based o…",https://www.adzuna.in/land/ad/5900875756?se=7A6z5Da78RGV2Kx8uUfkiA&utm_medium=api&utm_source=0fd54924&v=CF7E37DBC50F7013BC618EAD6EE6E86FCFF4C336
business analyst,Data Conversion Specialist,Experion Technologies,"Kochi, Ernakulam",,,2026-09-13T01:08:09Z,"Role :Lead Engineer - Conversion/Migration Skills - Mandatory-SQL Server, ETL/Data Migration Skills - Good to have -SSIS, Azure Data Factory Work location: Kochi/Trivandrum Total Experience: 6-9 years Strong hands-on expertise in SQL Server (T-SQL) and relational database design, with solid experience in data migration and conversion projects. Design and build ETL/ELT pipelines to convert data between source and target systems, following the mapping and transformation logic defined by the Archi…",https://www.adzuna.in/land/ad/5881763446?se=7A6z5Da78RGV2Kx8uUfkiA&utm_medium=api&utm_source=0fd54924&v=0EBE677A6481892020269F7BD6E87EB2074EA3FB
business analyst,Ab Initio ETL Developer,Persistent Systems,India,,,2026-09-19T17:35:44Z,"About Position: We are seeking a highly skilled Ab Initio ETL Developer to join our Data Engineering team. The ideal candidate will have extensive experience in ETL development, data processing, data warehousing, and enterprise-scale data engineering solutions. The role requires expertise in Ab Initio development, SQL, UNIX scripting, CI/CD practices, and Agile delivery methodologies to build and support robust, scalable, and high-performing data solutions. Role: Ab Initio ETL Developer Locatio…",https://www.adzuna.in/land/ad/5890613486?se=7A6z5Da78RGV2Kx8uUfkiA&utm_medium=api&utm_source=0fd54924&v=9298CA6922EA2C65CF76F5EF363D5F6A13EC4E8C
business analyst,ETL Developer,Synechron,"Mumbai, Maharashtra",,,2026-09-16T17:33:21Z,"We have Opportunity for ETL Developer with 5 years. Synechron – Mumbai - (Goregaon ) Job Role: - ETL Developer Job Location: - Mumbai About Synechron Synechron is a global technology consulting firm that helps leading organizations accelerate digital transformation through innovation, expertise, and agility. With more than 16,500 professionals across around 60 offices in over 20 countries, we combine deep industry knowledge with advanced capabilities in AI, cloud, cybersecurity, and data engine…",https://www.adzuna.in/land/ad/5886097732?se=7A6z5Da78RGV2Kx8uUfkiA&utm_medium=api&utm_source=0fd54924&v=179C3C66B642A7F245CC7AF6288BA0441B6423E5
business analyst,Data Analyst - Banking -SAS/Python/SQL,EXL,"Ahmedabad, Gujarat",,,2026-09-25T15:24:39Z,"Job Title: Business Analyst / Data Analyst / Marketing Analyst Job Type: Full-time Job Summary We are looking for a skilled and motivated Data Analyst with expertise in SAS, Python, SQL, and Tableau to support data-driven marketing analytics and strategy initiatives in the BFSI (Banking, Financial Services, and Insurance) domain. The ideal candidate will collaborate closely with cross-functional teams to develop insightful dashboards and scalable SAS processes for multiple clients. Key Responsi…",https://www.adzuna.in/land/ad/5898131307?se=7A6z5Da78RGV2Kx8uUfkiA&utm_medium=api&utm_source=0fd54924&v=198F9E19277F9AA09E9E5D4D6E08F13A930ED688
business analyst,Data Engineer,Tata Consultancy Services,India,,,2026-09-20T17:32:24Z,"Greetings from TCS We are looking for one of our requirements of AWS Data Engineer. Desired Experience Range* * 4-7year s Location - Pune / Chennai Mode of Interview: Virtual Job Summary We are looking for a highly skilled AWS Data Engineer with strong hands-on experience in Python development and cloud-based data engineering. The candidate should have expertise in building scalable data pipelines, developing ETL solutions, and working with AWS data services. The role requires strong coding ski…",https://www.adzuna.in/land/ad/5891690201?se=7A6z5Da78RGV2Kx8uUfkiA&utm_medium=api&utm_source=0fd54924&v=05184811DD48C85041B0A0ADAD13C18C392E6F81
business analyst,Executive Assistant,Biz2X,"Noida, Ghaziabad",,,2026-09-24T15:17:32Z,"Key Responsibilities: Executive Support • Manage executive calendars, appointments, travel arrangements, and meeting schedules. • Prepare agendas, presentations, reports, and meeting minutes for leadership meetings. • Coordinate with internal and external stakeholders on behalf of senior management. • Track action items and follow up with respective teams to ensure timely execution. • Handle confidential information with the utmost discretion and professionalism. • Manage communication, corresp…",https://www.adzuna.in/land/ad/5896612569?se=7A6z5Da78RGV2Kx8uUfkiA&utm_medium=api&utm_source=0fd54924&v=1DD4A63EC6516BC3C864C02DA4159DD358785993
business analyst,SAP FI-CO Consultant - Associate,Deutsche Bank,"Bangalore, Karnataka",,,2026-08-18T18:03:36Z,"This job is with Deutsche Bank, an inclusive employer and a member of myGwork – the largest global platform for the LGBTQ business community. Please do not contact the recruiter directly. Position Overview Role Description As part of Deutsche Bank group, DWS aims to strategically transform itself via Project Lighthouse as a standalone Asset Management operating platform; an ambitious project that delivers separated DWS Corporate Functions in the cloud with essential new capabilities, further en…",https://www.adzuna.in/land/ad/5846723238?se=7A6z5Da78RGV2Kx8uUfkiA&utm_medium=api&utm_source=0fd54924&v=5EF71E232524F6A1580C34E3A7FDB03CBCE2DDA7
business analyst,Senior Data Engineer [T500-29640],CIBC India,"Hyderabad, Telangana",,,2026-09-26T15:27:14Z,"About CIBC: CIBC is a leading North American bank, with a history of more than 150 years of living our purpose - to help make your ambition a reality. Client relationships are at the center of our strategy, and our growth is enabled by a highly engaged and connected global team. From digital banking to community impact, we’re proud to drive progress for our clients and our communities. Recognized for our culture, award-winning innovation and community investment, CIBC continues to evolve by put…",https://www.adzuna.in/land/ad/5899512155?se=7A6z5Da78RGV2Kx8uUfkiA&utm_medium=api&utm_source=0fd54924&v=18160B11140D917EFBFF5A9418B33B8CD609C6E6
business analyst,Data Engineering [T500-29647],CIBC India,"Hyderabad, Telangana",,,2026-09-28T07:36:09Z,"About CIBC: CIBC is a leading North American bank, with a history of more than 150 years of living our purpose - to help make your ambition a reality. Client relationships are at the center of our strategy, and our growth is enabled by a highly engaged and connected global team. From digital banking to community impact, we’re proud to drive progress for our clients and our communities. Recognized for our culture, award-winning innovation and community investment, CIBC continues to evolve by put…",https://www.adzuna.in/land/ad/5901134288?se=7A6z5Da78RGV2Kx8uUfkiA&utm_medium=api&utm_source=0fd54924&v=27E160EB12065C6BD203DF1D5F301123B356CF5B
business analyst,Oracle RMS Tester,Yallo Talent,India,,,2026-09-15T19:13:00Z,"Job Title : Oracle RMS Tester Job Type : Contract Experience : 5 Years Location : Remote Job Description: We are seeking a skilled and detail-oriented Oracle RMS Quality Engineer with over 5 years of experience in quality assurance, system integration, and defect troubleshooting within the Oracle Retail ecosystem. The ideal candidate will have a strong understanding of Oracle Retail Merchandising System (RMS), its integration with upstream/downstream systems, and will play a key role in ensurin…",https://www.adzuna.in/land/ad/5884641134?se=7A6z5Da78RGV2Kx8uUfkiA&utm_medium=api&utm_source=0fd54924&v=764FDBE86829C9625F6B90C970E3F361E3FAE203
business analyst,Product Engineer,Tata Consultancy Services,"Bangalore, Karnataka",,,2026-09-10T01:02:14Z,"Role - Product Integration Engineer Desired Experience Range - 3 to 5 years of experience Location of Requirement - Bangalore/Kochi Required Technical Skill Set - Hands on Expertise in developing Banking systems in Java architecture. Experience in Java Application Design / Development and integration architecture along with modern technologies like Apache Kafka, Container orchestration and microservices architecture. Good level of exposure to cloud-native architecture and DevOps Practices . AWS…",https://www.adzuna.in/land/ad/5877457586?se=7A6z5Da78RGV2Kx8uUfkiA&utm_medium=api&utm_source=0fd54924&v=A14CED592D4B34873442580D9DF3726BE1658AC5
business analyst,Digital Transformation Lead - Salesforce,Saaki Argus and Averil Consulting,"Chennai, Tamil Nadu",,,2026-09-28T07:37:01Z,"Salesforce & Enterprise Digital Transformation Lead | Chennai Are you ready to step into full enterprise ownership and architect the digital future of a global manufacturing powerhouse? We are looking for an experienced Salesforce & Digital Transformation Lead to drive their end-to-end CRM, SAP ERP integration, and commercial order-to-cash modernization across domestic and global plant networks.  Location: Chennai  Experience: 8 – 12 Years  Domain Focus: Industrial Manufacturing, Automotive, Su…",https://www.adzuna.in/land/ad/5901134637?se=7A6z5Da78RGV2Kx8uUfkiA&utm_medium=api&utm_source=0fd54924&v=E0AF44C1013AA809D77CA69E0CFCF68A8664F771
business analyst,Oracle PL/SQL Developer,Ingrain Systems Inc,"Hyderabad, Telangana",,,2026-09-23T19:42:23Z,"Responsibilities Lead the end-to-end design, development, and implementation of database applications using Oracle PL/SQL and Oracle APEX. Architect, design, and optimize complex database schemas, stored procedures, triggers, functions, and views for high-performance applications. Develop and maintain custom extensions on Oracle PaaS integrated with Oracle Cloud ERP, leveraging Exadata Cloud Service. Build and support integrations with Oracle Cloud ERP using FBDI, REST APIs, and other Oracle in…",https://www.adzuna.in/land/ad/5895240319?se=7A6z5Da78RGV2Kx8uUfkiA&utm_medium=api&utm_source=0fd54924&v=5160DF33D1B62816F16984B7A4B2C476910A24EF
business analyst,Data Scientist,Tata Consultancy Services,"Bangalore, Karnataka",,,2026-09-04T22:28:36Z,"TCS has been a great pioneer in feeding the fire of Young Techies like you. We are a global leader in the technology arena and there's nothing that can stop us from growing together. TCS is Hiring for Data Scientist Experience Range: 5-13 years Job Description Collecting and cleaning dat a: Data scientists often need to gather data from various sources, such as databases, websites, and surveys. They also need to ensure that the data is accurate and in a format that can be analysed .Analysing an…",https://www.adzuna.in/land/ad/5870857421?se=7A6z5Da78RGV2Kx8uUfkiA&utm_medium=api&utm_source=0fd54924&v=491F7CA20D022F36BBEE8E54D66FEAA38A7B1895
business analyst,Data Analyst (Remote),Hire Feed,India,,,2026-09-13T17:18:26Z,"Role: Data Analyst (Remote) Location: Remote (Work from Anywhere) Role Overview: We are hiring for one of our clients, seeking a Business Analyst (Russian Language) to work on a full-time basis. The ideal candidate must have strong analytical and comprehension skills, with the ability to read, summarize, and break down large content into smaller logical blocks. The role involves conducting online research, validating claims, and collaborating with large language models to solve analytical puzzl…",https://www.adzuna.in/land/ad/5882592928?se=7A6z5Da78RGV2Kx8uUfkiA&utm_medium=api&utm_source=0fd54924&v=426D03DAA6A1A4A9A32863B2C570EE12F5A9B815
business analyst,Guidewire ClaimCenter Architect- Immediate Joiners,Stratus,India,,,2026-09-23T15:40:42Z,"Description: We are looking for an experienced Guidewire ClaimCenter Architect to join our team and lead the design and implementation of Guidewire ClaimCenter solutions. The ideal candidate should have strong hands-on experience across both Guidewire Configuration and Integration, along with the ability to work closely with business, technical, and architecture teams. Key Responsibilities Lead the architecture, design, and implementation of Guidewire ClaimCenter solutions. Provide technical le…",https://www.adzuna.in/land/ad/5895032131?se=7A6z5Da78RGV2Kx8uUfkiA&utm_medium=api&utm_source=0fd54924&v=14162296AA1F7B7A75FD4C8DEC247F76D57649BE
business analyst,Data Engineer,The HEINEKEN Company,"Hyderabad, Telangana",,,2026-09-25T15:23:33Z,"Your Role: You will be a part of the data engineering team and working on in-house products in for Data Foundation Collaborating closely with Data Engineering Leads and managers and other DataOps teams. This role involves hands-on development work and will directly report to Data Engineering Lead. Must have skills: Azure Databricks, Unity Catalog, Delta live tables Data Modelling & Architecture ETL pipeline design Expert in Python, Pyspark and SQL Azure Data Factory Azure DevOps Logging and Mon…",https://www.adzuna.in/land/ad/5898128947?se=7A6z5Da78RGV2Kx8uUfkiA&utm_medium=api&utm_source=0fd54924&v=CDDF0C501D9C0FBA4E045DD0FE0CDDB54AD8614F
business analyst,Informatica MDM Developer,LUMENDATA SOLUTIONS INDIA PRIVATE LIMITED,"Bangalore, Karnataka",,,2026-09-25T01:54:52Z,"Informatica MDM Senior Developer Company: LumenData Solutions About LumenData LumenData is a leading provider of Enterprise Data Management solutions, helping global organizations drive digital transformation through Master Data Management (MDM), Data Governance, Data Integration, and Analytics. We partner with Fortune 1000 clients to deliver innovative and scalable data solutions. Role Overview We are seeking an experienced Informatica MDM Senior Developer to join our growing Data Management p…",https://www.adzuna.in/land/ad/5897295182?se=7A6z5Da78RGV2Kx8uUfkiA&utm_medium=api&utm_source=0fd54924&v=1A94503085AAC602B1BE51EE2EACCB79805C6EC8
business analyst,UI Automation Engineer – Fixed Income,RapidBrains,India,,,2026-09-28T07:34:23Z,"Job title: FrontOffice UI Automation Engineer Location: Pune Experience: 5 Years Employment Type: Full-time We are looking for an experienced UI Automation Engineer to join our QA team and work on front-office applications within the Financial Services / Capital Markets domain. The ideal candidate will have strong hands-on experience with Playwright, Node.js, automation framework development , and a solid understanding of Fixed Income trading workflows . Key Responsibilities Develop and maintai…",https://www.adzuna.in/land/ad/5901133753?se=7A6z5Da78RGV2Kx8uUfkiA&utm_medium=api&utm_source=0fd54924&v=61FE4B1FC0E8D836B280CC2D58728E6D0CB8F70B
business analyst,Program Manager/ ODC Manager - Semiconductor Equipment,Quest Global,India,,,2026-09-02T21:45:19Z,"Key Responsibilities- Establish and scale an Offshore Development Center (ODC) from the ground up. Define ODC governance, delivery processes, KPIs, resource planning, and operational excellence. Build and mentor cross-functional teams including Software Architects, Technical Leads, Developers, QA, DevOps, and Business Analysts. Drive end-to-end program execution, ensuring delivery on scope, schedule, quality, and budget. Act as the primary customer interface, managing stakeholder communication …",https://www.adzuna.in/land/ad/5867263614?se=7A6z5Da78RGV2Kx8uUfkiA&utm_medium=api&utm_source=0fd54924&v=08723C867A3A10D63AADC0683CE8C70CACD11348
business analyst,Spark / Scala Data Engineer,Tata Consultancy Services,"Bangalore, Karnataka",,,2026-09-24T15:18:43Z,"Dear Professionals, Greetings from Tata Consultancy Services (TCS) Job Title : Spark / Scala Data Engineer Experience : 6- 10 Years Location: Hyderabad/Bangalore Job Requirements ; We are seeking an experienced Scala / Pyspark associate to design, develop, and maintain scalable data solutions on the Amazon Cloud Platform (AWS). The ideal candidate will have strong expertise in building modern data pipelines, data warehousing, big data processing, and cloud-native analytics solutions. The role r…",https://www.adzuna.in/land/ad/5896614104?se=7A6z5Da78RGV2Kx8uUfkiA&utm_medium=api&utm_source=0fd54924&v=1EB49353C53546580E71D5C5C0F9255A8D71E33E
business analyst,Pyspark Data Engineer,Tata Consultancy Services,"Bangalore, Karnataka",,,2026-09-18T17:29:36Z,"Dear Professionals, Greetings from Tata Consultancy Services (TCS) Job Title : Pyspark Data Engineer Experience : 6- 10 Years Location: Hyderabad/ Pune/ Chennai/ Bangalore Job Requirements ; We are seeking an experienced AWS Data Engineer to design, develop, and maintain scalable data solutions on the Amazon Cloud Platform (AWS). The ideal candidate will have strong expertise in building modern data pipelines, data warehousing, big data processing, and cloud-native analytics solutions. The role…",https://www.adzuna.in/land/ad/5889219840?se=7A6z5Da78RGV2Kx8uUfkiA&utm_medium=api&utm_source=0fd54924&v=A96BB416B6A53AB6730051D62C4DF234C3B2D835
business analyst,Turkish Data Analyst (Remote),Hire Feed,India,,,2026-09-13T17:19:13Z,"Role: Turkish Data Analyst (Remote) Location : Remote (Work from Anywhere) Role Overview: We are hiring for one of our clients, seeking a Business Analyst (Turkish Language) to work on a full-time basis. The role requires strong analytical and English comprehension skills, with the ability to read, summarize, and break down large content into smaller logical blocks. Candidates will conduct online research, validate claims made in the content, and work with large language models (LLMs) to solve …",https://www.adzuna.in/land/ad/5882593417?se=7A6z5Da78RGV2Kx8uUfkiA&utm_medium=api&utm_source=0fd54924&v=49E4CE67691C832C9BDC4E38EDE69F526F0F3D01
business analyst,Hybrid Project Manager (Liquidity/ Treasury),Capco,India,,,2026-08-27T02:10:40Z,"This job is with Capco, an inclusive employer and a member of myGwork – the largest global platform for the LGBTQ business community. Please do not contact the recruiter directly. Job Title: Hybrid Collateral Project Manager About Us “Capco, a Wipro company, is a global technology and management consulting firm. Awarded with Consultancy of the year in the British Bank Award and has been ranked Top 100 Best Companies for Women in India 2022 by Avtar & Seramount . With our presence across 32 citi…",https://www.adzuna.in/land/ad/5857251209?se=7A6z5Da78RGV2Kx8uUfkiA&utm_medium=api&utm_source=0fd54924&v=EA0E1E14186E433AA81B7B53FF45550B60CDB650
business analyst,Senior Quality Test Engineer II,Elsevier,"Chennai, Tamil Nadu",,,2026-09-23T04:31:06Z,"This job is with Elsevier, an inclusive employer and a member of myGwork – the largest global platform for the LGBTQ business community. Please do not contact the recruiter directly. Senior Quality Engineer-II - Salesforce. Do you enjoy driving the quality strategy for complex software systems? About our Team:- Digital Business Solutions (DBS) delivers innovation and solves customer and business problems by leveraging the power of technology, data, and - increasingly - AI. Within DBS, the AI In…",https://www.adzuna.in/land/ad/5894389936?se=7A6z5Da78RGV2Kx8uUfkiA&utm_medium=api&utm_source=0fd54924&v=E6E1A118AAFB79042396122E57EE090578EF2FEC
business analyst,SAS Developer,Infosys,"Hyderabad, Telangana",,,2026-09-20T17:32:16Z,"Responsibilities Develop, maintain, and enhance SAS programs, macros, and scripts. Design and execute ETL (Extract, Transform, Load) processes using SAS. Analyze, clean, validate, and transform large datasets from multiple sources. Create and maintain SAS datasets, data marts, and reporting solutions. Develop automated reports, dashboards, and statistical outputs. Optimize SAS code for performance, scalability, and efficiency. Perform data quality checks and data reconciliation activities. Trou…",https://www.adzuna.in/land/ad/5891690064?se=7A6z5Da78RGV2Kx8uUfkiA&utm_medium=api&utm_source=0fd54924&v=A1251DA0BD4CBB5FA293E8F5911397BD1ECD843D
business analyst,Product Manager,Capco,"Chennai, Tamil Nadu",,,2026-08-12T01:59:43Z,"This job is with Capco, an inclusive employer and a member of myGwork – the largest global platform for the LGBTQ business community. Please do not contact the recruiter directly. Job Title: Product Manager About Us “Capco, a Wipro company, is a global technology and management consulting firm. Awarded with Consultancy of the year in the British Bank Award and has been ranked Top 100 Best Companies for Women in India 2022 by Avtar & Seramount . With our presence across 32 cities across globe, w…",https://www.adzuna.in/land/ad/5837139835?se=7A6z5Da78RGV2Kx8uUfkiA&utm_medium=api&utm_source=0fd54924&v=344B7BC410C65BE41266B4765A78E112DC362BD8
business analyst,Product Owner,Capco,India,,,2026-09-01T22:16:04Z,"This job is with Capco, an inclusive employer and a member of myGwork – the largest global platform for the LGBTQ business community. Please do not contact the recruiter directly. Job Title: Product Owner Location : Bangalore, Hyd & Chennai About Us “Capco, a Wipro company, is a global technology and management consulting firm. Awarded with Consultancy of the year in the British Bank Award and has been ranked Top 100 Best Companies for Women in India 2022 by Avtar & Seramount . With our presenc…",https://www.adzuna.in/land/ad/5865064492?se=7A6z5Da78RGV2Kx8uUfkiA&utm_medium=api&utm_source=0fd54924&v=1A575A0EA334C4C54026C1EDB24C6DCD278A3160
business analyst,Software Associate,Tata Consultancy Services,India,,,2026-09-18T17:32:39Z,"Job Requirements* We are seeking an experienced Scala / Pyspark associate to design, develop, and maintain scalable data solutions on the Amazon Cloud Platform (AWS). The ideal candidate will have strong expertise in building modern data pipelines, data warehousing, big data processing, and cloud-native analytics solutions. The role requires close collaboration with business stakeholders, data architects, data scientists, and application teams to deliver reliable and high-performance data platf…",https://www.adzuna.in/land/ad/5889223712?se=7A6z5Da78RGV2Kx8uUfkiA&utm_medium=api&utm_source=0fd54924&v=B8D42305F29D61897A077133E6A133F1831D03F5
business analyst,Enterprise Architect – Offshore,Datamatics,"Mumbai, Maharashtra",,,2026-09-11T17:11:21Z,"Role Overview We are seeking an experienced Enterprise Architect to define technology strategy, enterprise architecture, and transformation roadmaps for our offshore team. This role designs and governs scalable, secure, future-ready technology architecture aligned with business goals — spanning applications, infrastructure, data, and integration — while working closely with onshore, offshore, and global stakeholders. Key Responsibilities Define and maintain the enterprise architecture roadmap, …",https://www.adzuna.in/land/ad/5879657779?se=7A6z5Da78RGV2Kx8uUfkiA&utm_medium=api&utm_source=0fd54924&v=9E3E1AF61AEB1EA24B79DF043F06E24D90436DD9
business analyst,SAP CPI Integration Consultant | Big4 | 7 to 10 Years,Acme Services,India,,,2026-09-20T17:35:49Z,"Experience: 7 to 10 Years Budget: 18 to 22 LPA Job Description: Role - SAP CPI Integration Consultant We are seeking an experienced SAP CPI Integration Consultant to support our HR technology landscape and enterprise integration initiatives. The resource will be responsible for delivering new integrations and enhancements across SAP SuccessFactors, MyHR, and downstream applications while helping optimize the existing integration architecture. The consultant will also play a key role in the desi…",https://www.adzuna.in/land/ad/5891693362?se=7A6z5Da78RGV2Kx8uUfkiA&utm_medium=api&utm_source=0fd54924&v=84174FC7EFF5F848878BDD350CACDBFA2F10D246
business analyst,.NET Developer (SSIS / SSRS / SQL Development),Droisys,India,,,2026-09-11T17:11:50Z,"About Company, Droisys is an innovation technology company focused on helping companies accelerate their digital initiatives from strategy and planning through execution. We leverage deep technical expertise, Agile methodologies, and data-driven intelligence to modernize systems of engagement and simplify human/tech interaction. Amazing things happen when we work in environments where everyone feels a true sense of belonging and when candidates have the requisite skills and opportunities to suc…",https://www.adzuna.in/land/ad/5879659464?se=7A6z5Da78RGV2Kx8uUfkiA&utm_medium=api&utm_source=0fd54924&v=7391EFD73B7E5028AEC7ABE7E90EFADA66D8CEC3
business analyst,Software Associate,Tata Consultancy Services,"Hyderabad, Telangana",,,2026-09-24T15:17:46Z,"We are seeking an experienced Scala / Pyspark associate to design, develop, and maintain scalable data solutions on the Amazon Cloud Platform (AWS). The ideal candidate will have strong expertise in building modern data pipelines, data warehousing, big data processing, and cloud-native analytics solutions. The role requires close collaboration with business stakeholders, data architects, data scientists, and application teams to deliver reliable and high performance data platforms. Key Responsi…",https://www.adzuna.in/land/ad/5896612832?se=7A6z5Da78RGV2Kx8uUfkiA&utm_medium=api&utm_source=0fd54924&v=59A3A3C2909E4F6A748309C62F082F657A90697F
business analyst,Sales Manager,Mantras2Success.com,India,,,2026-09-19T23:26:28Z,"Experience : 3years in SAAS Sales Location : Mumbai and Bangalore We are looking for process-driven, consultative B2B Sales Managers who can operate inside a structured, CRM-led sales system. Responsible for building pipeline, maintaining CRM discipline, and driving recurring revenue through structured deal execution. We’re looking for builders, self-starters, and problem-solvers who thrive in ambiguity — people who create clarity through process, stay accountable through data, and scale execut…",https://www.adzuna.in/land/ad/5890897050?se=7A6z5Da78RGV2Kx8uUfkiA&utm_medium=api&utm_source=0fd54924&v=F748AE3CBF0E54BE134734B8EEB2B8EF1356F272
business analyst,Quality Assurance Automation Engineer,Zensar Technologies,India,,,2026-09-04T02:33:44Z,"JD: QA Automation Engineer_ Immediate Joiner Location- Pune & Bangalore Years of Experience -7yrs Required Skills Selenium WebDriver (Java/Python/C#), Playwright, and TypeScript API Testing: RestAssured, Karate, Postman/Newman BDD: Cucumber (Gherkin), Serenity BDD, and PO acceptance criteria alignment Programming Languages: Java (JUnit 5, TestNG), Python (pytest), JavaScript/TypeScript (Jest, Mocha), C#, Groovy (Spock) CI/CD: Jenkins, GitLab CI, GitHub Actions, SonarQube quality gates, Allure/E…",https://www.adzuna.in/land/ad/5869558894?se=7A6z5Da78RGV2Kx8uUfkiA&utm_medium=api&utm_source=0fd54924&v=2F8453F3085CB7C2709949F1CA6FBA03BEBB9046
business analyst,Fullstack Developer .Net/SQLServer/Oracle - AVP,Deutsche Bank,"Bangalore, Karnataka",,,2026-09-18T04:29:34Z,"This job is with Deutsche Bank, an inclusive employer and a member of myGwork – the largest global platform for the LGBTQ business community. Please do not contact the recruiter directly. Position Overview Role Description We are looking for Technology Specialist role is part of the DWS Technology team and interacts directly with the various business groups worldwide, e.g. Global Client Group, Trading, Risk, Compliance and Finance as well as various technology and operations teams. You will be …",https://www.adzuna.in/land/ad/5888300150?se=7A6z5Da78RGV2Kx8uUfkiA&utm_medium=api&utm_source=0fd54924&v=98B5F7A15E64CC1D1A7B3E4575DD5F262FDCD049
business analyst,Senior Sales Executive,Egnoto,"Jaipur, Rajasthan",,,2026-09-08T14:40:42Z,"Job Title: Senior Sales Executive / Business Development Executive – IT Services  Location: Jaipur, Rajasthan – On-site  Experience: 5 Years (Relevant IT Sales / BDE Experience Mandatory)  Employment Type: Full-Time Important ❌ Do not apply if you are looking for a WFH or Hybrid opportunity. ❌ 5 years of relevant experience in IT Sales / Business Development is mandatory. ❌ Candidates without hands-on experience in selling IT services/software solutions will not be considered. About the Role We…",https://www.adzuna.in/land/ad/5875419675?se=7A6z5Da78RGV2Kx8uUfkiA&utm_medium=api&utm_source=0fd54924&v=D797C7164DCB9EA3F9131D1F4C852E19E0E07979
business analyst,Business Analyst,Kavi Software Technologies Private Limited,"Ekkaduthangal, Chennai",,,2026-09-25T02:16:12Z,"Job Title: Business Analyst Job Summary: We are looking for an experienced Business Analyst with 10 years of experience to join our IT & Analytics team. The ideal candidate will be responsible for gathering and analysing business and technical requirements, facilitating communication between stakeholders, and ensuring successful implementation of IT solutions. The role requires strong analytical thinking, problem-solving skills, and expertise in software development lifecycle (SDLC) methodologi…",https://www.adzuna.in/details/5897308785?utm_medium=api&utm_source=0fd54924
business analyst,Business Analyst,NEC Software Solutions ,"Mumbai, Maharashtra",,,2026-09-05T02:06:03Z,"Job Description Job Role: Business Analyst Total yrs of Experience: 7yrs to 10yrs Location: Worli Job type: Hybrid - 12days from office Key Accountabilities: Primarily focussed on Systems Analysis and preparation of functional specifications / User Stories, the Business Analyst will also be responsible for contributing to System Testing and providing analysis and support throughout the full development lifecycle Role & Responsibilities •To act as the primary contact and source of knowledge for …",https://www.adzuna.in/details/5871006552?utm_medium=api&utm_source=0fd54924
business analyst,Business Analyst,Weekday AI,India,,,2026-09-25T14:26:13Z,"This role is for one of Weekday’s clients Salary range: Rs 1500000 - Rs 3000000 (ie INR 15 - 30 LPA) Min Experience: 8 years Location: Hyderabad, Chennai, Tamil Nadu, India JobType: full-time We are looking for an experienced Business Analyst with 8–14 years of experience and strong expertise in the US Healthcare domain , particularly payer operations and healthcare claims . The ideal candidate will act as a bridge between business stakeholders, healthcare operations, technology teams, and prod…",https://www.adzuna.in/details/5898069170?utm_medium=api&utm_source=0fd54924
business analyst,Business Analyst,Weekday AI,"Chennai, Tamil Nadu",,,2026-09-25T14:26:14Z,"This role is for one of Weekday’s clients Salary range: Rs 1500000 - Rs 3000000 (ie INR 15 - 30 LPA) Min Experience: 8 years Location: Hyderabad, Chennai, Tamil Nadu, India JobType: full-time We are looking for an experienced Business Analyst with 8–14 years of experience and strong expertise in the US Healthcare domain , particularly payer operations and healthcare claims . The ideal candidate will act as a bridge between business stakeholders, healthcare operations, technology teams, and prod…",https://www.adzuna.in/details/5898069225?utm_medium=api&utm_source=0fd54924
business analyst,Business Analyst,VDart Software Services Pvt. Ltd.,"Egmore Nungambakkam, Chennai",,,2026-09-25T23:46:55Z,"Business Analyst Analyzes business and information needs in order to design optimal systems solutions. Working under minimal supervision, this job designs system solutions that are appropriate for business needs and consistent with the overall design of the organization's information systems architecture. This job also recommends improvements to the existing IT systems and processes. Key Responsibilities and Duties Identifies and analyzes business needs, conducts requirement gathering, and defi…",https://www.adzuna.in/details/5898655759?utm_medium=api&utm_source=0fd54924
business analyst,Business Analyst,Infotel UK,India,,,2026-06-10T16:21:44Z,"The PCM Business Analyst is expected to have experience in some of the following functional areas: · Payments engine and clearing ( At least one) : o Payment engines o SWIFT (MT/MX Messages), ISO 20022 o Regulatory Clearing & Settlement applications o Instant Payments · Compliance Frameworks: Anti‑Money‑Laundering (AML), Sanctions Screening ( Optional) · Core banking applications ( Optional) · Treasury management ( Optional) The role involves collaborating with various stakeholders mainly busin…",https://www.adzuna.in/details/5758364393?utm_medium=api&utm_source=0fd54924
business analyst,Business Analyst,"Opalforce, Inc.","Bangalore, Karnataka",,,2024-06-07T16:37:08Z,"About the Job: Opalforce is hiring Mechanical Design Engineers Key Responsibilities: Create requirements and specifications for business solutions Conduct business analysis and research to identify opportunities for improvement Consult with key stakeholders to determine business objectives and success factors Collaborate with team members to collect, analyze, and evaluate information from multiple sources including Present findings and recommendations to stakeholders Write and document business…",https://www.adzuna.in/details/4725867393?utm_medium=api&utm_source=0fd54924
business analyst,Business Analyst,Arena Investors I Quaestor Advisors,India,,,2026-08-20T09:09:55Z,"Quaestor is looking to expand the Technology Team through the addition of Data Integrity associate. In this role, the individual will reconcile and ensure the accuracy of the data used by Quaestor’s teams. KEY RESPONSIBILITIES Work closely with the Operations Team and IT Team to monitor data within the Arena Data Warehouse and Trading/Risk/Loan/Treasury vendor software. Reconcile data for our Trading, Risk, and Accounting Systems. Create additional data reconciliations as required. Work with in…",https://www.adzuna.in/details/5849257585?utm_medium=api&utm_source=0fd54924
business analyst,Business Analyst,Acme Services Private Limited,"Chandni Chowk, North Delhi",2300000,2400000,2026-09-24T23:46:01Z,"Job Description: Gather and translate business, data and regulatory requirements into clear functional requirements. Work with Compliance SMEs, Data Architecture and AI Engineering teams. Define and maintain data requirements, data inventory and artefact inventory. Assess data lineage, quality, availability and readiness for AI use cases. Analyse regulatory and compliance use cases and convert them into data-driven solutions. Support GenAI/RAG use cases by identifying relevant data, documents a…",https://www.adzuna.in/details/5897259496?utm_medium=api&utm_source=0fd54924
business analyst,Business Analyst,Trigent Software Private Limited,India,800000,800000,2026-09-22T23:45:46Z,"Maintain the integrity of data, working with delivery operations team. Review collected data for accuracy, and present findings to the Operations Director/Manager Excellent understanding of all tools and applications Manage or escalate issues and queries connected to the data collection and processing process, quickly, accurately, and professionally. Develop and maintain good working relationships with internal support groups. Maintain documentation of the processes related to Report creation a…",https://www.adzuna.in/details/5894231011?utm_medium=api&utm_source=0fd54924
business analyst,Business Analyst,Acumatica,India,,,2026-09-23T02:34:59Z,"Job Description Engage proactively and methodically with Product Managers, Developers, and QA Engineers to identify, refine, and prioritize business needs. Translate functional requirements into clear and structured Functional Specifications, including use cases, workflows, and mockups. Coordinate feature delivery across teams — tracking progress, managing dependencies, and ensuring alignment of implementation with scope and standards. Evaluate information from multiple sources, analyze, test, …",https://www.adzuna.in/details/5894315058?utm_medium=api&utm_source=0fd54924
business analyst,Oracle Subscription Management,Jade Global,India,,,2026-09-18T23:24:47Z,"Job Description Job Description Role: Oracle Cloud ERP Finance Functional Consultant (Order Sales Cloud ""CX"", Oracle Subscription Management )Modules: Oracle Subscription Management (OSS), AR, RMCS (Good To Have) Overall experience of 8 to 11 years in Oracle Cloud ERP Functional O2C (Order to Cash) Consultant.with Strong Subscription Mgmt.(OSS), Experienced in Oracle subscription to AR Flow In this role, you will be responsible for managing and supporting (Production Support and Enhancement) Cl…",https://www.adzuna.in/land/ad/5889683153?se=uBfn5Ta78RGQDqa7Fpbs1A&utm_medium=api&utm_source=0fd54924&v=3209E358BFE50C003B3927120E48CCB980F1B633
business analyst,Business Analyst/ Senior Business Analyst,Egon Zehnder,"Gurgaon, Haryana",,,2026-08-21T07:38:50Z,"The Position Senior Business Analyst - Technology Practice Group The Expert will leverage their deep domain knowledge and external network to drive C-level/senior candidate recommendations and/or mid-level candidate development. The Expert is expected to function autonomously as required. However, the Segment and Practice experts and consultants work collectively as a team for candidate idea generation, references and client assignment work. This role will be visible to clients and will be expe…",https://www.adzuna.in/details/5850376076?utm_medium=api&utm_source=0fd54924
business analyst,Senior Software Engineer,Morningstar,"Mumbai, Maharashtra",,,2026-08-18T18:03:33Z,"This job is with Morningstar, an inclusive employer and a member of myGwork – the largest global platform for the LGBTQ business community. Please do not contact the recruiter directly. About the Role We are looking for a Senior Software Engineer to drive the design, development, and scaling of our centralized, API-driven data validation platform. This is a hands-on individual contributor role focused on building high-performance, scalable, and intelligent validation systems that process large …",https://www.adzuna.in/land/ad/5846723122?se=uBfn5Ta78RGQDqa7Fpbs1A&utm_medium=api&utm_source=0fd54924&v=D433CBC53861F80A6F3BD7A905ACC945A8D6BCBE
business analyst,BA - Power Systems,Capco,India,,,2026-08-12T01:59:42Z,"This job is with Capco, an inclusive employer and a member of myGwork – the largest global platform for the LGBTQ business community. Please do not contact the recruiter directly. Job Title: BA - Power Systems Domain About Us “Capco, a Wipro company, is a global technology and management consulting firm. Awarded with Consultancy of the year in the British Bank Award and has been ranked Top 100 Best Companies for Women in India 2022 by Avtar & Seramount . With our presence across 32 cities acros…",https://www.adzuna.in/land/ad/5837139771?se=uBfn5Ta78RGQDqa7Fpbs1A&utm_medium=api&utm_source=0fd54924&v=46E9C675DFC82337EFA03C84F87E5B06F46E11B8
business analyst,Lead Product Manager – Technical - Vadodara,Capco,"Pune, Maharashtra",,,2026-09-25T16:35:07Z,"This job is with Capco, an inclusive employer and a member of myGwork – the largest global platform for the LGBTQ business community. Please do not contact the recruiter directly. Job Title: Lead Product Manager – Technical About Us “Capco, a Wipro company, is a global technology and management consulting firm. Awarded with Consultancy of the year in the British Bank Award and has been ranked Top 100 Best Companies for Women in India 2022 by Avtar & Seramount . With our presence across 32 citie…",https://www.adzuna.in/land/ad/5898263645?se=uBfn5Ta78RGQDqa7Fpbs1A&utm_medium=api&utm_source=0fd54924&v=C5D02B97439DC9CBC16298C5649EA451CD15CFE7
business analyst,Java Full Stack Developer,Capco,"Bangalore, Karnataka",,,2026-08-28T18:11:48Z,"This job is with Capco, an inclusive employer and a member of myGwork – the largest global platform for the LGBTQ business community. Please do not contact the recruiter directly. Java Full Stack Developer Location : Bangalore About Us “Capco, a Wipro company, is a global technology and management consulting firm. Awarded with Consultancy of the year in the British Bank Award and has been ranked Top 100 Best Companies for Women in India 2022 by Avtar & Seramount . With our presence across 32 ci…",https://www.adzuna.in/land/ad/5859662581?se=uBfn5Ta78RGQDqa7Fpbs1A&utm_medium=api&utm_source=0fd54924&v=B91B218F6CEBFF663F7184E2323E4D5C6DD6FF10
business analyst,Workfront Specialist,Publicis Re:Sources,India,,,2026-09-15T07:06:35Z,"About Company: Publicis Re:Sources is at the core of Publicis Groupe, the world's largest communications company. We are the only full-service, end-to-end shared service organization in the industry, enabling Groupe agencies to do what they do best: innovate and transform for their clients. Formed in 1998 as a small team to service a few Publicis Groupe firms, Publicis Re:Sources has grown to 6,000 employees in over 55 countries. We provide technology solutions and business services, including …",https://www.adzuna.in/land/ad/5884157796?se=uBfn5Ta78RGQDqa7Fpbs1A&utm_medium=api&utm_source=0fd54924&v=D15CADBCF58A0B25BE55A043090DE842699018B4
business analyst,Technical BA - Network / Wireless,World Wide Technology,India,,,2026-09-02T02:22:50Z,"World Wide Technology (WWT) is a global technology solution provider, working with the world's largest organisations to design, build and deliver complex infrastructure at scale. Our EMEA business spans a London sales office, a European Integration Center in Amsterdam and an operations team at Schiphol, and continues to grow rapidly. THE ROLE We are looking for a Technical Business Analyst with a genuine networking background to support the delivery of enterprise network and wireless programmes…",https://www.adzuna.in/land/ad/5865288830?se=uBfn5Ta78RGQDqa7Fpbs1A&utm_medium=api&utm_source=0fd54924&v=907F3595A9FEE431D38EC0233FC944CAEE524529
business analyst,Test Analyst (Oracle ERP and EPM systems),Tesslogs IT Solutions,"Bangalore, Karnataka",,,2026-09-22T17:36:00Z,"Hello All, Greetings from Tesslogs, We are looking for an experienced Software Test Analyst/Engineer with strong expertise in Manual and Automation Testing , particularly in Oracle ERP and EPM systems . Client: Infosys Experience: 5 Years Location: PAN India Notice Period: Immediate / 15 Days Key Responsibilities Perform manual and automation testing for Oracle ERP and EPM applications. Design, develop, execute, and maintain automated test suites using Playwright and Python . Test data flows be…",https://www.adzuna.in/land/ad/5893922561?se=uBfn5Ta78RGQDqa7Fpbs1A&utm_medium=api&utm_source=0fd54924&v=B65E980060E50FA50F2AFE5C6A6B0087C72FE03F
business analyst,ServiceNow Develpoer,NowVia,India,,,2026-09-27T01:59:02Z,"Job Summary Nowvia is looking for an experienced ServiceNow ITAM Developer to join our team. The ideal candidate will have 4 years of hands-on experience in ServiceNow development, with strong expertise in IT Asset Management (ITAM) and related ServiceNow modules. The candidate should be comfortable working with stakeholders, translating business requirements into technical solutions, developing and configuring ServiceNow applications, and supporting ITAM implementations and enhancements. About…",https://www.adzuna.in/land/ad/5899975936?se=uBfn5Ta78RGQDqa7Fpbs1A&utm_medium=api&utm_source=0fd54924&v=1F43F2849C87569022918BD95EAE227638CEE3EF
business analyst,Oracle HCM AI Integration Consultant,"Mumba Technologies, Inc.",India,,,2026-09-18T17:30:52Z,"Job Title: Business Systems Analyst – AI Integration (HR/HCM) Location: India Experience: 6–10 years IT is a Fulltime Contract role and Supporting US overlapping Hours 100% remote from India- Timings Till 2 AM IST About the Role We are looking for a Business Systems Analyst with strong HR/HCM process knowledge and some hands-on AI technical experience. This person will bridge HR stakeholders and the AI engineering team, ensuring business requirements are clearly understood and translated into A…",https://www.adzuna.in/land/ad/5889222255?se=uBfn5Ta78RGQDqa7Fpbs1A&utm_medium=api&utm_source=0fd54924&v=9341C31ED6CC124FB23C1D15B60F6B311E460A8F
business analyst,SAP CPI Technical Consultant,Syntax,India,,,2026-09-03T16:51:32Z,"Date: Sep 01, 2026 Location: Hyderabad, TG, IN, 500032 Functional Area: Remote Syntax is a leading Managed Cloud Provider for Mission Critical Enterprise Applications and has been providing comprehensive technology solutions to businesses of all sizes since 1972. Syntax has undisputed strength to implement and manage ERP deployments (Oracle, SAP) in a secure and resilient private, public or hybrid cloud. With strong technical and functional consulting services, and world-class monitoring and au…",https://www.adzuna.in/land/ad/5868795044?se=uBfn5Ta78RGQDqa7Fpbs1A&utm_medium=api&utm_source=0fd54924&v=C791E9A37FD2CE5B9437330E184EF4226D82E250
business analyst,Technical Project Manager - Data,ValueMomentum,"Hyderabad, Telangana",,,2026-09-18T23:25:24Z,"Job Title: Technical Project Manager (Data) Primary Skill: SQL, Datawarehouse, Azure tech stack – Azure Data Factory (ADF), Databricks, Synapse Location: Hyderabad Experience: 12-15 years Role: Data Technical Project Manager We are looking for an experienced Data Technical Project Manager with strong expertise in Data Engineering, Databricks, Agile/Scrum, and end-to-end project delivery. The candidate will be responsible for managing data projects, coordinating cross-functional technical teams,…",https://www.adzuna.in/land/ad/5889684901?se=uBfn5Ta78RGQDqa7Fpbs1A&utm_medium=api&utm_source=0fd54924&v=4474728E278F8D592E17A8204AC86EEA6CDB136A
business analyst,Client Success & Growth Manager (India),Thakral One,India,,,2026-08-27T15:59:22Z,"As a Client Success & Growth Manager , you will combine your technology background with client‑facing expertise to build trusted relationships, identify opportunities, and drive account growth. This role is about being present with clients, understanding their pain points, and positioning Thakral One as a strategic partner across staff augmentation, consulting, managed services, and solution delivery. What You'll Do and How You'll Succeed Client Engagement & Relationship Management Act as the p…",https://www.adzuna.in/land/ad/5858113416?se=uBfn5Ta78RGQDqa7Fpbs1A&utm_medium=api&utm_source=0fd54924&v=58B04245A1803E6702C311BA61E61447677C2CAC
business analyst,Project Analyst (India),Thakral One,India,,,2026-09-01T16:22:25Z,"As a Project Analyst , you will support Agile project delivery, project governance, compliance tracking, stakeholder management, and business analysis activities for technology transformation initiatives. You will act as both a facilitator of Agile ceremonies and a coordinator of governance and reporting, ensuring projects are delivered successfully and aligned with organisational standards. What You’ll Do and How You’ll Succeed Agile Delivery & Facilitation Serve as Scrum Master and facilitate…",https://www.adzuna.in/land/ad/5864435922?se=uBfn5Ta78RGQDqa7Fpbs1A&utm_medium=api&utm_source=0fd54924&v=9009C5DD79F64773EE256AEB1099EBCF0226C28D
business analyst,Data Engineering Lead,The HEINEKEN Company,"Hyderabad, Telangana",,,2026-09-25T22:02:57Z,"Job Location : Hyderabad Job Type : Full TIme Your Role: As the Data Engineering Lead, you will be a leader of the data engineering team working on in-house products in for Data Foundation Collaborating closely with Product Owner(s), Product Architect(s) and other DataOps teams you will need to understand the business needs, helping Product Architect(s) to convert those needs into solution architecture specifications and services in line with overall engineering standards and roadmaps. You will…",https://www.adzuna.in/land/ad/5898533993?se=uBfn5Ta78RGQDqa7Fpbs1A&utm_medium=api&utm_source=0fd54924&v=93CBE7E9D7EBB395D7DB3B2291A47469A5F34596
business analyst,ServiceNow Project Manager,Aelum Consulting - ServiceNow Premier Partner,"Noida, Ghaziabad",,,2026-09-25T15:24:40Z,"About Aelum Consulting Aelum Consulting is a ServiceNow Premier Partner helping enterprises accelerate their digital transformation journeys through innovation, automation, and scalable solutions. We deliver tailored implementations that drive efficiency, enhance user experience, and create measurable business impact across industries. About the Role A ServiceNow Project Manager with strong delivery and client-facing experience to manage end-to-end ServiceNow implementation projects. The role r…",https://www.adzuna.in/land/ad/5898131362?se=uBfn5Ta78RGQDqa7Fpbs1A&utm_medium=api&utm_source=0fd54924&v=FB4EA60FED16F4CB83E1B2C14B2DF1D244752CCB
business analyst,Consulting Engagement Manager,TAAS Partners,"Bangalore, Karnataka",,,2026-09-25T01:58:53Z,"Client - One of the Top Consulting Firms in India in Consumer Tech space The Engagement Manager plays a pivotal role in leading a cross-functional team of consultants and analysts to solve the client's most critical business challenges. You will own the day-to-day delivery of strategy, operational transformation, or growth advisory projects, while serving as a trusted advisor to senior executives and nurturing internal talent. Core Responsibilities 1. Project Leadership & Delivery Structure Com…",https://www.adzuna.in/land/ad/5897296483?se=uBfn5Ta78RGQDqa7Fpbs1A&utm_medium=api&utm_source=0fd54924&v=471C4BEF502F4B0FFDF9F72B876FA4F253D9172D
business analyst,"Senior BI Consultant(Data Engineering ,Python.AWS services) with fast growing Software company, Baner, Pune.",Seventh Contact Hiring Solutions,India,,,2026-09-20T17:32:36Z,"Position : – Senior BI Consultant Years of Experience – 6 Years Qualifications –Any Graduate Job Location : Pune, Baner Job Summary We are seeking a highly skilled Senior BI Consultant with extensive experience in designing, developing, and maintaining scalable Business Intelligence and data warehousing solutions. This role requires a strong background in Python scripting, AWS services (Lambda, S3, Redshift), and data science methodologies to extract actionable insights and support data-driven …",https://www.adzuna.in/land/ad/5891690316?se=uBfn5Ta78RGQDqa7Fpbs1A&utm_medium=api&utm_source=0fd54924&v=1C23709CF8AE46DE6D3C7BFC76F5C639B4BA7A62
business analyst,Presales Team Lead,Straive,"Mumbai, Maharashtra",,,2026-09-12T17:19:15Z,"Presales: Lead Presales (Content) Job Description Should be able to work across all phases of Bid Management, i.e., bid qualification of opportunity, solution discussion, estimation and pricing, bid defense presentations, due diligence, and contract management. ● Managing and coordinating the end-to-end bid process o Independently manage strategic bids/RFPs/tenders of value above $100,000 o Create the bid schedule plan and identify the right skills needed from the functional team to work on the…",https://www.adzuna.in/land/ad/5880950390?se=uBfn5Ta78RGQDqa7Fpbs1A&utm_medium=api&utm_source=0fd54924&v=8C3A6A05957023F3D0456DB9987D44B14C7CF082
business analyst,"Snr Analyst, Development - LARC",Standard Chartered Bank,"Chennai, Tamil Nadu",,,2026-08-12T01:59:27Z,"This job is with Standard Chartered Bank, an inclusive employer and a member of myGwork – the largest global platform for the LGBTQ business community. Please do not contact the recruiter directly. Key Responsibilities Strategy • Define project scope and schedule while focusing on regular and timely delivery of value; organize and lead project status and working meetings; prepare and distribute progress reports; manage risks and issues; correct deviations from plans; and perform delivery planni…",https://www.adzuna.in/land/ad/5837139071?se=uBfn5Ta78RGQDqa7Fpbs1A&utm_medium=api&utm_source=0fd54924&v=70FEE35D121C1C525952645654C25753D2DBE7C6
business analyst,Business Analyst,Binary Semantics Limited,"Gurgaon, Haryana",,,2026-08-29T07:39:42Z,"Job Responsibilities: 1.Requirement Gathering:- Business analysts identify and document the needs and objectives of a project or business initiative by collaborating with stakeholders, such as clients, users, and management. Involvement in RFP/ RFQ and BRD etc. as Business Analyst 2.Data Analysis:- They analyze data, both quantitative and qualitative, to identify trends, patterns, and insights that can inform decision-making and support business objectives. 3.Process Analysis:- Business analyst…",https://www.adzuna.in/details/5860532858?utm_medium=api&utm_source=0fd54924
business analyst,Business Analyst,Lincode Labs India Pvt Ltd,"Bangalore, Karnataka",400000,800000,2020-03-31T19:47:07Z,"Job Description: Business Analyst (Job Code: BNSAN1) No of Positions: 2 Purpose of Position: Requirements management is one of the core skills of business analysts. Developing technical solutions to business problems, or to advance a company’s sales efforts, begins with defining, analyzing and documenting requirements. Managing requirements at the project level can help fulfill business needs. Skilled business analysts also use requirements to drive the design or review of test cases, process c…",https://www.adzuna.in/details/1509166858?utm_medium=api&utm_source=0fd54924
business analyst,Business Analyst,NewVison,India,,,2026-09-19T21:44:19Z,"Job Title: Business analyst Role/Job Summary: In this rapidly evolving world, New Vision is always looking for new ways to disrupt the status quo, go to market faster, and optimize customer experiences. We are seeking an experienced business analyst to lead the charge on this mission. The ideal candidate will have big ideas and strategies that foster an environment of collaboration and creativity. This role is ideal for someone with an entrepreneurial mindset and real-world experience distillin…",https://www.adzuna.in/details/5890798642?utm_medium=api&utm_source=0fd54924
business analyst,Business Analyst,ProPMO Services Private Limited,"Bangalore, Karnataka",400000,800000,2025-02-07T12:24:34Z,"Hiring: Business Analyst – General / Motor Insurance Domain  Location: Bangalore, Walton Road  Experience: 4-5 years in the General Insurance Industry (Motor Insurance vertical) We are looking for a Business Analyst with expertise in Motor Insurance to join our team. If you have a strong understanding of the insurance sector and analytical skills, we’d love to connect! Skills:- Business Analysis, General Insurance and Business Analyst",https://www.adzuna.in/details/5040689008?utm_medium=api&utm_source=0fd54924
business analyst,Business Analyst,xyz,"Tamil Nadu, India",,,2024-07-31T03:13:45Z,"A Business Analyst job description typically includes: Creating a detailed business analysis, outlining problems, opportunities and solutions for a business Budgeting and forecasting Planning and monitoring Financial modelling Variance Analysis Pricing Reporting Defining business requirements and reporting them back to stakeholders In addition to performing financial and operational modelling, a Business Analyst is expected to develop new models that underpin sound business decisions. A Busines…",https://www.adzuna.in/details/4801532684?utm_medium=api&utm_source=0fd54924
business analyst,Business Analyst,Wissen Technology,"Hyderabad, Telangana",,,2025-08-05T08:19:57Z,"· 5 years of experience as a Product Specialist, Business Analyst, or any other occupation/title providing experience with business process and data analysis · Proven experience with and understanding of relational databases, and ability to construct basic to intermediate query logic · 2 years of experience in asset management and/or fintech domain in R&D or product capacity Skills:- Business Analyst, Asset management, SQL and Data Analysis",https://www.adzuna.in/details/5337950212?utm_medium=api&utm_source=0fd54924
business analyst,Business Analyst,,"Noida, Ghaziabad",,,2024-05-10T07:39:01Z,"We are hiring a Business Analyst to join our project team. You will work alongside other business analysts and report directly to the project manager. Your main tasks will include performing detailed requirements analysis, documenting processes, and performing some user acceptance testing. To succeed in this role you should have a natural analytical way of thinking and be able to explain difficult concepts to non-technical users.",https://www.adzuna.in/details/4686706417?utm_medium=api&utm_source=0fd54924
business analyst,Business Analyst,PopcornApps,"Hyderabad, Telangana",200000,1000000,2022-05-25T05:32:48Z,Business Analyst Business Analyst at PopcornApps is focused on customer business process understanding for the enterprise software solutions developed at PopcornApps. This role serves as a facilitator for all areas related to Business Process understanding and its communication through written and verbal medium. Business Analyst ensures communication of project requirements to the technical development team. Candidate Profile: 3 Years Experience. The candidate can be a project lead or an indivi…,https://www.adzuna.in/details/3166190744?utm_medium=api&utm_source=0fd54924
business analyst,Business Analyst,Presidency University,"Bangalore, Karnataka",0,500000,2020-10-29T02:45:11Z,"Job Description We are hiring a Business Analyst to join our project team. You will work alongside other business analysts and report directly to the project manager. Your main tasks will include performing detailed requirements analysis, documenting processes, and performing some user acceptance testing. To succeed in this role, you should have a natural analytical way of thinking and be able to explain difficult concepts to non-technical users. Business Analyst Responsibilities: Evaluating bu…",https://www.adzuna.in/details/1788701062?utm_medium=api&utm_source=0fd54924
business analyst,Business Analyst,In Touch,"Hyderabad, Telangana",,,2026-08-06T20:40:05Z,"About the Job We are changing the way people think about customer care, and we need your help! We’re looking for a Business Analyst to assist with Performing User Acceptance Testing (UAT) and the operationalization of business, process and/or system changes across training curriculums, training delivery, quality assurance and reporting. As Business Analyst, You Will… Collect and validate data requirements for business intelligence systems Support reporting from multiple applications Create, val…",https://www.adzuna.in/details/5830599367?utm_medium=api&utm_source=0fd54924
business analyst,Business Analyst,CIMET,"Jaipur, Rajasthan",,,2026-08-28T07:37:12Z,"As a Business Analyst at CIMET, you will play a critical role in supporting our initiatives by gathering, defining, and designing business requirements that align with the companys goals. Youll collaborate closely with cross-functional teams to ensure the eFective implementation of business solutions and contribute to the overall eFiciency and success of CIMETs projects. Key Responsibilities: Requirements Gathering: Engage with stakeholders to identify, document, and prioritize business require…",https://www.adzuna.in/details/5859120974?utm_medium=api&utm_source=0fd54924
business analyst,Business Analyst,Ebizz Infotech,"Surat, Gujarat",120000,300000,2023-02-04T06:16:41Z,"We are hiring a business analyst to join our project team. You will work alongside project stakeholders and report directly to Sr. Business analysts. The purpose of the role is to liaison and bridge the gap between the BDM team and technical team to comprehend and analyze customer requirements and translate them to the development teams thereby, ensuring the right requirement detail in the documentation. To succeed in this role, you should have a natural analytical way of thinking and be able t…",https://www.adzuna.in/details/3900854302?utm_medium=api&utm_source=0fd54924
business analyst,Business Analyst,Mithra Global,"Mumbai, Maharashtra",1200000,1300000,2022-11-22T05:54:55Z,"Business Analyst responsibilities are:  A business analyst serves as a liaison between developers and users, clients, management and IT.  Using IT resources at an advanced level to create IT solutions, enabling organiastion meet their goals  Understanding data formats and translating them to useful process inputs.  Understanding calculation logic and interacting with the clients on their queries  Good knowledge of subject matter – both Finance and IT  Doing product demonstrations internal…",https://www.adzuna.in/details/3710148607?utm_medium=api&utm_source=0fd54924
business analyst,Business Analyst,MM Staffing & Career Consultants,"Bangalore, Karnataka",900000,900000,2026-05-13T01:56:32Z,"Job Description: Position: Business Analyst Location: Bangalore, WFO Experience requirement: 3 Years Joining Date: Immediate to 30 days Job Description minimum 3 years of experience in Business Analyst position with good knowledge in Bank Payments domain know the workflow of Payment services (UPI / IMPS / NEFT / RTGS) should understand the Payment Gateway Services. should know how the Bank Payment Services are integrated. should be able to give solutioning for issues related to Payments. should…",https://www.adzuna.in/details/5727082142?utm_medium=api&utm_source=0fd54924
business analyst,Business Analyst,Manras,"Noida, Ghaziabad",,,2026-09-18T21:38:57Z,"Job Title: Salesforce Business Analyst & Project Manager (Real Estate Domain) Location: Noida Experience Required: 3–7 Years Employment Type: Full-time About the Role We are looking for a dynamic Salesforce Business Analyst & Project Manager who can bridge the gap between business needs and technical solutions. The ideal candidate will have hands-on experience in Salesforce implementations along with a strong understanding of the real estate domain , including sales lifecycle, CRM workflows, an…",https://www.adzuna.in/details/5889523406?utm_medium=api&utm_source=0fd54924
business analyst,Business Analyst,Proarch Technology Services,"Kolkata, West Bengal",,,2026-08-28T07:38:15Z,"Pro Arch is looking for a talented and detail-oriented Business Analyst to join our growing team. As a Business Analyst, you will be responsible for analyzing business needs, gathering requirements, and facilitating effective communication between stakeholders and technical teams. You will play a key role in transforming ideas into actionable project deliverables, ensuring that solutions meet business objectives and user needs. Your responsibilities will include conducting thorough requirements…",https://www.adzuna.in/details/5859124842?utm_medium=api&utm_source=0fd54924
business analyst,Business Analyst,Redfoxa Careerlink Pvt Ltd,"Bangalore, Karnataka",400000,450000,2026-05-05T12:11:01Z,"Title: Business Analyst – Fresher Company: Concentrix Location: Bangalore CTC: ₹4 – ₹4.8 LPA Job Description: We are hiring Business Analysts for Concentrix, Bangalore. This is a great opportunity for fresh graduates to start their IT career in a professional corporate environment. Key Responsibilities: Analyze business requirements and processes Coordinate with internal teams and stakeholders Support data analysis and reporting Ensure smooth project execution Eligibility Criteria: Any Graduate…",https://www.adzuna.in/details/5719182260?utm_medium=api&utm_source=0fd54924
business analyst,Business Analyst,Vision Infotech,"Surat, Gujarat",,,2025-11-20T00:58:11Z,"Description We are looking for a skilled Business Analyst to join Vision Infotech, a leading IT company. As a Business Analyst, you will play a crucial role in analyzing business processes, identifying areas for improvement, and recommending solutions to enhance efficiency and productivity. Your insights will be instrumental in driving strategic decision-making and ensuring the successful implementation of projects. Working at Vision Infotech, you will be involved in a variety of projects aimed…",https://www.adzuna.in/details/5503836817?utm_medium=api&utm_source=0fd54924
business analyst,Business Analyst,Texila American University,"Coimbatore, Tamil Nadu",0,700000,2021-11-04T03:52:47Z,"Title : Business Analyst Reporting to : Project Manager Work Location : Coimbatore, TN Summary : As a Business Analyst, he/she will be working as a member of product development team who analyzes the business domain, documents its processes and systems, outlines business requirements, and matches a software business model with the software being built. You will be bridging the gap between stakeholders and the development team, interpreting business requirements into understandable development t…",https://www.adzuna.in/details/2609531597?utm_medium=api&utm_source=0fd54924
business analyst,Business Analysts,Money Honey Financial Services Private Limited,"Mumbai, Maharashtra",300000,1000000,2024-06-28T10:26:34Z,"Job brief We are looking for a Business Analyst to help us to build our online-only investment platform, which will enable investors to easily invest in mutual funds from leading fund houses in India, corporate fixed deposits, and various other investment products. Another important activity where Business analyst will help us is that to keep a track on different asset class and keep them updated in system. Which will help us to do financial planning for the investor. Business Analyst Desk - JD…",https://www.adzuna.in/details/4755979420?utm_medium=api&utm_source=0fd54924
business analyst,Business Analyst,Sigma Infosolutions,"Bangalore, Karnataka",1200000,1500000,2022-06-28T06:28:21Z,"Job Description of Business Analyst About the job: We are looking for a Business Analyst for E-commerce domain (Magento) Role: Your role will be of Business Analyst Location: Bangalore · Requirement Collection, Documentation and Analysis for existing and new projects · Propose reasonable solution to client’s requirement in alignment with technical & budget feasibility. · Bring clarity in work scope between development team & client. · Leading and managing multiple projects end to end. · Client …",https://www.adzuna.in/details/3266737478?utm_medium=api&utm_source=0fd54924
business analyst,Business Analyst,COTIVITI,"Pune, Maharashtra",,,2026-08-30T07:41:07Z,"Business Analyst The Business Analyst role is aligned to our Content and Operating Solutions Team within the Prospective Payment Management BU. This role will partner with various divisions and levels of leadership within the whole organization. A Business Analyst will work alongside Business teams, R&D Teams, & Operating Solutions team as well as external departments including any level of leadership to collaborate in achieving the goals established by the department and organization. Knowledg…",https://www.adzuna.in/details/5861795571?utm_medium=api&utm_source=0fd54924
business analyst,Business Analyst,Coditas Technologies,"Pune, Maharashtra",,,2026-08-08T07:31:11Z,"We are looking to hire a highly driven Business Analyst to assist the company to improve business efficiency. The candidate needs to work closely with the clients stakeholders, senior BA, and product managers to understand and document requirements in detail. The person will work as a guide to the team and provide project-level analysis - producing required project analysis documentation (business requirements, design documents, use cases, sequence diagrams, future state proposals, UAT plan). R…",https://www.adzuna.in/details/5832798246?utm_medium=api&utm_source=0fd54924
business analyst,Business Analyst,Ixora Global Services,"Gurgaon, Haryana",12,144,2019-06-05T21:12:02Z,"Business Analyst I JD for ‘Business Analyst - I’ Resource Experience Required - 6 to 8 years Location - India Summary The ‘Business Analyst’ works closely with the business and technical teams. This role is a major contributor to the requirements specification deliverable, writes the business and functional requirements and ensures the analytical, build, test and deployment tasks related to both internally developed as well as third party solutions are successfully completed. Performs feasibili…",https://www.adzuna.in/details/1171506747?utm_medium=api&utm_source=0fd54924
business analyst,Business Analyst,NeoGenCode Technologies Pvt Ltd,India,1000000,2200000,2025-06-18T05:21:07Z,"Position : Business Analyst Experience : 5 Years Location : Remote Notice Period : Immediate Joiners Preferred (or candidates serving 10–15 days’ notice) Interview Mode : Virtual Job Description : We are seeking an experienced Business Analyst with a strong background in requirements gathering, functional documentation, and stakeholder management, particularly in the US Healthcare payer domain . Mandatory Skills : Business Analysis, US Healthcare Payer Domain, Requirement Gathering, User Storie…",https://www.adzuna.in/details/5255506980?utm_medium=api&utm_source=0fd54924
business analyst,Business Analyst,Nexuslink Services India Pvt ltd,"Ahmedabad, Gujarat",450000,700000,2026-08-20T16:03:51Z,"Business Analyst Location: Ahmedabad, Gujarat Experience: 3–5 Years Job Type: Full-Time Joining: Immediate Joiners Preferred Job Summary We are looking for a skilled and analytical Business Analyst with 3–5 years of experience to join our team in Ahmedabad. The ideal candidate should have strong experience in requirement gathering, business analysis, documentation, stakeholder management, and working across the complete project lifecycle. Key Responsibilities Gather, understand, analyze, and do…",https://www.adzuna.in/details/5849525633?utm_medium=api&utm_source=0fd54924
business analyst,Business Analyst,ONIT,"Pune, Maharashtra",,,2026-08-06T07:31:54Z,"Job Description: Onit Inc is looking for a highly organized self-starter to join our team as a Business Analyst on the simple Legal and Contract Works products, in the legal tech SaaS industry. Onit is known for outstanding customer support. We are second to none in our space and are looking for experienced Business Analysts to join our team. As a member of our team, you will help to improve upon and lead our post-sale efforts for Integrations by working directly with new customers alongside th…",https://www.adzuna.in/details/5829887321?utm_medium=api&utm_source=0fd54924
business analyst,Business Analyst,VDart,"Srirangam, Tiruchirappalli",,,2026-07-14T12:05:11Z,"Business Analyst (0–2 Years) | AI Product Development | Trichy (Work from Office) About the Role We're looking for a motivated Business Analyst to join our AI Product Development team. In this role, you'll work closely with the Product Owner, Project Manager, Engineering, UI/UX, and QA teams to gather requirements, document business processes, and support the successful delivery of AI-powered products. This is an excellent opportunity for recent graduates and early-career professionals who are …",https://www.adzuna.in/details/5799557395?utm_medium=api&utm_source=0fd54924
business analyst,Business Analyst,MM Staffing & Career Consultants,"Bangalore, Karnataka",600000,600000,2026-05-13T02:03:54Z,"Job Description: Job Description Position: Business Analyst, Securities Services Location: Bangalore/ Remote/ Hybrid Job Type: 9 month Contract Notice Period: Immediate to 15 days CTC : 3.5 lakh per month Principle Responsibilities: The Business Analyst will be a liaison between technology, operations, and various business units to lead and facilitate the creation and specification of business requirements regarding a new digital platform for Securities Services. The Business Analyst is expecte…",https://www.adzuna.in/details/5727133034?utm_medium=api&utm_source=0fd54924
business analyst,Business Analyst,Dynarex Technologies PvtLtd,"Mohali, Punjab",700000,900000,2026-02-14T10:57:23Z,"We are looking for an experienced and dynamic Senior Business Analyst to join our growing team. If you have strong analytical skills and a passion for delivering data-driven solutions, we’d love to connect with you!  Position: Business Analyst  Location: Mohali - 8B  Experience: 3 Years   : Requirements Documentation: Develop, manage, and maintain BRD, FRD, and SRS documents to ensure clear understanding and alignment among stakeholders. Wireframing: Create detailed wireframes and process flows…",https://www.adzuna.in/details/5629158866?utm_medium=api&utm_source=0fd54924
business analyst,Business Analyst,Vmultiply solutions,"Noida, Ghaziabad",200000,400000,2024-07-25T10:51:47Z,"JD for Business Analyst ""zoho"" JOB DESCRIPTION Job Title - Business Analyst “Zoho” Experience - 2 yrs Location - Noida Extension Responsibilities- Define project scope and document business requirements. Design technical specifications, using best practices and minimising the need for custom coding. Provide internal CRM consulting, analyse data and processes to improve the business process to drive growth. Create solutions on our ZOHO platform to meet the internal customer requirements. Automat…",https://www.adzuna.in/details/4794473965?utm_medium=api&utm_source=0fd54924
business analyst,Business Analyst,Talhive,"Bangalore, Karnataka",,,2025-04-01T01:23:35Z,"Job Title: Business Analyst Summary: The Business Analyst will be responsible for leading the data and reporting aspects of the business. This includes gathering and analyzing data, creating reports and dashboards, and communicating insights to stakeholders and clients. The ideal candidate will have strong Excel skills, be data-driven, and have a proven track record of impacting SaaS businesses. Essential Duties and Responsibilities: Gather and analyze data from a variety of sources, including …",https://www.adzuna.in/details/5120355680?utm_medium=api&utm_source=0fd54924
business analyst,Business Analyst,Wolken Software,"Bangalore, Karnataka",1500000,2500000,2022-09-20T07:05:20Z,"About the Company: Wolken Software provides a suite of AI-enabled, SaaS 2.0 cloud-native applications for Customer Service and Enterprise Solutions namely Wolken Service Desk, Wolken's IT Service Management, and Wolken's HR Case Management. We have replaced incumbents like Salesforce, ServiceNow Zendesk, etc. at various Fortune 500 and Fortune 1000 companies. Job Description: We are looking for a Business Analyst with strong organizational and planning skills and a proven ability to multitask i…",https://www.adzuna.in/details/3502543793?utm_medium=api&utm_source=0fd54924
business analyst,Business Analyst,Ebizz Infotech,"Surat, Gujarat",120000,300000,2023-05-10T15:58:30Z,"We are hiring a business analyst to join our project team. You will work alongside project stakeholders and report directly to Sr. Business analysts. The purpose of the role is to liaison and bridge the gap between the BDM team and technical team to comprehend and analyze customer requirements and translate it to the development teams thereby, ensuring the right requirement detail in the documentation. To succeed in this role, you should have a natural analytical way of thinking and be able to …",https://www.adzuna.in/details/4091518943?utm_medium=api&utm_source=0fd54924
business analyst,Business Analyst,Innover Systems,"Pune, Maharashtra",600000,1000000,2025-12-25T10:26:03Z,"Title: Senior Business Analyst (IoT & Digital Transformation) Location: Baner, Pune (On-site) Experience: 4 Years We are looking for a Senior Business Analyst to bridge the gap between complex business needs and technical execution. In this role, you won't just document requirements—you will shape the future of our IoT solutions by identifying trends and turning raw data into an actionable business strategy. What You’ll Do Architect Solutions: Transform high-level business visions into precise …",https://www.adzuna.in/details/5555120217?utm_medium=api&utm_source=0fd54924
business analyst,Business Analyst,Olam International,"Chennai, Tamil Nadu",,,2026-08-21T07:39:30Z,"We are seeking an experienced Business Analyst to join our team in India. The ideal candidate will have a strong background in analyzing business processes and requirements, along with a proven track record of delivering solutions that drive efficiency and effectiveness in business operations. Responsibilities Gather and analyze business requirements from stakeholders. Develop and maintain detailed documentation of business processes and requirements. Create data models and process flow diagram…",https://www.adzuna.in/details/5850378534?utm_medium=api&utm_source=0fd54924
business analyst,Business Analyst,Acura Solution,"Gurgaon, Haryana",,,2026-05-14T02:17:45Z,"Job Description: Business Analyst Location: no constraints (WFH as per policy) Job Description & skills: Overall industry experience: 12 years Hands on experience of requirement gathering & analysis (7yrs, 15 projects), mobile app related projects. Coordinate with various business and IT stakeholders to understand their business requirements. Conduct design thinking workshops. Create user journeys to articulate as-is processes. Work with stakeholders to understand their needs and gather detaile…",https://www.adzuna.in/details/5728332881?utm_medium=api&utm_source=0fd54924
business analyst,Business Analyst,Myrsa Technology Solutions,"Thane, Maharashtra",300000,500000,2022-08-26T06:41:27Z,"Our business analysts are the drivers behind our continued growth and success. With our commitment to innovation, it’s our business analysts who seek out, develop, and help implement strategic initiatives for improved efficiency and productivity. We’re currently searching for an experienced business analyst to help guide our organization into the future. From researching progressive systems solutions to evaluating their impact, our ideal candidate is a detailed planner, expert communicator, and…",https://www.adzuna.in/details/3433222166?utm_medium=api&utm_source=0fd54924
business analyst,Business Analyst,IRIS BUSINESS SERVICES LIMITED,"Navi Mumbai, Maharashtra",0,600000,2021-10-27T08:24:59Z,"Job Title : Business Analyst Experience Range - 2 to 6 years Location : Vashi - Navi Mumbai Roles and Responsibilities : - Conduct requirements gathering, analysis, planning, and logical design of a software product by working with internal and external stakeholders - Gather business/ functional requirements from the clients and create user stories and work closely with technology teams to get it developed - Understand the Software Development Life Cycle and develop an understanding of current …",https://www.adzuna.in/details/2583051695?utm_medium=api&utm_source=0fd54924
business analyst,Business Analyst,Blackbaud,India,,,2026-08-26T20:44:08Z,"Job description for Staff Business Analyst, Blackbaud Luminate Business Analysts (BAs) play a crucial role in helping clients leverage our platforms to raise money and stay connected with their constituents. This position is for the Luminate Online services team at Blackbaud, which serves a wide range of non-profits/NGOs. This position will be staffed by BB India and will provide support to US-based services staff. Work Location & Schedule Work Location: Sky tech, Financial District, Hyderabad,…",https://www.adzuna.in/details/5856942808?utm_medium=api&utm_source=0fd54924
business analyst,Business Analyst,Forerunner Consultancy Services,"Pune, Maharashtra",,,2025-01-18T17:37:54Z,For the Role of a Business Analyst(BA). An excellent opportunity with MNC for the candidates with the experience in F&A (AP-AR-GL) domain knowledge on platforms Oracale 11i EBS and SAP FICO. Mail your profiles to forerunnerpune@gmail.com,https://www.adzuna.in/details/5015650325?utm_medium=api&utm_source=0fd54924
business analyst,Business Analyst,EXL,India,,,2026-04-15T02:01:42Z,"Description Business Analysts analyze business processes and develop requirements for projects. Responsibilities include gathering and documenting business needs, conducting analysis, and supporting project implementation. You will work with stakeholders to address business challenges and drive improvements. Strong experience in business analysis and problem-solving skills are required. Responsibilities Design and implement business solutions, Optimize business processes, Ensure solutions meet …",https://www.adzuna.in/details/5699259929?utm_medium=api&utm_source=0fd54924
business analyst,Business Analyst,Topcoder,"Noida, Ghaziabad",,,2025-07-31T17:07:34Z,"Looking for a Business analyst -.MBA (preferably) Good communication skills Understanding of analytics requirement gathering Good understanding of supply chain or procurement domain knowledge Basics of how a Power BI dashboard should be designed & developed, good in Excel.",https://www.adzuna.in/details/5329708622?utm_medium=api&utm_source=0fd54924
business analyst,Business Analyst,Milestone Online Technology,"Patna, Bihar",,,2026-08-08T07:31:07Z,"Key Responsibilities: Gather, document, and validate business requirements from stakeholders. Analyze current business processes and identify areas for improvement. Develop detailed business cases, process flows, and data models. Collaborate with IT, development teams, and product owners to design and implement solutions. Translate business requirements into technical specifications and user stories. Conduct impact analysis and feasibility studies for proposed changes. Support project delivery …",https://www.adzuna.in/details/5832798190?utm_medium=api&utm_source=0fd54924
business analyst,Business Analyst,Milestone Online Technology,"Gurgaon, Haryana",,,2026-08-08T07:31:05Z,"Key Responsibilities: Gather, document, and validate business requirements from stakeholders. Analyze current business processes and identify areas for improvement. Develop detailed business cases, process flows, and data models. Collaborate with IT, development teams, and product owners to design and implement solutions. Translate business requirements into technical specifications and user stories. Conduct impact analysis and feasibility studies for proposed changes. Support project delivery …",https://www.adzuna.in/details/5832798160?utm_medium=api&utm_source=0fd54924
business analyst,Business Analyst,Milestone Online Technology,"Ludhiana, Punjab",,,2026-08-08T07:31:07Z,"Key Responsibilities: Gather, document, and validate business requirements from stakeholders. Analyze current business processes and identify areas for improvement. Develop detailed business cases, process flows, and data models. Collaborate with IT, development teams, and product owners to design and implement solutions. Translate business requirements into technical specifications and user stories. Conduct impact analysis and feasibility studies for proposed changes. Support project delivery …",https://www.adzuna.in/details/5832798189?utm_medium=api&utm_source=0fd54924
business analyst,Business Analyst,Milestone Online Technology,"Pune, Maharashtra",,,2026-08-08T07:31:04Z,"Key Responsibilities: Gather, document, and validate business requirements from stakeholders. Analyze current business processes and identify areas for improvement. Develop detailed business cases, process flows, and data models. Collaborate with IT, development teams, and product owners to design and implement solutions. Translate business requirements into technical specifications and user stories. Conduct impact analysis and feasibility studies for proposed changes. Support project delivery …",https://www.adzuna.in/details/5832798146?utm_medium=api&utm_source=0fd54924
business analyst,Business Analyst,Milestone Online Technology,"Kolkata, West Bengal",,,2026-08-08T07:31:05Z,"Key Responsibilities: Gather, document, and validate business requirements from stakeholders. Analyze current business processes and identify areas for improvement. Develop detailed business cases, process flows, and data models. Collaborate with IT, development teams, and product owners to design and implement solutions. Translate business requirements into technical specifications and user stories. Conduct impact analysis and feasibility studies for proposed changes. Support project delivery …",https://www.adzuna.in/details/5832798154?utm_medium=api&utm_source=0fd54924
business analyst,Business Analyst,Milestone Online Technology,"Bangalore, Karnataka",,,2026-08-08T07:31:06Z,"Key Responsibilities: Gather, document, and validate business requirements from stakeholders. Analyze current business processes and identify areas for improvement. Develop detailed business cases, process flows, and data models. Collaborate with IT, development teams, and product owners to design and implement solutions. Translate business requirements into technical specifications and user stories. Conduct impact analysis and feasibility studies for proposed changes. Support project delivery …",https://www.adzuna.in/details/5832798168?utm_medium=api&utm_source=0fd54924
business analyst,Business Analyst,Milestone Online Technology,"Bhopal, Madhya Pradesh",,,2026-08-08T07:31:06Z,"Key Responsibilities: Gather, document, and validate business requirements from stakeholders. Analyze current business processes and identify areas for improvement. Develop detailed business cases, process flows, and data models. Collaborate with IT, development teams, and product owners to design and implement solutions. Translate business requirements into technical specifications and user stories. Conduct impact analysis and feasibility studies for proposed changes. Support project delivery …",https://www.adzuna.in/details/5832798175?utm_medium=api&utm_source=0fd54924
business analyst,Business Analyst,Talodyn Networks Private Limited,"Bangalore, Karnataka",,,2026-08-30T07:38:43Z,"Job Description Role : Business Analyst Location : PAN India Years of experience needed – 6 years Technical Skills: • Liaise with multiple stakeholders from the business and technical teams to drive projects from conceptualization to deployment • Should be able to lead and facilitate requirement elicitation workshops to understand business need • Document requirements to define business needs, model requirements and define business cases • Identify and define use cases and develop user stories …",https://www.adzuna.in/details/5861792577?utm_medium=api&utm_source=0fd54924
business analyst,Business Analyst,Toolyt,"Richmond Town, Bangalore",120000,240000,2026-08-05T08:26:17Z,"Hiring: Business Analyst (0–1 Year Experience) We are looking for an enthusiastic Business Analyst to join our team and help implement technology solutions while working closely with clients and internal teams. This is a great opportunity for freshers or candidates with up to 1 year of experience who are eager to build a career in business analysis. Key Responsibilities: • Gather and analyze client/business requirements and prepare BRD/FSD documents. • Create workflows, scenarios, use cases, an…",https://www.adzuna.in/details/5828668155?utm_medium=api&utm_source=0fd54924
business analyst,Business Analyst,MedTourEasy,India,600000,600000,2026-09-18T22:03:33Z,"Company Overview MedTourEasy, a global healthcare company, provides you the informational resources needed to evaluate your global options. MedTourEasy provides analytical solutions to our partner healthcare providers globally. Job Title Business Analyst Job Location Bengaluru, India Gurgaon, India New Delhi, India Noida, India International Years of Experience 0-5 years Job Description As a Business Analyst at Medtoureasy, you will play a pivotal role in driving business performance and strate…",https://www.adzuna.in/details/5889601489?utm_medium=api&utm_source=0fd54924
business analyst,Business Analyst,,"Chennai, Tamil Nadu",,,2024-05-10T07:39:01Z,"We are looking for Business Analyst Responsibilities and Duties · Service Explanation · Budget Preparation · Followup Client · Payment Followup · Client Interaction Required Fresher/Experience, Skills and Qualifications · Excellent Communication Skills · Candidate Should have a Bachelor degree · Immediate Joiner More preferred",https://www.adzuna.in/details/4686706474?utm_medium=api&utm_source=0fd54924
business analyst,Business Analyst,Mantras2Success,"Gandhinagar, Gujarat",600000,600000,2026-05-13T02:04:48Z,"Job Description: Role Summary: The Business Analyst will collaborate with product solutions, development, and testing teams to define requirements and propose solutions for the functional design, user interface, and workflow of new and enhanced application features. This role also involves working closely with project managers, scrum masters, and other business units to ensure successful project delivery. Key Responsibilities: ● Liaise with stakeholders to gather detailed requirements, test dat…",https://www.adzuna.in/details/5727143893?utm_medium=api&utm_source=0fd54924
business analyst,Business Analyst,Cassini Systems,"Injambakkam, Chennai",,,2026-09-09T21:38:53Z,"Job Description – Business Analyst Summary The Business Analyst sits within Cassini’s Product team, translating client and business requirements into detailed technical and functional specifications for development. The role requires a detail-orientated candidate with financial services experience, ideally in market risk, credit risk or collateral workflows and analytics, gained either at a financial institution or a fintech vendor. The Business Analyst converts feature requirements into develo…",https://www.adzuna.in/details/5877296390?utm_medium=api&utm_source=0fd54924
business analyst,Business Analysts,EWU,"Kochi, Ernakulam",200000,300000,2025-08-04T05:33:06Z,"We are seeking a detail-oriented and analytical Business Analyst to bridge the gap between business needs and technology solutions. The ideal candidate will be responsible for analyzing business processes, identifying improvement areas, and supporting data-driven decision-making through insights and documentation. Skills:- Business Analysis, MS-Excel, PowerBI, SQL and trainer",https://www.adzuna.in/details/5336689187?utm_medium=api&utm_source=0fd54924
business analyst,Business Analyst,Codebuddy Pvt. Ltd.,"Kolkata, West Bengal",300000,400000,2023-02-08T06:25:23Z,"Job Description We are looking for a Business Analyst to join our team. In this role, you will contribute to various phases of the software development process or software testing. Apply now for the role of Business Analyst at CodeBuddy that is opening doors for skilled, energetic and enthusiastic personnel. If you are willing to work in fast-paced, multi-tasking, team environment, the engineers, internal partners, and stakeholders then you could be the perfect fit for the opening. Responsibili…",https://www.adzuna.in/details/3911379858?utm_medium=api&utm_source=0fd54924
business analyst,Business Analyst,HyreSpree,"Hyderabad, Telangana",1500000,2000000,2022-10-16T05:44:14Z,"Role: Developer - Business Analyst Experience : 5 years Location : Hyderabad ( Work from office) Job Type : Full Time Permanent position Notice Period : Immediate joiners or max 15 days Requirements: Analytical skills, problem-solving skills, Strong communication and domain knowledge. Sound Knowledge in HTML,CSS, Microsoft. Net framework, Javascript, PHP, React and SQL. Able to create detail business analysis, outlining problems, opportunities and solutions for the business. Experience in Agile…",https://www.adzuna.in/details/3592404194?utm_medium=api&utm_source=0fd54924
business analyst,Business Analyst,Ara Resources Private Limited,"Bangalore, Karnataka",,,2026-08-15T07:51:30Z,"The Role: The Business Analyst will be responsible for bridging the gap between business needs and technical solutions. In this role, you will work closely with stakeholders to gather and document requirements, ensuring that project objectives align with organizational goals. Key Responsibilities: Engage with business stakeholders to gather, understand, and document requirements for new systems, processes, or projects. Communicate clearly and effectively with both technical and non-technical st…",https://www.adzuna.in/details/5842569972?utm_medium=api&utm_source=0fd54924
business analyst,Business Analyst,Ethics Infotech,"Vadodara, Gujarat",,,2026-09-09T16:12:53Z,"Skills Agile/Scrum Certification (CSM, PSM, CBAP, ECBA, or equivalent) will be an advantage. Experience with tools such as Jira, Confluence, Figma, Visio, Draw.io, or similar. Leadership and mentoring capabilities. Strong business process modeling and workflow design expertise. Role & Responsibilities Analyze business processes, identify gaps, and recommend process improvements. Prepare Business Requirement Documents (BRD), Functional Requirement Documents (FRD), User Stories, Use Cases, and Pr…",https://www.adzuna.in/details/5876949328?utm_medium=api&utm_source=0fd54924
business analyst,Business Analyst,iprogrammer,"Pune, Maharashtra",,,2026-07-31T10:42:26Z,"Position: Business Analyst Experience: 4-7 Yrs Job Location: Pune Work Mode: Work from Office Employment Type: Full Time Role Job Overview: We are looking for an experienced Business Analyst to bridge business needs with technology solutions. The candidate will be responsible for requirement gathering, stakeholder management, business process analysis, well understanding of design, mock-ups, BRS & FRS documentation, sprint grooming, user story writing, acceptance criteria defining, UAT support,…",https://www.adzuna.in/details/5822020256?utm_medium=api&utm_source=0fd54924
business analyst,Business Analyst,Bill Gosling Outsourcing,"Bangalore, Karnataka",,,2026-09-17T21:51:57Z,"Join a Team That’s Passionate About Making Lives Better! At Bill Gosling Outsourcing, we believe that success starts with an amazing team. We are a global leader in outsourcing solutions, we focus on making lives better, one connection at a time. We provide tailored solutions to businesses around the globe, specializing in customer care, sales, and financial services. We’re looking for enthusiastic, driven individuals to join our dynamic work environment where fun meets results ! Bill Gosling I…",https://www.adzuna.in/details/5887957572?utm_medium=api&utm_source=0fd54924
business analyst,Business Analyst,Litpix Studio Private Limited,"Jaipur, Rajasthan",200000,400000,2024-09-07T10:59:13Z,"About the Role: We are seeking a skilled Business Analyst to join our IT team. As a Business Analyst, you will be responsible for bridging the gap between business needs and technology solutions. You will work closely with stakeholders, developers, and project managers to ensure that requirements are gathered, analyzed, and implemented in alignment with the company’s business objectives. This role demands strong analytical, problem-solving, and communication skills, along with a solid understan…",https://www.adzuna.in/details/4855312747?utm_medium=api&utm_source=0fd54924
business analyst,Business Analyst,Unnati,"Delhi, India",700000,800000,2022-03-01T04:54:07Z,"Do you wish to be a part of a disruptive team, passionate towards democratizing education for students across India? Then read more. Our client is an expert in education financing and counselling related to higher studies abroad. They help students to understand about scholarships in various colleges abroad, whether they are eligible and how to apply for such esteemed institutions. Their dedicated page enlists every scholarship available across the globe, apart from other facilities required by…",https://www.adzuna.in/details/2933962322?utm_medium=api&utm_source=0fd54924
business analyst,Business Analyst,NebuLogic Technologies,"Hyderabad, Telangana",800000,1200000,2026-06-03T13:04:26Z,"Role Summary We are looking for a business analyst with proven experience delivering enterprise-class customer relationship management (CRM) and customer experience (CX) solutions across local, state, and other public sectors. The ideal candidate should be comfortable owning end-to-end delivery from requirement to deployment. Key Responsibilities Lead requirement-gathering sessions, stakeholder discussions, and functional analysis. Manage end-to-end delivery of CRM/CX implementations including …",https://www.adzuna.in/details/5750260075?utm_medium=api&utm_source=0fd54924
business analyst,Business Analyst,Velocis Systems Private Limited,India,,,2026-08-21T07:40:10Z,"We are looking for an experienced Business Analyst with 5–8 years of proven expertise in gathering business requirements, analyzing processes, and translating them into functional and technical specifications. The ideal candidate will act as a bridge between business stakeholders and the technical team, ensuring that project deliverables meet business objectives and user expectations. Key Responsibilities: Engage with stakeholders to elicit, analyze, and document business requirements and proce…",https://www.adzuna.in/details/5850380679?utm_medium=api&utm_source=0fd54924
business analyst,Business Analyst,Right Advisors,"Bangalore, Karnataka",600000,600000,2026-08-29T21:04:51Z,"Job Description: Job Summary The Business Analyst will oversee and conduct the conversion of data into insights that will lead to informed business decisions. He will work directly with stakeholders and the management within the assigned departments. The Business Analyst will have to handle multiple simultaneous tasks, prioritize work, and remain functional under aggressive timelines. Roles & Responsibilities: Identify and formulate problem statements aligned in different verticals of the organ…",https://www.adzuna.in/details/5861243168?utm_medium=api&utm_source=0fd54924
business analyst,Business Analyst,Emids,India,,,2026-05-08T02:14:04Z,"Description Business Analyst - Incentive Compensation / Functional Analyst • Define and implement IC strategies aligned with pharma sales structures and compliance requirements • Drive IC discussions with business leaders, translating functional requirements into actionable deliverables and insights. • Ensure accurate IC calculations by integrating data from different systems with robust validations. • Experience in MDM, Data Mart • Exposure to incentive planning and compensation. • Experience …",https://www.adzuna.in/details/5722083454?utm_medium=api&utm_source=0fd54924
business analyst,Business Analyst,RadicalStart Infolab Private Limted,"Madurai, Tamil Nadu",200000,300000,2023-10-22T13:47:49Z,"Proven experience as a Business Analyst or similar role. Strong communication skills, both written and verbal, with the ability to effectively convey complex concepts. Excellent documentation skills, with attention to detail and accuracy. Proficient in logical and analytical thinking, with the ability to solve problems and think critically. Demonstrated understanding of business needs and the ability to perform comprehensive requirement analysis. Familiarity with Jira tool and Agile methodology…",https://www.adzuna.in/details/4386562594?utm_medium=api&utm_source=0fd54924
business analyst,Business Analyst,Binary Semantics Limited,"Gurgaon, Haryana",,,2026-08-29T07:39:52Z,"Binary Semantics Insurtech Services- Strong presence in BFSI segment for more than a decade Considered among top Insurtech Companies of India A team of 150 technology professionals working in Fintech vertical Serving some of the most well-known Global and Indian Automobile brands. Doing exemplary work in Technology areas such as Microsoft .NET, MVC, Cloud Services, AI, Machine Learning etc. Position – Business Analyst Experience – 3 to 5 yrs Location – Gurgaon Education – B tech  MBA Salary – A…",https://www.adzuna.in/details/5860533598?utm_medium=api&utm_source=0fd54924
business analyst,Business Analyst,Financial Services,India,600000,600000,2026-08-18T20:48:13Z,"Job Title: Business Analyst – Life Insurance Domain Location: On-site Experience: 2–4 years Education: B.E. / B.Tech / B.Sc (CS/IT) or equivalent Job Summary: We are seeking a proactive and detail-oriented Business Analyst with experience in the Life Insurance domain to join our team. The ideal candidate will act as a bridge between business stakeholders and technical teams, ensuring that business requirements are well-understood, documented, and effectively implemented. Key Responsibilities: R…",https://www.adzuna.in/details/5846911659?utm_medium=api&utm_source=0fd54924
business analyst,Business Analyst,Apex 2000,"Bangalore, Karnataka",,,2026-08-25T07:43:27Z,"We are seeking a highly analytical and proactive Business Analyst to evaluate business processes, anticipate requirements, and implement solutions for improvement. You will lead ongoing reviews, stay updated on IT advancements, conduct meetings to share findings, and effectively communicate insights to various stakeholders. This role requires strong leadership in guiding junior staff and meticulous project management. Roles & Responsibilities: Evaluate business processes, anticipating requireme…",https://www.adzuna.in/details/5854880424?utm_medium=api&utm_source=0fd54924
business analyst,Business Analyst,Apex 2000,"Kolkata, West Bengal",,,2026-08-25T07:43:27Z,"We are seeking a highly analytical and proactive Business Analyst to evaluate business processes, anticipate requirements, and implement solutions for improvement. You will lead ongoing reviews, stay updated on IT advancements, conduct meetings to share findings, and effectively communicate insights to various stakeholders. This role requires strong leadership in guiding junior staff and meticulous project management. Roles & Responsibilities: Evaluate business processes, anticipating requireme…",https://www.adzuna.in/details/5854880420?utm_medium=api&utm_source=0fd54924
business analyst,Business Analyst,Apex 2000,"Pune, Maharashtra",,,2026-08-25T07:43:26Z,"We are seeking a highly analytical and proactive Business Analyst to evaluate business processes, anticipate requirements, and implement solutions for improvement. You will lead ongoing reviews, stay updated on IT advancements, conduct meetings to share findings, and effectively communicate insights to various stakeholders. This role requires strong leadership in guiding junior staff and meticulous project management. Roles & Responsibilities: Evaluate business processes, anticipating requireme…",https://www.adzuna.in/details/5854880417?utm_medium=api&utm_source=0fd54924
business analyst,Business Analyst,Vistex Career,"Kyasaram, Hyderabad",,,2025-12-20T23:54:48Z,"Vistex is a global enterprise software and services company that helps businesses take control of their mission-critical processes. With a multitude of programs covering pricing, trade, royalties and incentives, it can be complicated to see where all the money is flowing, let alone how much difference it makes to the topline and the bottom line. With Vistex, business stakeholders can see the numbers, see what really works, and see what to do next – so they can make sure every dollar spent or ea…",https://www.adzuna.in/details/5549958855?utm_medium=api&utm_source=0fd54924
business analyst,Business Analyst,,"Noida, Ghaziabad",,,2024-05-10T07:39:03Z,"You will be responsible for 4-5 years of Business analyst experience in financial domain.Desirable : Good knowledge of SWIFT messaging, Payments & settlements, intra-day liquidity domain. Treasury experience is good to have but not mandatory.Good knowledge of defining operating models, creating As-Is and To-Be processes.Good knowledge of Agile/scrum methodology, writing user stories, defining acceptance criteria.Excellent verbal and written communication skills.Good stakeholder management skill…",https://www.adzuna.in/details/4686706698?utm_medium=api&utm_source=0fd54924
business analyst,Business Analyst,EXL,India,,,2025-12-21T23:50:57Z,"Description Business Analysts analyze business processes and develop requirements for projects. Responsibilities include gathering and documenting business needs, conducting analysis, and supporting project implementation. You will work with stakeholders to address business challenges and drive improvements. Strong experience in business analysis and problem-solving skills are required. Responsibilities Job Responsibilities · Data collation, processing, cleaning & transformation along with feat…",https://www.adzuna.in/details/5551011286?utm_medium=api&utm_source=0fd54924
business analyst,Business Analyst,Miro,"Chennai, Tamil Nadu",,,2024-07-31T03:12:25Z,IT Business Analyst Responsibilities: Liaising between the IT department and the executive branch. Acting as an information source and communicator between business branches. Understanding strategic business needs and plans for growth. Enhancing the quality of IT products and services. Analyzing the design of technical systems and business models. Utilizing IT data for business insights. Analyzing business needs. Sourcing and implementing new business technology. Finding technological solutions…,https://www.adzuna.in/details/4801519596?utm_medium=api&utm_source=0fd54924
business analyst,Business Analyst,ascendion,"Pune, Maharashtra",,,2026-09-13T07:42:15Z,"About Ascendion Ascendion is a leader in AI-Native platform driven software engineering company that underwrites outcomes, helping businesses innovate faster, smarter, and with greater impact. We partner with Global 2000 clients across North America, UK, Europe, and APAC to solve complex challenges in data, experience design, software product engineering, and workforce transformation. Powered by expert engineers, thousands of AI agents, and our Engineering to the Power of AI™ (EngineeringAI) me…",https://www.adzuna.in/details/5882108582?utm_medium=api&utm_source=0fd54924
business analyst,Business Analyst,,"Noida, Ghaziabad",,,2024-05-10T07:38:58Z,"Kronos is hiring a Business Analyst in Noida who would be responsible for translating the customer requirements into detailed stories and/or work. The individual would also be involved in defining the work that engineering team will deliver and to provide daily support for their flawless execution.• Works with product managers on product requirements, use cases, epics and sub-epics.• Define detailed breakdown of requirements into epics based on the headlines identified by product managers.• To …",https://www.adzuna.in/details/4686705910?utm_medium=api&utm_source=0fd54924
business analyst,Business Analyst,ICE,"Pune, Maharashtra",,,2026-08-07T07:27:22Z,"Job Purpose A Business Analyst plays a crucial role in analyzing business processes, identifying areas for improvement, and implementing solutions that drive business success. This role involves working closely with stakeholders to gather requirements, identify goals, create documentation, and support the development of data-driven insights and analyze current processes to determine what can be improved to achieve their desired outcome. In addition to managing our master data set and assisting …",https://www.adzuna.in/details/5831397290?utm_medium=api&utm_source=0fd54924
business analyst,Business Analyst,layer tech IT solutions,"Hyderabad, Telangana",300000,500000,2025-06-08T05:07:20Z,"Layer Tech Solutions is looking for a detail-oriented Business Analyst with 1–3 years of experience to support our growing team. The ideal candidate will bridge the gap between business needs and technical solutions. Analyze business processes and identify areas for improvement Gather and document requirements from stakeholders Collaborate with cross-functional teams to develop solutions Prepare reports, dashboards, and presentations Strong analytical, problem-solving, and communication skills …",https://www.adzuna.in/details/5239552785?utm_medium=api&utm_source=0fd54924
business analyst,Business Analyst,DIGITAL BRAIN MEDIA,"Lucknow, Uttar Pradesh",0,600000,2021-12-25T04:19:03Z,BDM CUM Business Analyst Note: Notice period is immediate to 15 days’ maximum candidates can apply. Kindly read carefully Role: BDM CUM Business Analyst Work Location: LUCKNOW Experience: Minimum 2  years into the same key skills Budget: open Mode: Permanent Job description We are looking for a candidate with 2-5 years of experience in Business Analysis and IT project coordination with documentation in IT (Web development/application development / mobile apps development) along with internation…,https://www.adzuna.in/details/2766491353?utm_medium=api&utm_source=0fd54924
business analyst,Business Analyst,Amukha Technologies Private Limited,"Mumbai, Maharashtra",600000,1200000,2026-06-17T14:39:26Z,"Job Description & Responsibilities : We are looking for a Business Analyst who is highly skilled to join and be part of an extremely motivated and passionate team, who can: · Elicit, analyze, specify, and validate the business needs of stakeholders, be they customers or end users. · Collaborate with project sponsors to determine project scope and vision. · Perform requirements analysis. · Work with stakeholders and project team to prioritize collected requirements. · Develops and utilizes stand…",https://www.adzuna.in/details/5766551671?utm_medium=api&utm_source=0fd54924
business analyst,Business Analyst,All Generation Tech,"Hyderabad, Telangana",,,2026-06-07T02:27:30Z,"We are seeking a Business Analyst to support enterprise technology delivery engagements across multiple industry verticals. In this role, you will work closely with client stakeholders and internal delivery teams to gather and translate business requirements into clear, actionable specifications that drive successful project outcomes. Location: Hyderabad, India (Hybrid) Experience: 3-6 years Schedule: Full-time, Monday to Friday What You'll Do: Engage with client and internal stakeholders to el…",https://www.adzuna.in/details/5754832051?utm_medium=api&utm_source=0fd54924
business analyst,Business Analyst,GetixHealth,"Kenchanahalli, Bangalore",,,2026-07-29T20:55:48Z,"Job Description : At GetixHealth, we believe great business decisions begin with exceptional analytics. We are looking for an experienced Business Analyst who thrives on turning complex operational and financial data into compelling visual stories that drive executive decisions and improve client outcomes. This is not solely a reporting role. This is a highly visible analytics position supporting our Client Services leadership team by identifying trends, explaining why performance is changing, …",https://www.adzuna.in/details/5819881302?utm_medium=api&utm_source=0fd54924
business analyst,Business Analyst,The Syndicate Tech,"Bangalore, Karnataka",,,2025-07-31T16:59:25Z,"Role: Business Analyst Location: 100% Remote Working. Job Description: Critical thinking & value-addition: Evaluate opportunities & approach for new market entry Program management – Plan and implement the opportunities/ ideas M&A – Evaluation and advise on potential M&A opportunities Business Intelligence – Develop and track key metrics for the business Desired Skills & Experience: 2-4 years of experience in M&A and Consulting., Handson experience in M&A Transcation., Experience in Research an…",https://www.adzuna.in/details/5329695686?utm_medium=api&utm_source=0fd54924
business analyst,Business Analyst,TIGI HR Solution Pvt. Ltd.,"Ahmedabad, Gujarat",100000,500000,2024-12-05T12:59:30Z,"Job Title: Junior Business Analyst with Project Coordination Experience Key Responsibilities: Analyze business processes, gather and document requirements, and provide solutions to improve efficiency. Assist in project planning, scheduling, and resource management. Coordinate project activities, timelines, and communication between teams. Support project managers in monitoring project progress, identifying risks, and ensuring project goals are met. Create and maintain project documentation, inc…",https://www.adzuna.in/details/4964034326?utm_medium=api&utm_source=0fd54924
business analyst,Business Analyst,Great Techno Tycoon,"Indore, Madhya Pradesh",,,2026-08-06T07:31:49Z,"Educational Qualification: Graduate, Technical Graduate Experience: 8 Years of experience as a Business Analyst Job Description: Act as a liaison between clients and internal teams to understand business needs and requirements. Gather, analyze, and document detailed business requirements to support project objectives. Manage client relationships and ensure their requirements are accurately captured and delivered. Work in a flexible 24/7 environment to meet client and project needs. Support proc…",https://www.adzuna.in/details/5829887011?utm_medium=api&utm_source=0fd54924
business analyst,Business Analyst,Aurionpro,"Mumbai, Maharashtra",,,2026-08-29T07:41:26Z,"Looking for a Business Analyst, who will be the vital link between our product teams and the wider business. You will support a cross-functional teams and development teams to help guide its growth, refine its processes, and support the team so it can build the best products and experiences for their customers. Responsibilities: Years of Exp: 2 Evaluating business processes, anticipating requirements, uncovering areas for improvement, and developing and implementing solutions Ability to partici…",https://www.adzuna.in/details/5860541645?utm_medium=api&utm_source=0fd54924
business analyst,Business Analyst,Kanini Software Solutions,"Malappuram, Kerala",,,2026-09-05T07:37:13Z,"Collaborate with stakeholders tounderstand and anticipate their needs and translate them into product requirements. Translate product roadmap features intowell-defined product requirements including features, user stories, andacceptance test criteria. Hand off user stories to development and testingteams as a part of the sprint planning meeting. Liaison continuously with engineeringteams to ensure teams are equally aligned in product requirements and goals. Participate in Scrum meetings andprod…",https://www.adzuna.in/details/5871275629?utm_medium=api&utm_source=0fd54924
business analyst,Business Analyst,Natalie Consultants,India,800000,1400000,2022-04-20T05:20:34Z,"Ø At least 3years of work experience in Business Analyst role in any reputed Information Technology company. Ø 2 years of experience in Insurance domain. Knowledge about complete Insurance value chain i.e. Submission, Quotes, Policy Bound, Policy Administration, Claims, Billing and Reinsurance. Ø Strong documentation skills on feature understanding, tracking of items, maintaining RTM, FSD, Change requests documents, back log/ query log and Share-point folder maintenance for all updates. Ø Well …",https://www.adzuna.in/details/3064219213?utm_medium=api&utm_source=0fd54924
business analyst,Business Analyst,Affine,"Bangalore, Karnataka",,,2025-02-08T13:35:07Z,"We are looking for a detail-oriented Business Analyst with expertise in Tableau, statistics, SQL, and Excel. The role involves data analysis, creating interactive dashboards, and providing actionable insights to support business decisions and improve operations. Key Responsibilities: Data Analysis & Visualization : Use Tableau for dashboards and conduct statistical analysis. SQL & Data Management : Write and optimize SQL queries, ensure data accuracy. Reporting : Develop Excel spreadsheets, ana…",https://www.adzuna.in/details/5042641487?utm_medium=api&utm_source=0fd54924
business analyst,Business Analyst,Recruiting India,"Chennai, Tamil Nadu",1200000,1400000,2021-07-20T22:47:34Z,"Business Analyst Job Sector : IT , Software Job Type : Permanent Location : Chennai Experience : 8 -10 Years Salary : 12 – 14 LPA Education : Any Graduate with relevant experience Notice Period : Immediate or max 30days NP Key Skills : Business Analysis, Requirement gathering CV submission closing date : 15/07/2021 Contact at triple eight two zero nine four two double seven Required Skills: Strong BA with presentation skills US Customer Engagement experience Self-driven – should be able to inde…",https://www.adzuna.in/details/2330850843?utm_medium=api&utm_source=0fd54924
business analyst,Business Analyst,Wissen Technology,"Bangalore, Karnataka",600000,2400000,2025-05-23T06:51:59Z,"JD Prior experience of about 6-10years 1 - Must have fair understanding of products like future, forward, options(call and put), bonds, swaps etc 2 - Must have fair understanding of mutual funds and NAV 3 - Should have good communication skill. 4 - Basic SQL 5 - Business analyst experience and should know about BRD. 6 - Good to have Knowledge of risk management in general. Responsibilities: Candidate will have to perform data analysis. Candidate will have to speak with different risk engine tea…",https://www.adzuna.in/details/5211779262?utm_medium=api&utm_source=0fd54924
business analyst,Business Analyst,Unnati,"Pune, Maharashtra",0,1200000,2022-04-07T05:26:01Z,"Become part of a global AI / ML team looking for smart, motivated and dedicated professionals ready to exploit technological possibilities. Our client is a Europe headquartered AI-Powered process automation pioneer, which is using its intelligent solutions to help organizations handle their documentation, email and chat processes. They have created digital employees or bots, which can be delegated to act as modules to quickly handle repetitive tasks and simplifying these functions. Such automat…",https://www.adzuna.in/details/3032213576?utm_medium=api&utm_source=0fd54924
business analyst,Business Analyst.,Andesoft Consulting,"Mumbai, Maharashtra",0,1500000,2021-03-13T04:37:03Z,"Role: Business Analyst. Job type: Full time Role type: Technical/Operations. Location: Mumbai Functional Area: Web and app development specializing in CRM and Sales Force Automation IT solutions. About the role: We are looking for a Business Analyst who will be responsible of complete development cycle of the project and maintenance. He/ She will be involved in performing detailed requirements analysis, documenting processes, knowledge transfer, and performing user acceptance testing. You will …",https://www.adzuna.in/details/2048958856?utm_medium=api&utm_source=0fd54924
business analyst,Business Analyst,GreedyGame,"Bangalore, Karnataka",400000,1200000,2022-04-13T05:20:02Z,"About Us: GreedyGame is looking for a Business Analyst to join its clan. We are looking to get an enthusiastic Business Analyst who likes to play with Data. You'll be building insights from Data, creating analytical dashboard and monitoring KPI values. Also you will coordinate with teams working on different layers of the infrastructure. Job details: Seniority Level: Associate Level Industry: Marketing & Advertising Employment Type: Full Time Job Location: Bangalore Experience: 1-2 years WHAT A…",https://www.adzuna.in/details/3048034030?utm_medium=api&utm_source=0fd54924
business analyst,Business Analyst,Aureus Tech Systems,"Hyderabad, Telangana",750000,2200000,2021-09-18T05:50:11Z,"Title : Business Analyst Locations: Gachibowli, Hyderabad, Chennai, Bangalore, and Delhi (Remote). Job Type: Fulltime Business Analysts conduct market analyses, analyzing both product lines and the overall profitability of the business. In addition, they develop and monitor data quality metrics and ensure business data and reporting needs are met. Strong technology, analytical and communication skills are must-have traits Essential Responsibilities: Evaluating business processes, anticipating r…",https://www.adzuna.in/details/2468164053?utm_medium=api&utm_source=0fd54924
business analyst,Business Analyst,Movate Technologies,"Chennai, Tamil Nadu",,,2026-09-11T07:39:43Z,"Lead Requirements Gathering and Analysis: Conduct in-depth requirements gathering sessions with stakeholders to understand business needs and translate them into clear, actionable user stories and functional specifications. Analyze and document complex business processes and workflows. Ensure requirements are aligned with Salesforce best practices and platform capabilities, specifically related to Salesforce Service Cloud, Experience/community Cloud, and Core Salesforce features. Team Mentorshi…",https://www.adzuna.in/details/5879144121?utm_medium=api&utm_source=0fd54924
business analyst,Business Analyst,Endava,"Bangalore, Karnataka",,,2026-09-18T16:13:42Z,"Company Description Technology is our how. And people are our why. For over two decades, we have been harnessing technology to drive meaningful change. By combining world-class engineering, industry expertise and a people-centric mindset, we consult and partner with leading brands from various industries to create dynamic platforms and intelligent digital experiences that drive innovation and transform businesses. From prototype to real-world impact - be part of a global shift by doing work tha…",https://www.adzuna.in/details/5889085832?utm_medium=api&utm_source=0fd54924
business analyst,Business Analyst,Decipher Zone Technologies,"Jaipur, Rajasthan",,,2026-08-04T06:38:35Z,"Business Analyst (International Sales) About Decipher Zone Technologies Decipher Zone Technologies is a leading software development and IT consulting company delivering innovative digital solutions to clients worldwide. We specialize in Web & Mobile App Development, AI/ML, Cloud Solutions, DevOps, UI/UX Design, Enterprise Software, and Custom Software Development. With a commitment to innovation, quality, and customer satisfaction, we help businesses transform ideas into scalable technology so…",https://www.adzuna.in/details/5827168805?utm_medium=api&utm_source=0fd54924
business analyst,Business Analyst,Evalueserve.com Private Limited,"Gurgaon, Haryana",,,2026-08-28T07:35:57Z,What you will be doing at Evalueserve: Writes performant SQL statement to analyze data with Hive/Impala/Oracle Broad knowledge of business/function and development life cycle Prior experience in creating source to target mappings and business transformations. What were looking for: Bachelors / master's degree in computer science / engineering from a reputed university 10 years of experience as a Business Analyst in analysing data. Hands-on experience as a delivery manager for multiple projects …,https://www.adzuna.in/details/5859117805?utm_medium=api&utm_source=0fd54924
business analyst,Business Analyst,Prgx India,"Pune, Maharashtra",,,2026-08-30T07:39:54Z,"As a Business Analyst (Data Visualization) at PRGX, you will be responsible for creating data visualization using tools like Qlik Sense, Tableau or PowerBI. Create data model based on business requirement using advance SQL skills. Also responsible for cleansing and consolidating data from multiple source systems and perform quality assessment. Role Responsibilities Experience working with 1 or more data visualization tools such Qlik Sense, Tableau or PowerBI to tell the data story Advanced SQL …",https://www.adzuna.in/details/5861793633?utm_medium=api&utm_source=0fd54924
business analyst,Business Analyst,,"Gurgaon, Haryana",,,2024-05-10T07:39:03Z,"The successful candidate will be part of Analytics Consulting team. Business analyst plays a critical role in team. BA is responsible for conducting analyses, developing mathematical models and building knowledge on CPG industry. The incumbent for the position is expected to deliver but not limited to on following responsibilities Manage large datasets using most recent technologies Continuously improve processes with focus on automation and partner with different teams to develop system capabi…",https://www.adzuna.in/details/4686706662?utm_medium=api&utm_source=0fd54924
business analyst,Business Analyst,Accenture,India,,,2026-09-12T21:08:05Z,"Project Role : Business Analyst Project Role Description : Analyze an organization and design its processes and systems, assessing the business model and its integration with technology. Assess current state, identify customer requirements, and define the future state and/or business solution. Research, gather and synthesize information. Must have skills : Life Sciences R&D Good to have skills : Life Sciences Industry, Business Requirements Analysis Minimum 5 year(s) of experience is required E…",https://www.adzuna.in/details/5881104626?utm_medium=api&utm_source=0fd54924
business analyst,Business Analyst,White Collar Org,"Jaipur, Rajasthan",400000,1200000,2022-10-28T05:57:34Z,"Exp: 4 years; Business Analyst Year Skills Required Knowledge in Freelancer, Odesk, Guru & Elance portals. The candidate should be excellent in online Bidding. Generating Business from online Bidding Portals, Proposal writing, Follow ups. Responsible for communicating with the clients through Cold Calls and portal chats. Preparing Business Engagement Documents SOW, SRS, RFP/RFQ, Etc. Understanding Of Web & Mobile Development Concepts & Terminology. Good Communication skills. Must be fluent in E…",https://www.adzuna.in/details/3632177861?utm_medium=api&utm_source=0fd54924
business analyst,Business Analyst,Krish Technolabs,"Ahmedabad, Gujarat",0,700000,2021-12-16T05:52:38Z,"Requirements: - Good Experience as a Business Analyst (non-Presales experience) - Should be involved in the entire project/product delivery cycle - Has good understanding of Magento Application Architecture & should be able to provide feedback on same when needed - Project or Product Analyst experience across multiple projects or a program through the entire solution delivery process and financial reporting. - Proactively identifies when projects and/or programs are tracking off schedule, over …",https://www.adzuna.in/details/2742136028?utm_medium=api&utm_source=0fd54924
business analyst,Business Analyst,Multi Recruit,"Bangalore, Karnataka",0,1500000,2022-01-30T04:34:28Z,"Work with stakeholders across the business to ensure that user stories are clearly defined, delivered, and approved for deployment Translate business requirements into detailed system requirements and technical design specifications Investigate, model, define and document required business processes Carry out requirements analysis for change requests including requirements gathering and participating in workshops to understand project objectives and scope To work with other business analysts an…",https://www.adzuna.in/details/2853928094?utm_medium=api&utm_source=0fd54924
business analyst,Business Analyst,HealthAsyst,"Bangalore, Karnataka",,,2026-08-22T07:34:56Z,"4-5 years experience as a Business Analyst in US Healthcare Provider side. Strong understanding of provider workflows. Hands-on experience with Power BI, Tableau, or similar BI/analytics tools. Ability to gather, document, and validate business requirements from clinical, admin, and IT stakeholders. Experience working with EHR/EMR systems (Epic, Cerner, Allscripts, etc.). Familiarity with healthcare APIs such as GAPI and FHIR for interoperability. Knowledge of regulatory reporting CMS, MACRA/MI…",https://www.adzuna.in/details/5851865180?utm_medium=api&utm_source=0fd54924
business analyst,Business Analyst,,"Thane, Maharashtra",,,2024-05-10T07:39:12Z,"We are Hearing For _ ( Business Analyst ) Job location: Thane(w), Mumbai product demonstrations, key account management. Responsible for assisting the application development team deliver functionality that meet the needs of our customers. Ensures delivered functionality meets business area goals, objectives and adheres to the System Development Life Cycle. Collaborate with product team, technology team, and User Experience Group to elicit/author scope document, project requirements, and Produc…",https://www.adzuna.in/details/4686707823?utm_medium=api&utm_source=0fd54924
business analyst,Business Analyst,Merck,India,,,2024-11-21T17:15:12Z,"Job Number: 4261 External Description: A career at Merck is an ongoing journey of discovery: our 52,000 people are shaping how the world lives, works and plays through next generation advancements in healthcare, life science and performance materials. For 350 years and across the world we have passionately pursued our curiosity to find novel and vibrant ways of enhancing the lives of others. SAP Position Title: Business Analyst SCOPE OF RESPONSIBILITY: Analyze the different business metrics and…",https://www.adzuna.in/details/4946581659?utm_medium=api&utm_source=0fd54924
business analyst,Business Analyst,ADCI - BLR 14 SEZ - F07,"Bangalore, Karnataka",,,2026-08-31T16:10:30Z,"At Amazon.com, we strive to be Earth’s most customer-centric company. To support this vision, we need exceptionally talented, bright, and driven people. If you would like to help us build the place to find and buy anything online, this is your chance to work hard, have fun, and make history. Key job responsibilities An ideal candidate for this role: · Will have relevant experience in data analytics working with large data sets and to extract and transform data using various tools and technologi…",https://www.adzuna.in/details/5862891684?utm_medium=api&utm_source=0fd54924
business analyst,Business Analyst,Cityscope,"Mumbai, Maharashtra",,,2026-09-18T21:34:55Z,"Cityscope is a local guide and marketplace platform that helps people discover and book experiences, services, and activities in their city. We empower local businesses, creators, and service providers (our partners) with tools to reach more customers, boosting the local economy and making city exploration easy and enjoyable for everyone. Cityscope is where community meets opportunity. Cityscope is seeking an experienced Business Analyst to join our growing team. The ideal candidate will have a…",https://www.adzuna.in/details/5889516777?utm_medium=api&utm_source=0fd54924
business analyst,Business Analyst,Mastermind Network,"Bangalore, Karnataka",,,2026-08-28T07:37:18Z,"Should act as a business analyst with technical expertise who is the main contact from business users including Financial Risk I.e. Credit, Market etc. Functional and non-functional requirements from the business stake holder Development, test, UAT and post-implementation support, including maintaining traceability to high level requirements and business processes. Engage with business users to understand their requirements or should be able to translate the functional requirements into Technic…",https://www.adzuna.in/details/5859121332?utm_medium=api&utm_source=0fd54924
business analyst,Business Analyst,,"Delhi, India",,,2024-05-10T07:39:08Z,"Job description Role Title : Technical Business Analyst Experience : 3 to 6 Years Role purpose Responsible for managing a program of work to drive changes to the Online Shop in the delivery of small, medium & large scale project assignments with in time and budget constraints. These projects are typically confined to a Business Unit or Segmen Key Responsibilities, Accountability Metrics, Decision Rights Manage the delivery of project objectives within prescribed time and budget, escalating unan…",https://www.adzuna.in/details/4686707327?utm_medium=api&utm_source=0fd54924
business analyst,Business Analyst,Barclays,India,,,2026-09-09T21:25:02Z,"Job Description Purpose of the role To design, develop and improve software, utilising various engineering methodologies, that provides business, platform, and technology capabilities for our customers and colleagues. Accountabilities Development and delivery of high-quality software solutions by using industry aligned programming languages, frameworks, and tools. Ensuring that code is scalable, maintainable, and optimized for performance. Cross-functional collaboration with product managers, d…",https://www.adzuna.in/details/5877276531?utm_medium=api&utm_source=0fd54924
business analyst,Business Analyst,TIGI HR Solution Pvt. Ltd.,"Bangalore, Karnataka",1000000,1500000,2025-06-25T05:06:27Z,"Role Name: System Analyst/ Business Analyst Experience: 6-10 years in the Banking Domain as a Banker / Digital Product management Salary: up to 25 LPA Location: Bangalore Preferred Skills / Experience • Banking Domain experience – Retail Banking, Payments • Business Analysis and Functional consulting • Writing User Stories • Agile Methodology • Knowledge of JIRA, Confluence • Good Communication skills – written and verbal • Ability to identify detailed activities, plan them along with the PM • …",https://www.adzuna.in/details/5266460273?utm_medium=api&utm_source=0fd54924
business analyst,Business Analyst,i-Lanam Technologies,"Ahmedabad, Gujarat",0,200000,2021-09-22T04:47:03Z,"Company Name: i-Lanam Technologies i-Lanam was established in the year 2020 with an insight to provide a competitive approach towards application development to deliver the best quality applications at the cheapest of the prices. Looking at the need to have a company that can understand the ownership of the application output some quality developers came together to establish this company Canada Office 182 Central Ave, 3, London, Ontario N6A 1M7, CA Ahmedabad Location 417 SHIVALIK SHILP Iscon C…",https://www.adzuna.in/details/2478113152?utm_medium=api&utm_source=0fd54924
business analyst,Business Analyst,UpSolve Solutions LLP,"Mumbai, Maharashtra",400000,800000,2024-03-07T15:29:34Z,"Company Description UpSolve is a Gen AI and Vision AI startup that helps businesses solve their problems by building custom solutions that drive strategic business decisions. Whether your business is facing time constraints or a lack of resources, UpSolve can help. We build enterprise grade AI solutions with focus on increasing ROI. Role Description This is a full-time hybrid role for a Business Analyst located in Mumbai. Please note: This is an onsite role and good communication skills are exp…",https://www.adzuna.in/details/4596884484?utm_medium=api&utm_source=0fd54924
data scientist,Data Scientist,EXL,India,,,2026-09-09T01:04:12Z,"Job Description: Advanced Analytics & Data Science Execution: Lead high-impact AI and data science projects, including intelligent process automation and AI-enabled decision support. Enhance customer interactions across all products and channels through AI-driven customer experience management (e.g., Next Best Conversation, Customer Engagement Engines). Bring in emerging AI and data science advancements, providing technical guidance and mentorship to the Data Science team. Collaborate with seni…",https://www.adzuna.in/land/ad/5876016329?se=7hSw6Ta78RGGQ9u1mQKVdw&utm_medium=api&utm_source=0fd54924&v=43362269514076991B57C113E4929E84182E668B
data scientist,Data Scientist,EXL,India,,,2026-09-19T23:24:29Z,"About the job Job Description: Data Scientist: Lead high-impact AI and data science projects, including intelligent process automation and AI-enabled decision support. Enhance customer interactions across all products and channels through AI-driven customer experience management (e.g., Next Best Conversation, Customer Engagement Engines). Bring in emerging AI and data science advancements, providing technical guidance and mentorship to the Data Science team. Collaborate with senior stakeholders…",https://www.adzuna.in/land/ad/5890890594?se=7hSw6Ta78RGGQ9u1mQKVdw&utm_medium=api&utm_source=0fd54924&v=8C53AAE5FC1F47979FB6B1A1058EAFA3ABC2B6A9
data scientist,Data Scientist,Victoria’s Secret & Co.,"Bangalore, Karnataka",,,2026-09-18T23:23:15Z,"TITLE: Data Scientist DEPARTMENT: Data Sciences & Analytics LOCATION: Bangalore, India Team: Data Sciences & Analytics is a global CoE team, incubated within Victoria’ Secret & Co. (VS&Co), building the best-in-class suite of Data Science & Analytics Products that power the best shopping experience for our customers, and deliver actionable, customer-centric insights to our ecommerce, marketing, merchandising and supply chain teams enabling better business decisions on omni channel (digital  sto…",https://www.adzuna.in/land/ad/5889676122?se=7hSw6Ta78RGGQ9u1mQKVdw&utm_medium=api&utm_source=0fd54924&v=7FF6BEEF31921972E05DDDC47EC2AB51A0CDA361
data scientist,Data Scientist,UST,"Bangalore, Karnataka",,,2026-09-19T23:26:23Z,Hiring: Data Scientist | 2–4 Years Experience  Location: Trivandrum – UST Office  Work Mode: 5 Days Work From Office We are looking for a Data Scientist with strong hands-on experience in Deep Learning and related Data Science concepts.  Key Skills: • Data Science & Machine Learning • Deep Learning • Python • Machine Learning Algorithms • Data Preprocessing & Feature Engineering • Model Development & Evaluation • Statistics – Good to Have • Experience with TensorFlow / PyTorch is preferred • S…,https://www.adzuna.in/land/ad/5890896676?se=7hSw6Ta78RGGQ9u1mQKVdw&utm_medium=api&utm_source=0fd54924&v=014A81A6BD179C4D1DFF4CAC702E46FDCC5E9D27
data scientist,Data Scientist,Infosys Finacle,"Bangalore, Karnataka",,,2026-09-09T00:59:08Z,"Job Title: Data Scientist and Senior Data Scientist / AI & Machine Learning Engineer Experience Require dMinimum 3-6 year s of relevant experience in Data Science, Machine Learning, or Artificial Intelligence . Jr Data Scientist - 3-4 years Sr Data Scientist - 6-8 years Job Summary We are seeking an experienced and highly motiva ted Data Scientist / AI Engi neer to work on cutting‑edge AI solutions in collaboration with leading business partners. The ideal candidate will design, build, deploy, …",https://www.adzuna.in/land/ad/5876010793?se=7hSw6Ta78RGGQ9u1mQKVdw&utm_medium=api&utm_source=0fd54924&v=8D81876C99F248DACDDC8104E41D7CB59A09112B
data scientist,Data Scientist,Tata Consultancy Services,"Bangalore, Karnataka",,,2026-09-04T22:28:36Z,"TCS has been a great pioneer in feeding the fire of Young Techies like you. We are a global leader in the technology arena and there's nothing that can stop us from growing together. TCS is Hiring for Data Scientist Experience Range: 5-13 years Job Description Collecting and cleaning dat a: Data scientists often need to gather data from various sources, such as databases, websites, and surveys. They also need to ensure that the data is accurate and in a format that can be analysed .Analysing an…",https://www.adzuna.in/land/ad/5870857421?se=7hSw6Ta78RGGQ9u1mQKVdw&utm_medium=api&utm_source=0fd54924&v=491F7CA20D022F36BBEE8E54D66FEAA38A7B1895
data scientist,Data Scientist,Valiance Solutions,"Bangalore, Karnataka",,,2026-09-18T23:24:30Z,"ABOUT THE ROLE We are looking for a Data Scientist with 3–5 years of hands-on experience and prior experience working for or delivering projects to a multinational grocery, supermarket, hypermarket, or general merchandise retailer. The ideal candidate will have strong foundations in classical Data Science, statistics, and Machine Learning, with the ability to translate complex retail business problems into scalable, data-driven solutions. This is a hands-on Data Science role. We are looking for…",https://www.adzuna.in/land/ad/5889681831?se=7hSw6Ta78RGGQ9u1mQKVdw&utm_medium=api&utm_source=0fd54924&v=4D5BDFF22ADDBC8DCD759600896374D34CFD2F78
data scientist,Data Scientist,Auxo Talent,"Mumbai, Maharashtra",,,2026-09-25T09:57:18Z,Data Scientist We are looking for 2 Data Scientists to support a Hyper Personalization Transformation project with a leading Indian bank. Key Responsibilities: • Develop and deploy machine learning and predictive modelling solutions • Build customer segmentation and propensity models • Analyse customer behaviour and transaction data to drive personalized experiences • Work closely with business and technical stakeholders to develop data driven solutions • Support NBO/NBA and contextual decision…,https://www.adzuna.in/land/ad/5897873954?se=7hSw6Ta78RGGQ9u1mQKVdw&utm_medium=api&utm_source=0fd54924&v=9A20385DD02D87D70A5978E52FB24B1D415D67AF
data scientist,Data Scientist,Jigyasa Analytics,India,,,2026-09-28T07:35:22Z,"Company Description Jigyasa Analytics is dedicated to empowering organizations to make smarter decisions by leveraging data science, machine learning, AI, and synthetic data. We develop innovative solutions in areas such as synthetic data, computer vision, credit risk analytics, subscription and retail analytics to address unique challenges across industries. Our expertise has helped clients improve model performance, mitigate risks, and optimize operations even in data-scarce environments. Fro…",https://www.adzuna.in/land/ad/5901133839?se=7hSw6Ta78RGGQ9u1mQKVdw&utm_medium=api&utm_source=0fd54924&v=1368507B3B404BE07315D2779405501F8C0DF9D6
data scientist,Data Scientist,Judge India Solutions,"Hyderabad, Telangana",,,2026-09-25T22:03:50Z,"This is fully remote role and India hours, Someone who can start asap is preferred. Job Description: Collaborative and analytical Data Science professional with 5 years of hands-on experience applying predictive analytics, forecasting, and classical modeling techniques to generate actionable insights and drive business profitability. Specialized in AI and machine learning, with experience developing and deploying data-driven models to solve complex business problems. Strong programming and data…",https://www.adzuna.in/land/ad/5898535012?se=7hSw6Ta78RGGQ9u1mQKVdw&utm_medium=api&utm_source=0fd54924&v=42F799C70F4BBA8E81D38F205CF421EA1012D08B
data scientist,Data Scientist,InterEx Group,India,,,2026-09-15T19:11:19Z,"Contract: Data Scientist – AI Agent Developer Length: Minimum 6 months, extended every 6 months Remote – India I’m currently working with a leading global technology organisation that is looking for an experienced Data Scientist / AI Agent Developer to join their team. The Role: Build and develop AI agents and LLM-powered solutions for production use cases. Work across agentic AI, prompt engineering, tool integration and AI evaluation . Integrate AI solutions with data platforms, APIs and cloud…",https://www.adzuna.in/land/ad/5884641060?se=7hSw6Ta78RGGQ9u1mQKVdw&utm_medium=api&utm_source=0fd54924&v=8CDC22CC1D25F167E965558F4C218D62CD3C8BD1
data scientist,Data Scientist,Systems Limited,India,,,2026-09-04T22:29:42Z,"We are looking for an experienced Data Scientist to build, evaluate, and productionize predictive and intelligent models across ML, deep learning, NLP, and computer vision. The role focuses on developing production-ready models, maintaining statistical rigor, and translating insights into business outcomes. Responsibilities: Own model development, experimentation, evaluation, and production readiness. Develop forecasting, optimization, recommendation, decision-science, and ML models. Perform fe…",https://www.adzuna.in/land/ad/5870860105?se=7hSw6Ta78RGGQ9u1mQKVdw&utm_medium=api&utm_source=0fd54924&v=041E8BBBEFDD78E4FECCEA865C56F5F540601DF7
data scientist,Data Scientist,Tata Consultancy Services,"Chennai, Tamil Nadu",,,2026-09-09T01:04:05Z,Role  Data Scientist Required Technical Skill Set Good understanding of machine learning including with extensive hands-on experience in model building using libraries like scikit-learn etc. Knowledge of data management and visualization techniques Ability to do data analysis using Python A knack for statistical analysis and predictive modeling Good knowledge of Python Experience with SQL Good communication skills. Good analytical and problem-solving skills Desired Competencies (Technical/Behav…,https://www.adzuna.in/land/ad/5876016078?se=7hSw6Ta78RGGQ9u1mQKVdw&utm_medium=api&utm_source=0fd54924&v=076A6D8BF6D1FAB77910335EA1D3406F73F06FDC
data scientist,Data Scientist,TEKsystems Global Services in India,"Hyderabad, Telangana",,,2026-09-25T22:00:59Z,"The ideal candidate's favorite words are learning, data, scale, and agility. You will leverage your strong collaboration skills and ability to extract valuable insights from highly complex data sets to ask the right questions and find the right answers. Required Skills: SQL,Python,Data Science,Statistical Modelling Qualifications 4 years of experience in Data Science with a focus on marketing, customer analytics and/or financial products. • Fluency with SQL queries in large and complex fragment…",https://www.adzuna.in/land/ad/5898533440?se=7hSw6Ta78RGGQ9u1mQKVdw&utm_medium=api&utm_source=0fd54924&v=88D4D3424A96AA6B06315CD665E2DB6879FB851F
data scientist,Data Scientist,Tricog Health,"Bangalore, Karnataka",,,2026-09-02T02:23:17Z,"The Role: We are looking for a curious and passionate Data Scientist to join our high-impact team. You’ll work directly on AI models that analyse cardiac data and further save life. This role offers the unique opportunity to see your work make a tangible difference in patient outcomes while building state-of-the-art models. What You’ll Do: Design and Implement AI Models: Develop, train, and evaluate machine learning and deep learning models for cardiac datasets and associated metadata. Data Pip…",https://www.adzuna.in/land/ad/5865291446?se=7hSw6Ta78RGGQ9u1mQKVdw&utm_medium=api&utm_source=0fd54924&v=A9D77535171E8EAD7E7898B67A7ADC8ED3D07410
data scientist,Data Scientist,FundsIndia,"Bangalore, Karnataka",,,2026-09-01T16:19:47Z,"Position: Data Scientist Experience: 3 – 4 Years Location: Bangalore About The Opportunity We are looking for a Data Scientist to help us see those patterns earlier: which investors need a nudge, which portfolios are drifting off-plan, and which programs are actually moving the needle. This role sits close to the business and reports directly into Program Management, so the work you do shapes decisions, not just dashboards. Key Responsibilities Investment and portfolio analytics- build models t…",https://www.adzuna.in/land/ad/5864421852?se=7hSw6Ta78RGGQ9u1mQKVdw&utm_medium=api&utm_source=0fd54924&v=B14397ACDCB08B208F430919C7533F7706A5B12A
data scientist,Data Scientist,Recro,"Bangalore, Karnataka",,,2026-09-04T22:30:21Z,"Data Scientist  Bangalore |  3 Years Experience Role Overview Looking for a Data Scientist with strong expertise in Machine Learning, Python, SQL, and Optimization to build scalable, production-ready analytical solutions. Key Skills  Machine Learning – Regression, Classification, Clustering, Forecasting, Recommendation Systems  Python – Pandas, NumPy, Scikit-learn, SciPy, XGBoost, LightGBM  SQL – Complex Joins, CTEs, Window Functions, Query Optimization  Optimization – Linear Programming, MIP, …",https://www.adzuna.in/land/ad/5870863099?se=7hSw6Ta78RGGQ9u1mQKVdw&utm_medium=api&utm_source=0fd54924&v=7D51AD5A5C6AA7359E9AC0D9016988CEA1458AD0
data scientist,Data Scientist,NexionPro Services,"Bangalore, Karnataka",,,2026-09-25T01:53:58Z,"Role: Data Scientist Work Location: Bangalore Experience: 6-8Yrs Work Mode: Hybrid Key Skills: Strong hands-on experience in Python and SQL Strong expertise in A/B Testing, Hypothesis Testing, and Experimentation Good understanding of Statistics, Statistical Inference, and Causal Analysis Experience in Machine Learning / ML Modelling Experience working with large and complex datasets Strong business acumen, strategic thinking, storytelling, and communication skills Ability to work closely with …",https://www.adzuna.in/land/ad/5897294998?se=7hSw6Ta78RGGQ9u1mQKVdw&utm_medium=api&utm_source=0fd54924&v=00C52913533EC157E04D224B04185CB4554EE1D6
data scientist,Data Scientist,Tata Consultancy Services,"Bangalore, Karnataka",,,2026-09-25T22:02:56Z,"Data Scientist – Store Workload & Labor Optimization As a Data Scientist – Store Workload & Labor Optimization , you will design, develop, and deploy predictive models and optimization algorithms that directly influence store execution, labor scheduling, and financial performance. You will bridge the gap between complex operational data (e.g., labor hours, sales execution & performance, task tracking, traffic patterns, and product volumes) and high-impact business outcomes. Your algorithms will…",https://www.adzuna.in/land/ad/5898533957?se=7hSw6Ta78RGGQ9u1mQKVdw&utm_medium=api&utm_source=0fd54924&v=AF03FC70566D7D60B0AE3AF2C3CE9999BDC1B293
data scientist,Data Scientist,Affinity Global,"Mumbai, Maharashtra",,,2026-09-24T01:47:25Z,"About Affinity Affinity is pioneering new frontiers in AdTech: developing solutions that push past today’s limits and open up new opportunities. We are a global AdTech company helping publishers discover better ways to monetize and enabling advertisers to reach the right audiences through new touchpoints. Operating across 10 markets in Asia, the US, and Europe with a team of over 650 experts, we are building privacy-first ad infrastructure that opens up opportunities beyond the walled gardens. …",https://www.adzuna.in/land/ad/5895599613?se=7hSw6Ta78RGGQ9u1mQKVdw&utm_medium=api&utm_source=0fd54924&v=826E423939B9D02AE0BABC83FCA50FBDE302DF0B
data scientist,Data Scientist,TELUS Digital AI Data Solutions,"Bangalore, Karnataka",,,2026-09-06T00:55:19Z,"Data Scientist Location: Remote Duration: 6-month contract The Role We're looking for a Data Scientist to embed with our service delivery and client teams and turn large, messy operational data into decisions. You'll work at the intersection of data quality, human annotation, and model evaluation — measuring rater agreement, surfacing quality signals, building predictive and diagnostic models, and translating findings into recommendations that leadership and clients act on. This is a hands-on, …",https://www.adzuna.in/land/ad/5872266310?se=7hSw6Ta78RGGQ9u1mQKVdw&utm_medium=api&utm_source=0fd54924&v=A39381392A0117FAE5D99E15303B317C24D8806D
data scientist,Data Scientist,Omnicom Global Solutions,India,,,2026-09-12T01:03:54Z,"Job Title: Data Scientist (3–5 Years Experience) Location: Bangalore / Hyderabad Shift Timings: 4:00 PM – 1:00 AM IST Work Model: Hybrid (3 Days Work From Office / 2 Days Work From Home) Position Overview We are looking for an experienced Data Scientist with 3 to 5 years of hands-on expertise in building scalable machine learning models and deploying them on Google Cloud Platform (GCP). In this role, you will design, develop, and operationalize end-to-end ML workflows using GCP-native tools lik…",https://www.adzuna.in/land/ad/5880062427?se=7hSw6Ta78RGGQ9u1mQKVdw&utm_medium=api&utm_source=0fd54924&v=E0A2211C95EBCFB9C1236FB6E39F7FBF4A7836A8
data scientist,Data Scientist,Tata Consultancy Services,India,,,2026-09-04T22:29:24Z,"TCS Hiring for Data Scientist Experience Range: - 06 To 10 Years (Mandatory) (Note: Candidates below 6 years of total IT experience shall not be considered) JOB LOCATION: Gurgaon JOB DESCRIPTION Job Requirements: Strong proficiency in Python or R . Experience with machine learning libraries Strong knowledge of statistics, probability, and hypothesis testing. Expertise in SQL and database systems. Experience with data visualization tools like Power BI , Tableau, etc Experience with cloud platfor…",https://www.adzuna.in/land/ad/5870859327?se=7hSw6Ta78RGGQ9u1mQKVdw&utm_medium=api&utm_source=0fd54924&v=9DE8183379506261484B92969800B13E161019FC
data scientist,Data Scientist,Eucloid Data Solutions,"Chennai, Tamil Nadu",,,2026-09-25T15:22:29Z,"Job Description • Analyze structured and unstructured datasets to identify actionable insights and trends. • Develop and deploy machine learning models and statistical solutions for business challenges. • Apply statistical techniques including hypothesis testing, probability modeling, and model evaluation metrics (ROC-AUC, Precision/Recall, RMSE, etc.) to ensure robust solutions. • Collaborate with data engineers to design scalable data pipelines and architectures. • Translate complex data find…",https://www.adzuna.in/land/ad/5898127586?se=7hSw6Ta78RGGQ9u1mQKVdw&utm_medium=api&utm_source=0fd54924&v=40A3191E9CFE625607D983B49CA1B9CA7FA7098B
data scientist,Data Scientist,Kyndryl,"Gurgaon, Haryana",,,2026-08-20T10:04:40Z,"This job is with Kyndryl, an inclusive employer and a member of myGwork – the largest global platform for the LGBTQ business community. Please do not contact the recruiter directly. Who We Are At Kyndryl, we run and reimagine the mission-critical technology systems that drive advantage for the world's leading businesses. We are at the heart of progress; with proven expertise and a continuous flow of AI-powered insight, enabling smarter decisions, faster innovation, and a lasting competitive edg…",https://www.adzuna.in/land/ad/5849297019?se=7hSw6Ta78RGGQ9u1mQKVdw&utm_medium=api&utm_source=0fd54924&v=E87B9A5E2A9605281144BBEA53533DB7165D1FA0
data scientist,Data Scientist,Tata Consultancy Services,"Chennai, Tamil Nadu",,,2026-09-10T01:02:01Z,"Greetings from Tata Consultancy Service ROLE: Data Scientist JOB LOCATION : Chennai EXPERIENCE REQUIREMENT : 5- 10 Years Job Summary: 5 years of Hands-on experience in Statistical modelling & Machine learning techniques like Random Forest, Boosting, Decision trees, clustering, regression analysis, hypothesis testing, multivariate statistical analysis and forecasting methodologies using SAS, R or other tools like Python 3 years of experience with MNC banks in BFSI domain and good knowledge on Re…",https://www.adzuna.in/land/ad/5877457569?se=7hSw6Ta78RGGQ9u1mQKVdw&utm_medium=api&utm_source=0fd54924&v=67DAD2307E80934D056D48402919DA781D31FBCD
data scientist,Data Scientist,eBay,"Bangalore, Karnataka",,,2026-09-17T18:26:15Z,"This job is with eBay, an inclusive employer and a member of myGwork – the largest global platform for the LGBTQ business community. Please do not contact the recruiter directly. At eBay, we're more than a global ecommerce leader - we're changing the way the world shops and sells. Our platform empowers millions of buyers and sellers in more than 190 markets around the world. We're committed to pushing boundaries and leaving our mark as we reinvent the future of ecommerce for enthusiasts. Our cu…",https://www.adzuna.in/land/ad/5887706961?se=7hSw6Ta78RGGQ9u1mQKVdw&utm_medium=api&utm_source=0fd54924&v=5BE14C8BFBF2B79C3ED6E23ABCB201362FF943E1
data scientist,Data Scientist,Kyndryl,"Mumbai, Maharashtra",,,2026-08-20T10:04:35Z,"This job is with Kyndryl, an inclusive employer and a member of myGwork – the largest global platform for the LGBTQ business community. Please do not contact the recruiter directly. Who We Are At Kyndryl, we run and reimagine the mission-critical technology systems that drive advantage for the world's leading businesses. We are at the heart of progress; with proven expertise and a continuous flow of AI-powered insight, enabling smarter decisions, faster innovation, and a lasting competitive edg…",https://www.adzuna.in/land/ad/5849296977?se=7hSw6Ta78RGGQ9u1mQKVdw&utm_medium=api&utm_source=0fd54924&v=0FFA2BB725355D26B4B624FA5365F48C2D8B894C
data scientist,Data Scientist,Kyndryl,India,,,2026-08-12T01:59:18Z,"This job is with Kyndryl, an inclusive employer and a member of myGwork – the largest global platform for the LGBTQ business community. Please do not contact the recruiter directly. Who We Are At Kyndryl, we run and reimagine the mission-critical technology systems that drive advantage for the world's leading businesses. We are at the heart of progress; with proven expertise and a continuous flow of AI-powered insight, enabling smarter decisions, faster innovation, and a lasting competitive edg…",https://www.adzuna.in/land/ad/5837138848?se=7hSw6Ta78RGGQ9u1mQKVdw&utm_medium=api&utm_source=0fd54924&v=86962F79F06A105F30676367582529277DE10978
data scientist,Data Scientist,eBay,"Bangalore, Karnataka",,,2026-08-27T02:10:30Z,"This job is with eBay, an inclusive employer and a member of myGwork – the largest global platform for the LGBTQ business community. Please do not contact the recruiter directly. At eBay, we're more than a global ecommerce leader - we're changing the way the world shops and sells. Our platform empowers millions of buyers and sellers in more than 190 markets around the world. We're committed to pushing boundaries and leaving our mark as we reinvent the future of ecommerce for enthusiasts. Our cu…",https://www.adzuna.in/land/ad/5857251146?se=7hSw6Ta78RGGQ9u1mQKVdw&utm_medium=api&utm_source=0fd54924&v=43EC4FC89638B5AB4C3D5267B80E2B1135A6C706
data scientist,Data Scientist,Tata Consultancy Services,India,,,2026-09-18T23:24:41Z,"Greetings from Tata Consultancy Services! Join us and be part of TCS's AI Cloud transformation journey! About the Unit: TCS Cloud is accelerating the shift to an AI-powered, cloud-first future. As a strategic transformation partner to the world's leading enterprises, it is helping businesses reimagine their core, modernise platforms, unlock data-driven intelligence, and scale innovation through cloud, AI, cybersecurity, automation, and digital engineering. By combining deep industry expertise w…",https://www.adzuna.in/land/ad/5889682515?se=7hSw6Ta78RGGQ9u1mQKVdw&utm_medium=api&utm_source=0fd54924&v=5BD7FE2960DC2F00E575F4B0BE038B83961E6423
data scientist,Data Scientist,Tata Consultancy Services,"Hyderabad, Telangana",,,2026-09-18T23:24:32Z,"Greetings from Tata Consultancy Services! Join us and be part of TCS's AI Cloud transformation journey! About the Unit: TCS Cloud is accelerating the shift to an AI-powered, cloud-first future. As a strategic transformation partner to the world's leading enterprises, it is helping businesses reimagine their core, modernise platforms, unlock data-driven intelligence, and scale innovation through cloud, AI, cybersecurity, automation, and digital engineering. By combining deep industry expertise w…",https://www.adzuna.in/land/ad/5889682066?se=7hSw6Ta78RGGQ9u1mQKVdw&utm_medium=api&utm_source=0fd54924&v=4A300A1D142B510F16088BE81DE7B3A8DA9CB687
data scientist,Data Scientist,redBus,"Bangalore, Karnataka",,,2026-09-18T23:25:21Z,"The ideal candidate's favorite words are learning, data, scale, and agility. You will use your collaboration skills and ability to extract insights from complex data to ask the right questions and find the right answers. Responsibilities: Work on advanced data science to provide insights to different types of users Identify behavioral and attribute-based clusters using clustering techniques Conduct predictive analysis to create various “what-if” scenarios to drive organizational planning and ma…",https://www.adzuna.in/land/ad/5889684632?se=7hSw6Ta78RGGQ9u1mQKVdw&utm_medium=api&utm_source=0fd54924&v=70D6C480AED0D4ED930FBE10552C7D1C0C375685
data scientist,Data Scientist,Mirchi,"Noida, Ghaziabad",,,2026-09-28T07:38:36Z,"Key Responsibilities : 1. Recommendation Systems Design and optimize personalized recommendation engines (collaborative filtering, content-based, hybrid models) Build real-time and batch recommendation pipelines for playlists, songs, and content discovery Improve CTR, session time, and content consumption through personalization 2. Search & Ranking Develop and enhance search relevance and ranking algorithms Work on query understanding, typo correction, intent detection, and semantic search etc …",https://www.adzuna.in/land/ad/5901136834?se=7hSw6Ta78RGGQ9u1mQKVdw&utm_medium=api&utm_source=0fd54924&v=2D8F571C7EB01D18DC4DC7B26D7460A823EE6C75
data scientist,Data Scientist,Yulu,"Bangalore, Karnataka",,,2026-09-19T23:27:36Z,"About Yulu Yulu is India’s largest shared electric mobility-as-a-service company. Yulu’s mission is to reduce traffic congestion and air pollution by running smart, shared, and small-sized electric vehicles. Yulu is led by a mission-driven & seasoned founding team and has won several prestigious awards for its impact and innovation. Yulu is currently enabling daily commuters for short-distance movements and helping gig-workers deliver goods for the last mile with its eco-friendly rides at pocke…",https://www.adzuna.in/land/ad/5890897426?se=7hSw6Ta78RGGQ9u1mQKVdw&utm_medium=api&utm_source=0fd54924&v=1B1D71DE4B9BCD3FD5E26B7485D0C7CDAC9AA596
data scientist,Data Scientist,TechAIVV Technologies,"Hyderabad, Telangana",,,2026-09-18T23:23:16Z,"Own canonical data modeling: define stable, source-agnostic entities and relationships that represent the business domain (e.g., payroll constructs such as Gross Pay, Net Pay, Regular Pay, Bonus, Termination) independent of any single vendor's data shape. Design config-driven architecture: ensure new source systems, clients, or field variations are onboarded through configuration and mapping rules rather than one-off code changes or schema forks. Enforce correctness and reconciliation disciplin…",https://www.adzuna.in/land/ad/5889676124?se=7hSw6Ta78RGGQ9u1mQKVdw&utm_medium=api&utm_source=0fd54924&v=55E418FCD9D634DFC90AAD8E3C402B78AB935B5D
data scientist,Data Scientist,Birlasoft,"Hyderabad, Telangana",,,2026-09-13T01:06:24Z,"Experience : 7 years of experience in Data Engineering, Data Quality, or Data Governance. 3 years of experience working on AWS Data Platforms. Strong hands-on expertise in: - Python - SQL - Data Quality Engineering - Data Profiling - Data Validation Frameworks - Experience building AI-powered data quality and governance solutions. - Knowledge of LLM orchestration frameworks. - Experience implementing autonomous agents for operational monitoring and support. - Ability to translate business rules…",https://www.adzuna.in/land/ad/5881758282?se=7hSw6Ta78RGGQ9u1mQKVdw&utm_medium=api&utm_source=0fd54924&v=8897ECB6D5C13D1ACC4ACAD28E7FAEE670FA4595
data scientist,Data Science Trainer,Itvedant Education Pvt. Ltd.,"Hyderabad, Telangana",,,2026-09-18T23:25:21Z,"Job Summery: A Data Science Trainer is responsible for teaching various modules of Data Science as per the curriculum. They deliver training sessions, prepare learning materials, and assess the progress of learners. The role demands strong expertise in data analytics, programming, machine learning, deep learning, and emerging AI technologies. A Data Science Trainer must be able to simplify complex technical concepts, demonstrate practical applications, and communicate effectively. They play a k…",https://www.adzuna.in/land/ad/5889684634?se=7hSw6Ta78RGGQ9u1mQKVdw&utm_medium=api&utm_source=0fd54924&v=5948656A6AFCA554BE9E43B3BCE0F974B07BF291
data scientist,Director Data Science,NorthStar HR Consultants,India,,,2026-09-12T01:04:35Z,"Job Title - Director Data Science Job Location - Pune, Maharashtra Must Have Skills - Python, Data Science, ML/AI algorithms, statistical methods, exp in large-scale datasets. About the Role Our client is looking for a Director Data Science to build and lead their Data Science and ML capabilities for an enterprise cybersecurity platform. This role combines deep technical expertise in Data Science, Machine Learning, Analytics, and large-scale data processing with strong engineering and technical…",https://www.adzuna.in/land/ad/5880064279?se=7hSw6Ta78RGGQ9u1mQKVdw&utm_medium=api&utm_source=0fd54924&v=204E367852F2BA3A4621C1B9072F796A053BF781
data scientist,Data Scientist (Freshers),Work360,India,,,2026-09-20T23:29:03Z,"Experience : 0–2 Years Location: India About the Role We are looking for a passionate Data Scientist to join our Data & Analytics team. In this role, you will perform exploratory data analysis, build baseline machine learning models, and collaborate with senior data scientists to translate business challenges into data-driven solutions. You will work with both structured and unstructured datasets while strengthening your expertise in statistics, machine learning, and modern data science practic…",https://www.adzuna.in/land/ad/5891981529?se=7hSw6Ta78RGGQ9u1mQKVdw&utm_medium=api&utm_source=0fd54924&v=1F1954AC99F2B82A6ADBEA0E308F0AA023E9662A
data scientist,Senior Data Scientist,Peoplefy,India,,,2026-09-19T17:35:43Z,"We’re Hiring: Data Scientist Location: Pune Experience: 6–9 Years | About the Role We are looking for a highly skilled Data Scientist to join our team and work on impactful data-driven problem statements. The ideal candidate will have hands-on expertise in data science, statistical modeling, and machine learning frameworks, along with strong domain knowledge in Healthcare, Finance, or Banking . This is an IC4 individual contributor role that requires both technical depth and the ability to men…",https://www.adzuna.in/land/ad/5890613477?se=7hSw6Ta78RGGQ9u1mQKVdw&utm_medium=api&utm_source=0fd54924&v=32113E723CA49D9C02605DF811BD300062E4AB11
data scientist,Senior Data Scientist,AB InBev GCC India,"Bangalore, Karnataka",,,2026-09-13T01:09:24Z,"Dreaming big is in our DNA. It’s who we are as a company. It’s our culture. It’s our heritage. And more than ever, it’s our future. A future where we’re always looking forward. Always serving up new ways to meet life’s moments. A future where we keep dreaming bigger. We look for people with passion, talent, and curiosity, and provide them with the teammates, resources and opportunities to unleash their full potential. The power we create together – when we combine your strengths with ours – is …",https://www.adzuna.in/land/ad/5881767844?se=7hSw6Ta78RGGQ9u1mQKVdw&utm_medium=api&utm_source=0fd54924&v=D7F27207728BEB9BAD7432822504C0510C21241D
data scientist,Senior Data Scientist,Flipkart,"Bangalore, Karnataka",,,2026-09-25T09:56:13Z,"About the Role A Data Scientist in Flipkart is required to develop and implement ML or statistical models for the various projects formulated from business and product views. The responsible person should be able to communicate and collaborate with multiple stakeholders representing various teams to better understand the problem at hand. At a fundamental level, the responsible person should be able to dive deep into a problem statement and extract interesting insights as well as solutions. In a…",https://www.adzuna.in/land/ad/5897873668?se=7hSw6Ta78RGGQ9u1mQKVdw&utm_medium=api&utm_source=0fd54924&v=F62B6A1CF6E049F6D74C484E89BD2F563CB19782
data scientist,Senior Data Scientist,EdgeVerve,"Chennai, Tamil Nadu",,,2026-09-09T01:03:25Z,"Job Title: Data Scientist and Senior Data Scientist / AI & Machine Learning Engineer Experience Required Minimum 6 years of relevant experience in Data Science, Machine Learning, or Artificial Intelligence. Data Scientist - 6-10 Years Sr Data Scientist 8-15 Years Job Summary We are seeking an experienced and highly motivated Senior Data Scientist / AI Engineer to work on cutting‑edge AI solutions in collaboration with leading business partners. The ideal candidate will design, build, deploy, an…",https://www.adzuna.in/land/ad/5876014583?se=7hSw6Ta78RGGQ9u1mQKVdw&utm_medium=api&utm_source=0fd54924&v=D4EB49DBF0B26E96A9F7F6105F4A8AEDA94A3C29
data scientist,Senior Data Scientist,Talentmatics,India,,,2026-09-19T23:26:12Z,"Job Title: Senior Applied Data Scientist Experience: 5–7 Years (5 years relevant experience) Location: Hyderabad / Pune (Hybrid) Industry: Product-Based (AI & Decision Intelligence) About the Role We are seeking a Senior Applied Data Scientist with 5 years of experience in Applied Data Science, Decision Science, or Business Analytics to drive high-impact decision-intelligence initiatives. In this role, you will lead end-to-end analytical projects, translating complex business challenges into st…",https://www.adzuna.in/land/ad/5890895823?se=7hSw6Ta78RGGQ9u1mQKVdw&utm_medium=api&utm_source=0fd54924&v=FB91FB3CD983F3B96D22F2B8DD5E2497FB882877
data scientist,Lead Data Scientist,Battery Smart,India,,,2026-09-19T23:27:40Z,"Role Overview: We are looking for a Lead Data Scientist / Applied AI Lead to lead Battery Smart’s Data Science, Machine Learning and Applied AI charter. This is a mid-level leadership role responsible for managing a team of Data Scientists /Analytics professionals while remaining hands-on with critical business problems and AI initiatives. The role will own the Data Science roadmap, drive production-grade ML and AI solutions, and partner with Product, Engineering, Operations and Leadership to t…",https://www.adzuna.in/land/ad/5890897448?se=7hSw6Ta78RGGQ9u1mQKVdw&utm_medium=api&utm_source=0fd54924&v=B2247346C10DEDBC6EE30B140C1F6796AE3B7A0B
data scientist,Data Science Lead,Confidential Jobs,"Bangalore, Karnataka",,,2026-09-10T01:02:26Z,"About the Role We are seeking an experienced Data Science Lead to define and advance the organization's machine learning, artificial intelligence, and decision intelligence capabilities. This role will lead a team of Data Scientists and partner with cross-functional stakeholders to develop scalable analytics and AI solutions that enhance customer experiences, optimize business performance, and unlock new growth opportunities. The ideal candidate combines deep technical expertise with strong lea…",https://www.adzuna.in/land/ad/5877457599?se=7hSw6Ta78RGGQ9u1mQKVdw&utm_medium=api&utm_source=0fd54924&v=4733DAD39A91ED8B918A709B014E4ED0D56E3326
data scientist,Data Science Manager,ORMAE,"Bangalore, Karnataka",,,2026-09-01T16:20:32Z,"Data Science Manager ORMAE · Bangalore, India · Full-time · Data Science / AI Consulting ABOUT THE ROLE ORMAE is an AI, Optimization, and Machine Learning consulting firm delivering high-impact data science solutions across pharma, FMCG, healthcare, aerospace, manufacturing, e-commerce, and hospitality. We are looking for a Data Science Manager who can lead the technical delivery of client engagements end-to-end while actively supporting presales and solutioning to help win new business. This i…",https://www.adzuna.in/land/ad/5864425220?se=7hSw6Ta78RGGQ9u1mQKVdw&utm_medium=api&utm_source=0fd54924&v=6375B5C14E1613C91FD9BC748BAC7BBF9E5CA256
data scientist,Senior Data Scientist,True Tech Professionals,India,,,2026-09-25T01:55:47Z,"Hiring: Lead Data Scientist | 10–12 Years We are looking for an experienced Lead Data Scientist who can set technical direction, own end-to-end ML solutions, and lead a team of Data Scientists/Engineers.  Experience: 10–12 Years  Role: Lead Data Scientist  What You’ll Do • Own the complete model lifecycle — problem framing, feature engineering, model selection, training, validation, deployment, monitoring & retraining • Make and defend architecture-level decisions across classical ML and deep …",https://www.adzuna.in/land/ad/5897295809?se=7hSw6Ta78RGGQ9u1mQKVdw&utm_medium=api&utm_source=0fd54924&v=3A80E3574AC02C1F87D413704539641B14F151AE
data scientist,SR DATA SCIENTIST,TE Connectivity,"Bangalore, Karnataka",,,2026-09-17T08:30:58Z,"This job is with TE Connectivity, an inclusive employer and a member of myGwork – the largest global platform for the LGBTQ business community. Please do not contact the recruiter directly. At TE, you will unleash your potential working with people from diverse backgrounds and industries to create a safer, sustainable and more connected world. Job Overview The pace of innovation in artificial intelligence, machine learning, and advanced analytics continues to accelerate, and the Data and Device…",https://www.adzuna.in/land/ad/5887061000?se=7hSw6Ta78RGGQ9u1mQKVdw&utm_medium=api&utm_source=0fd54924&v=380CB727EA1E86AC53A4AD2BD901D1168D15F113
data scientist,"Director, Data Science",Applied Data Finance,India,,,2026-09-28T02:01:18Z,"Role Summary Senior data science leader who owns the strategy, roadmap, and delivery of the machine-learning and statistical models that power our consumer lending business. You will lead the development of credit risk models for underwriting and portfolio risk decisioning, while also overseeing models across fraud risk, marketing response and propensity, customer lifecycle management, collections prioritization, account management, and pricing, line, and offer optimization. This is a hands-on,…",https://www.adzuna.in/land/ad/5900875377?se=hoXO6ja78RGQqo_68jUqzg&utm_medium=api&utm_source=0fd54924&v=C667B42E308F133A0E2B232122805BADE8DF4424
data scientist,Senior Data Scientist,AkzoNobel,India,,,2026-09-19T23:25:40Z,"Dear Candidate, Greetings from AkzoNobel (Experts in the proud craft of making paints and coatings since 1792) We are hiring for the role of Sr Data Scientist at Pune (Hybrid role), below are additional details as required. Skills - Data Science, Machine Learning, Pyspark, Deployment, Python, SQL, Azure, Numpy, Pandas, Scikitlearn, Matplot etc Role - Hybrid IT Delivery Advanced Analytics The Advanced Analytics team is positioned within IT Delivery. This team serves as the brain of the business …",https://www.adzuna.in/land/ad/5890893908?se=hoXO6ja78RGQqo_68jUqzg&utm_medium=api&utm_source=0fd54924&v=6F68BECE52D04B45D18A417F09BC6997887DC54E
data scientist,Senior Data Scientist,FireAI,"Hyderabad, Telangana",,,2026-09-20T23:26:36Z,"Senior Data Scientist Fire AI | Hyderabad | 6–10 Years Experience Would you rather build reports people skim, or models that tell a CFO why revenue dropped and what to do next? Fire AI isn't another BI tool. We're the hypergrowth startup building the world's best decision intelligence platform with zero churn , 120 category-defining brands (IRCTC, CWC, Faballey, GSN Group), and scaling from $28.3K to $16M MRR by 2030 with aggressive global expansion underway . We're solving the enterprise analy…",https://www.adzuna.in/land/ad/5891976010?se=hoXO6ja78RGQqo_68jUqzg&utm_medium=api&utm_source=0fd54924&v=2E5A5815FA06CC9E4D9D5A20AF6C51A237866210
data scientist,Senior Data Scientist,Capco,"Pune, Maharashtra",,,2026-08-12T01:59:40Z,"This job is with Capco, an inclusive employer and a member of myGwork – the largest global platform for the LGBTQ business community. Please do not contact the recruiter directly. Job Title: Senior Data Scientist About Us “Capco, a Wipro company, is a global technology and management consulting firm. Awarded with Consultancy of the year in the British Bank Award and has been ranked Top 100 Best Companies for Women in India 2022 by Avtar & Seramount . With our presence across 32 cities across gl…",https://www.adzuna.in/land/ad/5837139664?se=hoXO6ja78RGQqo_68jUqzg&utm_medium=api&utm_source=0fd54924&v=ED6BA5AD0CD866FF72094C6C9DA2A79C45B1F7F2
data scientist,Senior Data Scientist,Auxo Talent,"Mumbai, Maharashtra",,,2026-09-25T01:52:57Z,"Senior Data Scientist | Customer Analytics & Personalization We are hiring Senior Data Scientists to join a high-impact project with a tier 1 consulting firm. This opportunity is ideal for professionals who enjoy solving complex business problems through data, machine learning, and customer analytics. What You'll Be Working On? Customer segmentation and behavioral analytics Predictive and propensity modeling Personalized customer recommendations Campaign measurement and performance analysis Cus…",https://www.adzuna.in/land/ad/5897294724?se=hoXO6ja78RGQqo_68jUqzg&utm_medium=api&utm_source=0fd54924&v=231C7649E9D42D542D2E47592ED11A480BCD14D4
data scientist,Associate Data Scientist,ZIGRAM,India,,,2026-09-02T21:45:17Z,"Job Requirements Highly focused individual with self-driven attitude Problem-solving and logical thinking to automate and improve internal processes Using various tools such as SQL and Python for managing the various requirements for different data asset projects Ability to diligently involve in activities like Data Cleaning, Retrieval, Manipulation, Analytics, and Reporting Using data science and statistical techniques to build machine learning models and deal with textual data Keep up-to-date…",https://www.adzuna.in/land/ad/5867263491?se=hoXO6ja78RGQqo_68jUqzg&utm_medium=api&utm_source=0fd54924&v=0960006DD137F791C5129D11EF0C936E25EEAE91
data scientist,Lead Data Scientist,Navi,"Bangalore, Karnataka",,,2026-09-09T01:00:32Z,"About Navi At Navi, our mission is to simplify finance for a billion people, through technology-first products built at scale. Founded in 2018 by Sachin Bansal and Ankit Agarwal, Navi has grown rapidly across Loans, UPI, Insurance, Mutual Funds and Digital Gold – building products designed around speed, simplicity and customer experience. Today, millions of customers use Navi for experiences like instant personal loans, fully digital home loan sanctions within minutes, low-cost mutual funds, in…",https://www.adzuna.in/land/ad/5876011934?se=hoXO6ja78RGQqo_68jUqzg&utm_medium=api&utm_source=0fd54924&v=3A04BD10E627710531C80D0F5D95B9C3318F411B
data scientist,Data Science Manager,Navi,"Bangalore, Karnataka",,,2026-09-09T01:00:34Z,"About Navi At Navi, our mission is to simplify finance for a billion people, through technology-first products built at scale. Founded in 2018 by Sachin Bansal and Ankit Agarwal, Navi has grown rapidly across Loans, UPI, Insurance, Mutual Funds and Digital Gold – building products designed around speed, simplicity and customer experience. Today, millions of customers use Navi for experiences like instant personal loans, fully digital home loan sanctions within minutes, low-cost mutual funds, in…",https://www.adzuna.in/land/ad/5876011964?se=hoXO6ja78RGQqo_68jUqzg&utm_medium=api&utm_source=0fd54924&v=D14190447B358EB8C376BC14F875E722278CB9C0
data scientist,Senior Data Scientist,LatentView Analytics,"Chennai, Tamil Nadu",,,2026-09-06T00:50:50Z,"Job Description About the Role LatentView Analytics is looking for a Data Scientist to join our fast-growing analytics team in Chennai. The ideal candidate will be skilled in statistical modelling, machine learning and generating business insights that drive strategic decisions for global clients. Experience: 4 to 8 years Work Location: Chennai / Bangalore / Gurguram Responsibilities: Work with large, complex datasets to build predictive and statistical models. Develop and deploy machine learni…",https://www.adzuna.in/land/ad/5872266120?se=hoXO6ja78RGQqo_68jUqzg&utm_medium=api&utm_source=0fd54924&v=0A531961A8A24E3F4367F14CB0AADDCD674F112D
data scientist,Principal Data Scientist,CareStack™ - Dental Practice Management,"Trivandrum, Thiruvananthapuram",,,2026-09-24T09:50:08Z,"Company Overview: CareStack is a complete cloud-based dental software solution for scheduling, clinical, billing, patient engagement, and reporting needs of dental offices of any size – whether it's a single location or a large multi-site DSO with hundreds of locations. The company was founded in 2015 and the commercial launch was done in early 2018. Since then, more than 1000 offices have chosen CareStack as their single source of truth. Ours is the fastest growth till date in the dental pract…",https://www.adzuna.in/land/ad/5896250295?se=hoXO6ja78RGQqo_68jUqzg&utm_medium=api&utm_source=0fd54924&v=57176F122EA84AB560513859279E74D81FE365DB
data scientist,Senior Data Scientist,MathCo,India,,,2026-09-02T21:28:09Z,"Job Role: Senior Data Scientist YOE: 4-8 yrs NP: 30 Days only Location: Bangalore Job Description: We are looking for a highly motivated Senior Data Scientist with 4–7 years of experience in the pharmaceutical or life sciences domain, specializing in commercial analytics. The ideal candidate will leverage advanced analytics, statistical modeling, and machine learning techniques to generate actionable insights that support commercial decision-making, including sales, marketing, market access, an…",https://www.adzuna.in/land/ad/5867222176?se=hoXO6ja78RGQqo_68jUqzg&utm_medium=api&utm_source=0fd54924&v=2139896A76AE3FDED8B90DEAB9C8C8FE571C6F1E
data scientist,Senior Data Scientist,HP,"Bangalore, Karnataka",,,2026-09-24T10:32:01Z,"This job is with HP, an inclusive employer and a member of myGwork – the largest global platform for the LGBTQ business community. Please do not contact the recruiter directly. Senior Data Scientist Description - Job Summary • This role is responsible for enabling innovation and creativity by bringing cutting edge perspectives on adopting latest data mining and modelling techniques. The role understands current complex business problems and future business strategy to assess, build and deploy r…",https://www.adzuna.in/land/ad/5896317187?se=hoXO6ja78RGQqo_68jUqzg&utm_medium=api&utm_source=0fd54924&v=312B7C5675955A61C87FFF00D18C4EE32F523E90
data scientist,Senior Data Scientist,JMAN Group,"Chennai, Tamil Nadu",,,2026-09-25T22:03:51Z,"ABOUT JMAN: JMAN Group is a growing technology-enabled management consultancy that empowers organizations to create value through data. Founded in 2010, we are a team of 600 consultants based in London, UK, and a team of 450 engineers in Chennai, India. Having delivered multiple projects in the US, we are now opening a new office in New York to help us support and grow our US client base. We approach business problems with the mindset of a management consultancy and the capabilities of a tech c…",https://www.adzuna.in/land/ad/5898535094?se=hoXO6ja78RGQqo_68jUqzg&utm_medium=api&utm_source=0fd54924&v=62E129552859749FBF9698C4D527D6E43CF5FAA0
data scientist,Principal Data Scientist,Warner Bros. Discovery,"Hyderabad, Telangana",,,2026-08-12T01:59:38Z,"This job is with Warner Bros. Discovery, an inclusive employer and a member of myGwork – the largest global platform for the LGBTQ business community. Please do not contact the recruiter directly. Welcome to Warner Bros. Discovery… the stuff dreams are made of. Who We Are… When we say, “the stuff dreams are made of,” we’re not just referring to the world of wizards, dragons and superheroes, or even to the wonders of Planet Earth. Behind WBD’s vast portfolio of iconic content and beloved brands,…",https://www.adzuna.in/land/ad/5837139561?se=hoXO6ja78RGQqo_68jUqzg&utm_medium=api&utm_source=0fd54924&v=A015CD95314E9D5269589B2FD23C6C93F7E9A21B
data scientist,Forecasting Data Scientist,Artech L.L.C.,India,,,2026-09-28T07:34:17Z,"Job Title: Demand Forecasting Data Scientist Experience: 6 years Location: BENGALURU, India (Full time) If interested please share me your resume, Job Summary We are seeking an experienced Demand Forecasting Data Scientist with strong expertise in time series forecasting, machine learning, and supply chain analytics . The ideal candidate will have hands-on experience working with Databricks and Python Key Responsibilities Design, develop, and deploy demand forecasting models using time series, …",https://www.adzuna.in/land/ad/5901133742?se=hoXO6ja78RGQqo_68jUqzg&utm_medium=api&utm_source=0fd54924&v=3EDE3BB6C6C4B2E70D8FBAC839EC0478C5DDAC17
data scientist,Senior Data Scientist,Confidential Jobs,"Bangalore, Karnataka",,,2026-09-10T00:58:53Z,"About the Role We are seeking a Senior Data Scientist to design, build, and scale advanced machine learning solutions that power customer engagement, optimization, and decision-making systems. This role is ideal for someone who enjoys translating complex business challenges into robust, production-ready data products and thrives at the intersection of machine learning, software engineering, and data platform development. You will take deep ownership of the end-to-end ML lifecycle, from model de…",https://www.adzuna.in/land/ad/5877452317?se=hoXO6ja78RGQqo_68jUqzg&utm_medium=api&utm_source=0fd54924&v=F522953201E0B58574ED6B98C70017EFCA7EF253
data scientist,"Specialist, Data Science",MSD,"Pune, Maharashtra",,,2026-09-11T02:23:47Z,"This job is with MSD, an inclusive employer and a member of myGwork – the largest global platform for the LGBTQ business community. Please do not contact the recruiter directly. Job Description At our company we are leveraging analytics and technology, as we invent for life on behalf of patients around the world. We are seeking those who have a passion for using data, analytics, and insights to drive decision making, that will allow us to tackle some of the world's greatest health threats. With…",https://www.adzuna.in/land/ad/5878873648?se=hoXO6ja78RGQqo_68jUqzg&utm_medium=api&utm_source=0fd54924&v=8512D9F637F13A5DB4E804077F61755BCE672719
data scientist,Data Science Instructor,upGrad,"Bangalore, Karnataka",,,2026-09-25T01:58:20Z,"About upGrad Founded in 2015, upGrad is Asia’s largest integrated Learning, Skilling, Workforce Development, and Placement company. Its offerings include online and hybrid degrees, study abroad programs, certifications, bootcamps, and doctorates for working professionals. Through its B2B arm, upGrad also provides enterprise training, recruitment, and staffing services. With 10M learners across 100 countries, 300 global university partners, 2500 pathway connections, and 20,000 recruitment partne…",https://www.adzuna.in/land/ad/5897296300?se=hoXO6ja78RGQqo_68jUqzg&utm_medium=api&utm_source=0fd54924&v=25C81836F7BA2BEBC6F3CF99C1E4887800942A8C
data scientist,Data Science Instructor,upGrad,"Assam, India",,,2026-09-04T16:57:12Z,"Job Title: Data Science Instructor – Offline Learning Centres Location: Assam Working Days: 6 (Monday – Saturday) About upGrad Founded in 2015, upGrad is Asia’s largest integrated Learning, Skilling, Workforce Development, and Placement company. Its offerings include online and hybrid degrees, study abroad programs, certifications, bootcamps, and doctorates for working professionals. Through its B2B arm, upGrad also provides enterprise training, recruitment, and staffing services. With 10M lear…",https://www.adzuna.in/land/ad/5870526952?se=hoXO6ja78RGQqo_68jUqzg&utm_medium=api&utm_source=0fd54924&v=826DC461F5C0C83E2D65B4F9AE0CDF0B21217366
data scientist,Data Science Instructor,upGrad,"Bangalore, Karnataka",,,2026-09-13T17:22:22Z,"Job Title: Data Science Instructor – Offline Learning Centres Location: Bengaluru Working Days: 6 (Monday – Saturday) About upGrad Founded in 2015, upGrad is Asia’s largest integrated Learning, Skilling, Workforce Development, and Placement company. Its offerings include online and hybrid degrees, study abroad programs, certifications, bootcamps, and doctorates for working professionals. Through its B2B arm, upGrad also provides enterprise training, recruitment, and staffing services. With 10M …",https://www.adzuna.in/land/ad/5882598067?se=hoXO6ja78RGQqo_68jUqzg&utm_medium=api&utm_source=0fd54924&v=4825413141702B9ACC8861C2FAC7EF9B266033FC
data scientist,Data Science Instructor,upGrad,"Chennai, Tamil Nadu",,,2026-09-02T16:43:26Z,"Job Title: Data Science Instructor – Offline Learning Centres Location: Chennai, Tamil Nadu Working Days: 6 (Monday – Saturday) About upGrad Founded in 2015, upGrad is Asia’s largest integrated Learning, Skilling, Workforce Development, and Placement company. Its offerings include online and hybrid degrees, study abroad programs, certifications, bootcamps, and doctorates for working professionals. Through its B2B arm, upGrad also provides enterprise training, recruitment, and staffing services.…",https://www.adzuna.in/land/ad/5867037348?se=hoXO6ja78RGQqo_68jUqzg&utm_medium=api&utm_source=0fd54924&v=811FF2C269085B5F8F0B0239C3FD86AC1A5BBCBA
data scientist,Senior Data Scientist,Kraft Heinz,"Bangalore, Karnataka",,,2026-07-31T19:50:45Z,"This job is with Kraft Heinz, an inclusive employer and a member of myGwork – the largest global platform for the LGBTQ business community. Please do not contact the recruiter directly. Job Description Are you a talented and driven Data Scientist with expertise in machine learning and a passion for building robust pipelines for demand forecasting? We are seeking a skilled individual to join our dynamic team at Kraft Heinz. Join our team and make an impact by leveraging machine learning and dema…",https://www.adzuna.in/land/ad/5822403303?se=hoXO6ja78RGQqo_68jUqzg&utm_medium=api&utm_source=0fd54924&v=8275CB4E87777E50BE08D22D65CF6F2BCB4647D1
data scientist,Data Science Specialist,Publicis Global Delivery ,"Bangalore, Karnataka",,,2026-09-25T15:21:32Z,"Job Locations Available- Bangalore, Hyderabad, Gurgaon, Mumbai & Pune You will be responsible for translating complex data and models into clear, actionable marketing recommendations. You will work across data science, product, and engineering teams to deliver solutions in modelling pipelining, deployment and implementation, with a focus on accuracy, explainability and scalability. A successful candidate will have strong analytical skills, be passionate towards resolving complex problems, build…",https://www.adzuna.in/land/ad/5898126657?se=hoXO6ja78RGQqo_68jUqzg&utm_medium=api&utm_source=0fd54924&v=E142EB026D6CDD11BDDDDA04EA4CA73C6EDC93C9
data scientist,Chief Data Scientist,Genpact,"Bangalore, Karnataka",,,2026-09-12T01:09:28Z,"Ready to turn bold ideas into real-world impact? At Genpact, we don’t just adapt to change, we lead it. AI and digital innovation are transforming the way businesses work, and we’re at the forefront of it. Genpact’s AI Gigafactory , our industry-first accelerator, exemplifies how we scale advanced technology solutions to help global enterprises work smarter, grow faster, and transform at scale. Whether tackling complex challenges through large-scale models or agentic AI , our breakthrough solut…",https://www.adzuna.in/land/ad/5880071043?se=hoXO6ja78RGQqo_68jUqzg&utm_medium=api&utm_source=0fd54924&v=55D7580E053E7B33E1A3751EA402C0A8D0599A62
data scientist,Data Science Manager,Dentsu Global Services,"Bangalore, Karnataka",,,2026-09-03T04:28:53Z,"Role requirement : The role requires a Data Science and Machine Learning professional with 7 years of experience in Python, ML/AI, statistics, and advanced analytics. The candidate should have expertise in developing commonly used ML models, analyzing large datasets. Key skills include Pricing Analytics, Forecasting, Segmentation, A/B Testing, and Test & Learn frameworks, along with hands-on experience in ML techniques such as Linear Regression, Decision Trees, Random Forest, Gradient Boosting,…",https://www.adzuna.in/land/ad/5867717263?se=hoXO6ja78RGQqo_68jUqzg&utm_medium=api&utm_source=0fd54924&v=37E059163E769AB861501EF301718A6DF71AB290
data scientist,Director Data Science,Cvent,India,,,2026-09-13T01:09:20Z,"Director, AI Engineering & Data Science Cvent is a leading meetings, events, and hospitality technology provider with more than 5,000 employees and 24,000 customers worldwide, including 60% of the Fortune 500. Founded in 1999, Cvent delivers a comprehensive event marketing and management platform for marketers and event professionals and offers software solutions to hotels, special event venues and destinations to help them grow their group/MICE and corporate travel business. Our technology bri…",https://www.adzuna.in/land/ad/5881767630?se=hoXO6ja78RGQqo_68jUqzg&utm_medium=api&utm_source=0fd54924&v=E69AC68D3A6688FFAEBE0317203433E6F6EB705D
data scientist,PRINCIPAL DATA SCIENCE,TE Connectivity,"Bangalore, Karnataka",,,2026-09-17T08:31:14Z,"This job is with TE Connectivity, an inclusive employer and a member of myGwork – the largest global platform for the LGBTQ business community. Please do not contact the recruiter directly. At TE, you will unleash your potential working with people from diverse backgrounds and industries to create a safer, sustainable and more connected world. Job Overview At TE, we believe Artificial Intelligence and Data Science are strategic drivers of innovation and business transformation. The AI Center of…",https://www.adzuna.in/land/ad/5887061537?se=hoXO6ja78RGQqo_68jUqzg&utm_medium=api&utm_source=0fd54924&v=AFA6DE1B8A2D6D21FCAB81CF431E2675BF60D197
data scientist,Data Science Manager,Publicis Sapient,India,,,2026-09-25T01:57:58Z,"JOB SUMMARY At Publicis Sapient, we don’t just build technology; we create transformative solutions. By integrating Generative AI into our ecosystem, we’re shaping a new era of personalized and intelligent digital experiences for global clients. From building AI-driven content compliance systems to optimizing real-time decision-making, we leverage Large Language Models (LLMs) and cutting-edge AI technologies to solve industry-specific challenges. Join us in driving innovation and delivering tru…",https://www.adzuna.in/land/ad/5897296234?se=hoXO6ja78RGQqo_68jUqzg&utm_medium=api&utm_source=0fd54924&v=F90C375E8758D4BDA2007644BBD3B193105F1851
data scientist,Senior Data Scientist,Kaleidofin Private Limited,"Bangalore, Karnataka",,,2026-09-12T01:04:36Z,"What you’ll do? Lead and mentor a team of data scientists/analysts Provide analytical insights by analyzing various types of data, including mining our customer data, review of relevant cases/samples, and incorporation of feedback from others. Work closely with business partners and stakeholders to determine how to design analysis, testing, and measurement approaches that will significantly improve our ability to understand and address emerging business issues. Produce intelligent, scalable, an…",https://www.adzuna.in/land/ad/5880064281?se=hoXO6ja78RGQqo_68jUqzg&utm_medium=api&utm_source=0fd54924&v=13C70DBA701134BD368B11BBD27511DFADDC90E5
data scientist,Data Science Instructor,upGrad,"Chennai, Tamil Nadu",,,2026-09-02T16:41:55Z,"About upGrad Founded in 2015, upGrad is Asia’s largest integrated Learning, Skilling, Workforce Development, and Placement company. Its offerings include online and hybrid degrees, study abroad programs, certifications, bootcamps, and doctorates for working professionals. Through its B2B arm, upGrad also provides enterprise training, recruitment, and staffing services. With 10M learners across 100 countries, 300 global university partners, 2500 pathway connections, and 20,000 recruitment partne…",https://www.adzuna.in/land/ad/5867035933?se=hoXO6ja78RGQqo_68jUqzg&utm_medium=api&utm_source=0fd54924&v=DFF9C7CBE5CEB430804C82059FD664CF8B8BC461
data scientist,Data Science Instructor,upGrad,"Hyderabad, Telangana",,,2026-08-26T22:01:32Z,"About upGrad Founded in 2015, upGrad is Asia’s largest integrated Learning, Skilling, Workforce Development, and Placement company. Its offerings include online and hybrid degrees, study abroad programs, certifications, bootcamps, and doctorates for working professionals. Through its B2B arm, upGrad also provides enterprise training, recruitment, and staffing services. With 10M learners across 100 countries, 300 global university partners, 2500 pathway connections, and 20,000 recruitment partne…",https://www.adzuna.in/land/ad/5857168441?se=hoXO6ja78RGQqo_68jUqzg&utm_medium=api&utm_source=0fd54924&v=CEB40CB7335D41898800C58388A2B035DF674757
data scientist,Data Science Instructor,upGrad,"Raipur, Chhattisgarh",,,2026-09-02T16:44:04Z,"About upGrad Founded in 2015, upGrad is Asia’s largest integrated Learning, Skilling, Workforce Development, and Placement company. Its offerings include online and hybrid degrees, study abroad programs, certifications, bootcamps, and doctorates for working professionals. Through its B2B arm, upGrad also provides enterprise training, recruitment, and staffing services. With 10M learners across 100 countries, 300 global university partners, 2500 pathway connections, and 20,000 recruitment partne…",https://www.adzuna.in/land/ad/5867037804?se=hoXO6ja78RGQqo_68jUqzg&utm_medium=api&utm_source=0fd54924&v=876D352C4C6F4486D8290A37C98CAAF8204BBB18
data scientist,Data Science Instructor,upGrad,"Panipat, Haryana",,,2026-09-05T18:30:38Z,"About upGrad Founded in 2015, upGrad is Asia’s largest integrated Learning, Skilling, Workforce Development, and Placement company. Its offerings include online and hybrid degrees, study abroad programs, certifications, bootcamps, and doctorates for working professionals. Through its B2B arm, upGrad also provides enterprise training, recruitment, and staffing services. With 10M learners across 100 countries, 300 global university partners, 2500 pathway connections, and 20,000 recruitment partne…",https://www.adzuna.in/land/ad/5871992118?se=hoXO6ja78RGQqo_68jUqzg&utm_medium=api&utm_source=0fd54924&v=02CD180FB17B146D47492B328B9EB3BE3EDF9478
data scientist,Sr Data Scientist,Persistent Systems,India,,,2026-09-19T17:35:44Z,"About Position: We are looking Sr Data Scientist , You will work closely with innovation, data, and IT teams to deliver robust, scalable, and secure AI capabilities that integrate seamlessly with enterprise systems. Role: Sr Data Scientist Location: Pune/Hyderabad Experience: 8-12 Years Job Type: Full Time Employment What You'll Do: Lead multiple use cases from discovery till productionisation Define fraud detection strategies using rules, ML and graph techniques. Identify predictive features a…",https://www.adzuna.in/land/ad/5890613484?se=hoXO6ja78RGQqo_68jUqzg&utm_medium=api&utm_source=0fd54924&v=5EA0DA1A9F048A8F175473EC1BE3FFBD99903BE2
data scientist,Staff Data Scientist,Warner Bros. Discovery,"Bangalore, Karnataka",,,2026-08-26T06:09:12Z,"This job is with Warner Bros. Discovery, an inclusive employer and a member of myGwork – the largest global platform for the LGBTQ business community. Please do not contact the recruiter directly. Welcome to Warner Bros. Discovery… the stuff dreams are made of. Who We Are… When we say, “the stuff dreams are made of,” we’re not just referring to the world of wizards, dragons and superheroes, or even to the wonders of Planet Earth. Behind WBD’s vast portfolio of iconic content and beloved brands,…",https://www.adzuna.in/land/ad/5856130082?se=hoXO6ja78RGQqo_68jUqzg&utm_medium=api&utm_source=0fd54924&v=02733AE19184B381DBAB046CE0337E59E45C63D2
data scientist,GenAI Data scientist,Tata Consultancy Services,"Chennai, Tamil Nadu",,,2026-09-28T07:32:58Z,"Greetings from TCS Role: Gen AI Data Scientist Data Scientist and ML Engineer Skills: GenAI, LLM, AI Agents, RAG, Python Location: Chennai, Hyderabad, Bangalore, Mumbai, Gurgaon, PUNE, Kolkata. Preferred candidate profile : Hands-on experience with GenAI, Gemini or Open source LLMs and develop GenAI applications for Code Translation, Text Extraction, Summarisation and SDLC Optimization etc. Hands-on Experience with AI Agents, Chat bots, RAG (Retrieval-Augmented Generation), and vector databases…",https://www.adzuna.in/land/ad/5901133099?se=hoXO6ja78RGQqo_68jUqzg&utm_medium=api&utm_source=0fd54924&v=4370CDBCC9CFA7A3123CFF5B259A8A83F9A6D9E4
data scientist,Senior Data Scientist,"o9 Solutions, Inc.","Bangalore, Karnataka",,,2026-09-28T07:32:47Z,"Job Title: Senior Data Scientist - Demand Forecasting What you’ll do for us: Apply a variety of machine learning techniques (clustering, regression, ensemble learning, neural nets, time series, optimizations etc.) to their real-world advantages/drawbacks Develop and/or optimize models for demand sensing/forecasting, optimization (Heuristic, LP, GA etc), Anomaly detection, Simulation and stochastic models, Market Intelligence etc. Use latest advancements in AI/ML to solve business problems Analy…",https://www.adzuna.in/land/ad/5901132906?se=hoXO6ja78RGQqo_68jUqzg&utm_medium=api&utm_source=0fd54924&v=4CF9AF05835C90FB6FDFF84D6A61C5157E347A68
data scientist,Senior Data Scientist,HP,"Bangalore, Karnataka",,,2026-09-23T04:31:06Z,"This job is with HP, an inclusive employer and a member of myGwork – the largest global platform for the LGBTQ business community. Please do not contact the recruiter directly. Senior Data Scientist Description - The Team We are an expanding team at HP that develops applications that make use of Generative AI and Large Language Models. We work with business units mainly from the Commercial Organization to develop and run solutions that help our sales teams and customers. Responsibilities Define…",https://www.adzuna.in/land/ad/5894389937?se=hoXO6ja78RGQqo_68jUqzg&utm_medium=api&utm_source=0fd54924&v=FC021119FD7C4ECE15FE37EFA7D4AA78785E1CAC
data scientist,Senior Data Scientist,Cyient,"Bangalore, Karnataka",,,2026-09-04T22:28:29Z,"Role Summary We are hiring a hands-on Senior Data Scientist / AI Engineer to design and productionize AI capabilities for automated understanding and validation of complex 2D engineering drawings. The role combines Computer Vision, OCR/Document AI, multimodal LLMs, RAG/Graph-RAG, Knowledge Graphs and deterministic engineering rules. Key Responsibilities • Build AI pipelines to extract title blocks, notes, dimensions, tolerances, GD&T, datums, callouts, tables, references and drawing views from …",https://www.adzuna.in/land/ad/5870857274?se=hoXO6ja78RGQqo_68jUqzg&utm_medium=api&utm_source=0fd54924&v=F4A352B40F638DB4668C44E6346A12CB1D3BE258
data scientist,Senior Data Scientist,Arcana,India,,,2026-09-02T21:45:51Z,"We're looking for a dynamic Senior Data Scientist to join our team, working alongside our founders, financial analysts, product managers, and engineers. This is your chance to get hands-on with massive datasets, crafting the metrics that matter to institutional investors worldwide. For those who are curious and passionate about financial technologies, this is a great opportunity to work at an extremely well-capitalized startup with a proven team of senior financial and tech industry talent to b…",https://www.adzuna.in/land/ad/5867265444?se=hoXO6ja78RGQqo_68jUqzg&utm_medium=api&utm_source=0fd54924&v=BDBCD4D810BF306E374421AFFB36EF38F0747546
data scientist,Sr. Data Scientist,LexisNexis Legal & Professional®,"Chennai, Tamil Nadu",,,2026-09-21T02:28:37Z,"This job is with LexisNexis Legal & Professional®, an inclusive employer and a member of myGwork – the largest global platform for the LGBTQ business community. Please do not contact the recruiter directly. About The Role: The Sr. Data Scientist to work on complex project involving AI, GenAI, RAG and Agentic Solution for the business delivery projects Responsibilities Design, develop, and deploy machine learning and GenAI solutions in production environments Build and optimize Retrieval-Augment…",https://www.adzuna.in/land/ad/5892037425?se=hoXO6ja78RGQqo_68jUqzg&utm_medium=api&utm_source=0fd54924&v=02F7B9AE4875C03485ECB7E9A321C04349FCC2A2
data scientist,SR. DATA SCIENTIST,TE Connectivity,"Bangalore, Karnataka",,,2026-09-17T08:31:01Z,"This job is with TE Connectivity, an inclusive employer and a member of myGwork – the largest global platform for the LGBTQ business community. Please do not contact the recruiter directly. At TE, you will unleash your potential working with people from diverse backgrounds and industries to create a safer, sustainable and more connected world. Job Overview At TE, we strongly believe that data and AI are strategic drivers for future success. We are building a world-class advanced analytics team …",https://www.adzuna.in/land/ad/5887061114?se=hoXO6ja78RGQqo_68jUqzg&utm_medium=api&utm_source=0fd54924&v=222366E0D5A2BF1E21C20A30D321AC81BF63FAFC
data scientist,Lead Data Scientist,7-Eleven Global Solution Center – India,"Bangalore, Karnataka",,,2026-09-07T00:58:23Z,"Why Join 7-Eleven Global Solution Center? When you join us, you'll embrace ownership as teams within specific product areas take responsibility for end-to-end solution delivery, supporting local teams and integrating new digital assets. Challenge yourself by contributing to products deployed across our extensive network of convenience stores, processing over a billion transactions annually. Build solutions for scale, addressing the diverse needs of our 84,000 stores in 19 countries. Experience …",https://www.adzuna.in/land/ad/5873278201?se=hoXO6ja78RGQqo_68jUqzg&utm_medium=api&utm_source=0fd54924&v=56F08938E58F3F93CBF5562CC4F2F22773410A7E
data scientist,Director Data Science (Retail),Tredence Inc.,"Bangalore, Karnataka",,,2026-09-01T16:21:30Z,"Job Summary We are seeking a dynamic and results-driven Director to lead Data Science (DS) delivery projects, combining deep expertise in data science methodologies with strong project management skills. The ideal candidate will have a strong track record of driving data-driven decision-making, managing end-to-end delivery of complex projects, and leading teams of data scientists and analysts in achieving business outcomes. Key Responsibilities Data Science Leadership: Drive end-to-end executio…",https://www.adzuna.in/land/ad/5864429484?se=hoXO6ja78RGQqo_68jUqzg&utm_medium=api&utm_source=0fd54924&v=925D2D6B61942B156E0929822E312A1DBCAD9444
data scientist,Data Scientist (India - remote),Anson McCade,India,,,2026-09-25T22:03:50Z,"Confidential opportunity with a global strategy firm Our client is looking for an experienced Data Scientist to join a growing team focused on solving complex business problems through advanced analytics, machine learning and large-scale data science. This is a hands-on role working closely with consulting teams and clients to translate business challenges into practical data science solutions. You’ll work across the full data science lifecycle, from understanding problems and working with comp…",https://www.adzuna.in/land/ad/5898535018?se=hoXO6ja78RGQqo_68jUqzg&utm_medium=api&utm_source=0fd54924&v=1048A23746266DE7FA52FB4AEFCE434E67C07ACD
data scientist,Senior Data Science Manager,Factspan,"Bangalore, Karnataka",,,2026-09-27T01:59:27Z,"Job Description: Senior Technical Manager – AI & Data Science Experience: 10–15 years Role Summary Lead AI and Data Science strategy, architecture, and delivery while managing high- performing teams. Drive the development of scalable AI/ML and Generative AI solutions that solve business problems and deliver measurable impact. Key Responsibilities • Lead AI/ML, Data Science, and GenAI initiatives from concept to production. • Manage and mentor Data Scientists, ML Engineers, and AI Engineers. • D…",https://www.adzuna.in/land/ad/5899975971?se=hoXO6ja78RGQqo_68jUqzg&utm_medium=api&utm_source=0fd54924&v=7DFD4A8B381FB42FB15F80AC6C2D8EE4881C113F
data scientist,Director - Data science (RGM),Tredence Inc.,"Bangalore, Karnataka",,,2026-09-04T02:34:27Z,"About the Role We are looking for a seasoned Director – Data Science to help build and scale our next-generation Revenue Growth Management (RGM) practice, combining deep expertise in Data Science, advanced analytics, commercial decision-making, and large-scale program delivery. The ideal candidate will have deep experience applying advanced analytics and data science across multiple RGM levers such as Pricing, Promotion, Assortment, and Trade Planning/Trade Investment Management, and will be re…",https://www.adzuna.in/land/ad/5869559119?se=hoXO6ja78RGQqo_68jUqzg&utm_medium=api&utm_source=0fd54924&v=824CF83A4A16584197CE4601D66FF7DEA21DDFED
data scientist,Manager - Analytics & Data Science,Dentsu Global Services,"Bangalore, Karnataka",,,2026-09-10T00:55:10Z,"We're Hiring | Manager - Analytics & Data Science  Looking for your next opportunity in Manager - Analytics & Data Science We're hiring experienced professionals with strong expertise in Modelling and Data Science to join our growing team. Manager - Analytics & Data Science Role Overview The role requires a Data Science and Machine Learning professional with 7 years of experience in Python, ML/AI, statistics, and advanced analytics. The candidate should have expertise in developing commonly us…",https://www.adzuna.in/land/ad/5877450605?se=hoXO6ja78RGQqo_68jUqzg&utm_medium=api&utm_source=0fd54924&v=19ECCA36F112F47FE01443637C06380DCAA94F2D
data scientist,"Data Scientist II, Hyderabad",Warner Bros. Discovery,"Hyderabad, Telangana",,,2026-09-24T20:31:56Z,"This job is with Warner Bros. Discovery, an inclusive employer and a member of myGwork – the largest global platform for the LGBTQ business community. Please do not contact the recruiter directly. Welcome to Warner Bros. Discovery… the stuff dreams are made of. Who We Are… When we say, “the stuff dreams are made of,” we’re not just referring to the world of wizards, dragons and superheroes, or even to the wonders of Planet Earth. Behind WBD’s vast portfolio of iconic content and beloved brands,…",https://www.adzuna.in/land/ad/5896962252?se=hoXO6ja78RGQqo_68jUqzg&utm_medium=api&utm_source=0fd54924&v=E957B6FBED0EDD72CDFA0A225AA091E33E3129D7
data scientist,Delivery Head - Data Science,Tredence Inc.,"Bangalore, Karnataka",,,2026-09-01T16:19:47Z,"About us: Tredence is a global data science solutions provider focused on solving the last mile problem in AI. The ‘last mile’ is the gap between insight creation and value realization. Headquartered in San Jose, the company embraces a vertical-first approach and an outcome-driven mindset to help clients win and accelerate value realization from their analytics investments. Tredence is a Great Place to Work-Certified and a ‘Leader’ in the Forrester Wave: Customer Analytics Services. Tredence is…",https://www.adzuna.in/land/ad/5864421807?se=hoXO6ja78RGQqo_68jUqzg&utm_medium=api&utm_source=0fd54924&v=86D20D00647EE5FA007BE54806C30C20F42AC71E
data scientist,Data Scientist & AI Developer,TE Connectivity,"Bangalore, Karnataka",,,2026-09-17T08:30:58Z,"This job is with TE Connectivity, an inclusive employer and a member of myGwork – the largest global platform for the LGBTQ business community. Please do not contact the recruiter directly. At TE, you will unleash your potential working with people from diverse backgrounds and industries to create a safer, sustainable and more connected world. Job Overview About TE Connectivity & the Channel BU TE Connectivity is a global technology leader that designs and manufactures connectivity and sensor s…",https://www.adzuna.in/land/ad/5887061009?se=FOzd6za78RGV2Kx8uUfkiA&utm_medium=api&utm_source=0fd54924&v=2C5020B38A68C97176AF82FBDAF60D51E32F4705
data scientist,Data Scientist - Python (Remote),Hire Feed,India,,,2026-09-14T01:08:34Z,"Role : Data Scientist - Python (Remote) Location : Remote (Work from Anywhere) Role Overview: We are hiring for one of our clients, seeking a Data Scientist/Analyst to work on a full-time basis. The role involves developing and maintaining high-quality Python code to train and optimize AI models while conducting evaluations to benchmark performance and analyze results. Candidates will collaborate with researchers and annotators to execute reinforcement learning with human feedback and refine re…",https://www.adzuna.in/land/ad/5882857495?se=FOzd6za78RGV2Kx8uUfkiA&utm_medium=api&utm_source=0fd54924&v=AA24316475A715563BB9C1375DEB2C04296302A6
data scientist,Senior Data Scientist– Pricing,HP,"Bangalore, Karnataka",,,2026-09-25T06:38:48Z,"This job is with HP, an inclusive employer and a member of myGwork – the largest global platform for the LGBTQ business community. Please do not contact the recruiter directly. Senior Data Scientist- Pricing Description - About the role HP's B2B Pricing Data Science team builds the analytics and ML systems that set and negotiate prices for commercial PC and Print products, sold both through channel partners and directly to business customers worldwide. Our pricing engine combines machine learni…",https://www.adzuna.in/land/ad/5897683552?se=FOzd6za78RGV2Kx8uUfkiA&utm_medium=api&utm_source=0fd54924&v=41A305BFA278EE44986D8928D8B4E8EDE5B00327
data scientist,Demand Forecasting Data Scientist,Artech L.L.C.,"Bangalore, Karnataka",,,2026-09-02T02:23:23Z,"Job Summary We are seeking an experienced Demand Forecasting Data Scientist with strong expertise in time series forecasting, machine learning, and supply chain analytics . The ideal candidate will have hands-on experience working with Databricks and Python , a deep understanding of demand planning use cases, and the ability to deliver scalable, production-ready forecasting solutions. This role requires a sharp analytical mindset, fast learning ability, and strong collaboration skills. Technica…",https://www.adzuna.in/land/ad/5865291965?se=FOzd6za78RGV2Kx8uUfkiA&utm_medium=api&utm_source=0fd54924&v=AA1BFF1A0D145077B62D0BFD0E71CB93035DDF57
data scientist,Senior Data Scientist - Hyderabad,Warner Bros. Discovery,"Hyderabad, Telangana",,,2026-09-24T20:31:55Z,"This job is with Warner Bros. Discovery, an inclusive employer and a member of myGwork – the largest global platform for the LGBTQ business community. Please do not contact the recruiter directly. Welcome to Warner Bros. Discovery… the stuff dreams are made of. Who We Are… When we say, “the stuff dreams are made of,” we’re not just referring to the world of wizards, dragons and superheroes, or even to the wonders of Planet Earth. Behind WBD’s vast portfolio of iconic content and beloved brands,…",https://www.adzuna.in/land/ad/5896962248?se=FOzd6za78RGV2Kx8uUfkiA&utm_medium=api&utm_source=0fd54924&v=082C46D2DB1E2715208F0300D649EDB706E8B587
data scientist,MGR I DATA SCIENCE,TE Connectivity,"Bangalore, Karnataka",,,2026-09-17T08:31:14Z,"This job is with TE Connectivity, an inclusive employer and a member of myGwork – the largest global platform for the LGBTQ business community. Please do not contact the recruiter directly. At TE, you will unleash your potential working with people from diverse backgrounds and industries to create a safer, sustainable and more connected world. Job Overview We are looking for a hands-on, techno-functional AI Manager to lead an established multidisciplinary team of AI Engineers, AI Architects, Ma…",https://www.adzuna.in/land/ad/5887061470?se=FOzd6za78RGV2Kx8uUfkiA&utm_medium=api&utm_source=0fd54924&v=1CB4BE6A694B4A8D376CCD9EF18F7F02ECB9B055
data scientist,"Data Scientist, Knowledge Management",eBay,"Bangalore, Karnataka",,,2026-08-27T12:12:28Z,"This job is with eBay, an inclusive employer and a member of myGwork – the largest global platform for the LGBTQ business community. Please do not contact the recruiter directly. At eBay, we're more than a global ecommerce leader - we're changing the way the world shops and sells. Our platform empowers millions of buyers and sellers in more than 190 markets around the world. We're committed to pushing boundaries and leaving our mark as we reinvent the future of ecommerce for enthusiasts. Our cu…",https://www.adzuna.in/land/ad/5857982533?se=FOzd6za78RGV2Kx8uUfkiA&utm_medium=api&utm_source=0fd54924&v=853C1E923E89428D368371363C6206932A9E653B
data scientist,Data Scientist with R programming,Capco,"Bangalore, Karnataka",,,2026-08-12T01:59:37Z,"This job is with Capco, an inclusive employer and a member of myGwork – the largest global platform for the LGBTQ business community. Please do not contact the recruiter directly. Job Title: Data Scientist with R programming About Us “Capco, a Wipro company, is a global technology and management consulting firm. Awarded with Consultancy of the year in the British Bank Award and has been ranked Top 100 Best Companies for Women in India 2022 by Avtar & Seramount . With our presence across 32 citi…",https://www.adzuna.in/land/ad/5837139433?se=FOzd6za78RGV2Kx8uUfkiA&utm_medium=api&utm_source=0fd54924&v=221D7BCDBBE6E4012ED68B71EDB34DB2E07507EC
data scientist,Director - Data Science & AI,Sigmoid,"Bangalore, Karnataka",,,2026-09-19T17:33:28Z,"Sigmoid enables business transformation using data and analytics, leveraging real-time insights to make accurate and fast business decisions, by building modern data architectures using cloud and open source. Some of the world’s largest data producers engage with Sigmoid to solve complex business problems. Sigmoid brings deep expertise in data engineering, predictive analytics, artificial intelligence, and DataOps. Sigmoid has been recognized as one of the fastest growing technology companies i…",https://www.adzuna.in/land/ad/5890612549?se=FOzd6za78RGV2Kx8uUfkiA&utm_medium=api&utm_source=0fd54924&v=8F644F9659F62EDC9DB4B88938E5D6B0315AE60F
data scientist,DVP - Data Science AI,IndiaFirst Life,"Mumbai, Maharashtra",,,2026-09-10T00:58:53Z,"AI & Machine Learning • Design, develop, and implement machine learning models for predictive analytics, natural language processing (NLP), computer vision, or recommendation systems. • Lead end-to-end AI project lifecycles, including validation, productionization, and optimization using frameworks such as TensorFlow, PyTorch, and scikit-learn. • Stay updated with the latest advancements in Generative AI and foundation models, evaluating and integrating them as needed. • Partner with cross-func…",https://www.adzuna.in/land/ad/5877452336?se=FOzd6za78RGV2Kx8uUfkiA&utm_medium=api&utm_source=0fd54924&v=C389ADE3462A8F960BCEB9BFB3D8C01182D8F284
data scientist,Data Scientist (Analytics) - L24,eBay,"Bangalore, Karnataka",,,2026-09-08T04:22:05Z,"This job is with eBay, an inclusive employer and a member of myGwork – the largest global platform for the LGBTQ business community. Please do not contact the recruiter directly. At eBay, we're more than a global ecommerce leader - we're changing the way the world shops and sells. Our platform empowers millions of buyers and sellers in more than 190 markets around the world. We're committed to pushing boundaries and leaving our mark as we reinvent the future of ecommerce for enthusiasts. Our cu…",https://www.adzuna.in/land/ad/5874818382?se=FOzd6za78RGV2Kx8uUfkiA&utm_medium=api&utm_source=0fd54924&v=75A80F4F2878DE7976640B9F6C1BD80B6150BDB4
data scientist,Principal Clinical Data Scientist,Novartis,India,,,2026-08-15T00:04:09Z,"This job is with Novartis, an inclusive employer and a member of myGwork – the largest global platform for the LGBTQ business community. Please do not contact the recruiter directly. Summary Responsible and accountable for managing all Data Mgmt/Coding / CDD/DAP aspects of several studies, a medium to large sized project or project level activities at a consistently high standard. The position is a key collaborator and strategic partner with stakeholders ensuring that pharmaceutical drug develo…",https://www.adzuna.in/land/ad/5842114970?se=FOzd6za78RGV2Kx8uUfkiA&utm_medium=api&utm_source=0fd54924&v=9EED196D9816540800E6EC631865D5D802FB3FFB
data scientist,Sr. Engineer - Data Scientist,Kyndryl,"Mumbai, Maharashtra",,,2026-09-13T14:31:45Z,"This job is with Kyndryl, an inclusive employer and a member of myGwork – the largest global platform for the LGBTQ business community. Please do not contact the recruiter directly. Who We Are At Kyndryl, we run and reimagine the mission-critical technology systems that drive advantage for the world's leading businesses. We are at the heart of progress; with proven expertise and a continuous flow of AI-powered insight, enabling smarter decisions, faster innovation, and a lasting competitive edg…",https://www.adzuna.in/land/ad/5882426659?se=FOzd6za78RGV2Kx8uUfkiA&utm_medium=api&utm_source=0fd54924&v=AADA39EC1E626C97CCA9FF70B6AE44A17F3BD158
data scientist,Applied Research - Data Scientist,HP,"Bangalore, Karnataka",,,2026-09-05T06:19:01Z,"This job is with HP, an inclusive employer and a member of myGwork – the largest global platform for the LGBTQ business community. Please do not contact the recruiter directly. Applied Research - Data Scientist Description - Job Summary This role is responsible for conducting innovative research focused on machine learning (ML) and natural language processing (NLP), translating insights into experimentation and applying broad technical expertise to design and optimize systems. It involves devel…",https://www.adzuna.in/land/ad/5871227856?se=FOzd6za78RGV2Kx8uUfkiA&utm_medium=api&utm_source=0fd54924&v=75F6CF1701D44FFDCF9F775C0E20C357E2A720D5
data scientist,"Manager, Data Science (Analytics)",eBay,"Bangalore, Karnataka",,,2026-08-27T02:10:40Z,"This job is with eBay, an inclusive employer and a member of myGwork – the largest global platform for the LGBTQ business community. Please do not contact the recruiter directly. At eBay, we're more than a global ecommerce leader - we're changing the way the world shops and sells. Our platform empowers millions of buyers and sellers in more than 190 markets around the world. We're committed to pushing boundaries and leaving our mark as we reinvent the future of ecommerce for enthusiasts. Our cu…",https://www.adzuna.in/land/ad/5857251204?se=FOzd6za78RGV2Kx8uUfkiA&utm_medium=api&utm_source=0fd54924&v=5083D8CE4215C5E7421ED333A7256EBE4D847BB6
data scientist,Expert Clinical Data Scientist,Novartis,India,,,2026-09-27T18:34:01Z,"This job is with Novartis, an inclusive employer and a member of myGwork – the largest global platform for the LGBTQ business community. Please do not contact the recruiter directly. Summary Provide timely & professional ongoing Mgmt of Data Mgmt/Coding/CDDRA-Database Development/DAP deliverables and of clinical trial data with respect to cost, quality and timelines for all assigned trials within Clinical Data Mgmt. Ensure consistently high quality data available for analysis and reporting. Dev…",https://www.adzuna.in/land/ad/5900638679?se=FOzd6za78RGV2Kx8uUfkiA&utm_medium=api&utm_source=0fd54924&v=07607BA14557BD0CABDD0C7160EB555556B7C00D
data scientist,Senior Clinical Data Scientist,Novartis,India,,,2026-09-27T18:33:53Z,"This job is with Novartis, an inclusive employer and a member of myGwork – the largest global platform for the LGBTQ business community. Please do not contact the recruiter directly. Summary -Provide timely & professional ongoing Mgmt of Data Mgmt/Coding/CDDRA-Database Development/DAP deliverables and of clinical trial data with respect to cost, quality and timelines for all assigned trials within Clinical Data Mgmt. Ensure consistently high quality data available for analysis and reporting. De…",https://www.adzuna.in/land/ad/5900638656?se=FOzd6za78RGV2Kx8uUfkiA&utm_medium=api&utm_source=0fd54924&v=88882665D341BFC31F44B8B1A69AF44E474653B9
data scientist,Data Scientist - AIML Engineer,Infosys Finacle,"Chennai, Tamil Nadu",,,2026-09-04T16:57:52Z,"Job Title: AI/ML Engineer / GenAI Experience: 4 Years Location: Chennai, Bangalore, Pune (Onsite) Mandatory Skills: GenAI, Python, LLM & RAG Models, Agentic AI, AI/ML Models, Model Deployment & APIs. Job Description: Minimum 4 years of Experience required Excellent analytical and problem-solving skills Experience using statistical computer languages (Python, SLQ, etc.) to manipulate data and draw insights from large data sets. Knowledge of advanced statistical techniques and concepts (regressio…",https://www.adzuna.in/land/ad/5870527931?se=FOzd6za78RGV2Kx8uUfkiA&utm_medium=api&utm_source=0fd54924&v=259F7A5E56E14EE8A1A9FE1DB25538D9DA144709
data scientist,Director – Data Science & Data Engineering(AI),"Prudent Technologies and Consulting, Inc.","Hyderabad, Telangana",,,2026-09-11T17:13:34Z,"Position Summary We are seeking an accomplished and visionary Director – Data Science, Data Engineering, AI Solutions & Pre-Sales to lead our AI and Data practice, drive strategic growth, and deliver transformative solutions for global clients. This role combines executive leadership, solution architecture, business development, pre-sales consulting, and delivery oversight across Data Engineering, Data Science, Artificial Intelligence, Generative AI, Analytics, and Cloud platforms. The ideal ca…",https://www.adzuna.in/land/ad/5879665011?se=FOzd6za78RGV2Kx8uUfkiA&utm_medium=api&utm_source=0fd54924&v=3BABC650E3F8041506A6B3DDD567D98F17B45722
data scientist,Senior Data Scientist - Econometrics Specialist,EXL,India,,,2026-09-23T19:41:42Z,"Job Description — Data Scientist (Econometrics Specialist) Role: Data Scientist – Econometrics Specialist At EXL, our collaboration is built on ongoing listening and learning to adapt our methodologies. We’re your business evolution partner—tailoring solutions that make the most of data to make better business decisions and drive more intelligence into your increasingly digital operations. Key Responsibilities & Requirements: Develop and implement Marketing Mix Modeling (MMM) and Attribution Mo…",https://www.adzuna.in/land/ad/5895239780?se=FOzd6za78RGV2Kx8uUfkiA&utm_medium=api&utm_source=0fd54924&v=224D77B6429090981712CF43143E5B2CB0EEEB88
data scientist,Part time Data Science Instructor,upGrad,"Chandigarh, India",,,2026-09-19T17:33:44Z,"Part-Time Data Science Instructor (Chandigarh) upGrad is expanding its Offline Learning Centres , and we are looking for a dynamic, part-time Data Science Instructor in Chandigarh If you want to balance your current professional commitments while mentoring ambitious students and working professionals in a classroom setting, this is the perfect role for you! Type: Part-Time Location: Chandigarh (In-person classroom delivery) Key Responsibilities As a Part-Time Instructor, you will play a vital r…",https://www.adzuna.in/land/ad/5890612623?se=FOzd6za78RGV2Kx8uUfkiA&utm_medium=api&utm_source=0fd54924&v=EBE09CEB4685D5F31F256251534CA1994C7B1CC4
data scientist,Sr. Data Scientist with Snowflake experience,SynapOne,"Hyderabad, Telangana",,,2026-09-15T01:17:21Z,"Position: Senior Data Scientist Work Location: Hyderabad Work Mode: Mon-Fri (Work from Office) Primary Roles & Responsibilities • Design, develop, and deploy AI/ML products and services based on the customer needs. • Design data pipelines • Continually develops capability both against current demand and the technology/business capability roadmaps provided. • Review and integrate all application requirements, including functional, security, integration, performance, quality, and operations requi…",https://www.adzuna.in/land/ad/5883858661?se=FOzd6za78RGV2Kx8uUfkiA&utm_medium=api&utm_source=0fd54924&v=E159DC428F50C29DAB43104714795C88E2D5041D
data scientist,"Manager, Data Science - Analytics 1",eBay,"Bangalore, Karnataka",,,2026-08-27T12:12:37Z,"This job is with eBay, an inclusive employer and a member of myGwork – the largest global platform for the LGBTQ business community. Please do not contact the recruiter directly. At eBay, we're more than a global ecommerce leader - we're changing the way the world shops and sells. Our platform empowers millions of buyers and sellers in more than 190 markets around the world. We're committed to pushing boundaries and leaving our mark as we reinvent the future of ecommerce for enthusiasts. Our cu…",https://www.adzuna.in/land/ad/5857982609?se=FOzd6za78RGV2Kx8uUfkiA&utm_medium=api&utm_source=0fd54924&v=E05BCA577A0341768E5595343E822204D4400304
data scientist,Data Science Instructor - Learning Centre,upGrad,"Jabalpur, Madhya Pradesh",,,2026-09-18T17:32:34Z,"Job Title: Data Science Instructor Offline Learning Centre Location: Jabalpur Working Days: 6 (Monday to Saturday) About upGrad Founded in 2015, upGrad is Asias largest integrated Learning, Skilling, Workforce Development, and Placement company. Its offerings include online and hybrid degrees, study abroad programs, certifications, bootcamps, and doctorates for working professionals. Through its B2B arm, upGrad also provides enterprise training, recruitment, and staffing services. With 10M lear…",https://www.adzuna.in/land/ad/5889223577?se=FOzd6za78RGV2Kx8uUfkiA&utm_medium=api&utm_source=0fd54924&v=23C7117084664FB51BC4D4B6557657E5A954FFE5
data scientist,Data Science Instructor - Learning Centre,upGrad,"Chandigarh, India",,,2026-09-11T17:12:53Z,"Job Title: Data Science Instructor Offline Learning Centre Location: Chandigarh Working Days: 6 (Monday to Saturday) About upGrad Founded in 2015, upGrad is Asias largest integrated Learning, Skilling, Workforce Development, and Placement company. Its offerings include online and hybrid degrees, study abroad programs, certifications, bootcamps, and doctorates for working professionals. Through its B2B arm, upGrad also provides enterprise training, recruitment, and staffing services. With 10M le…",https://www.adzuna.in/land/ad/5879662958?se=FOzd6za78RGV2Kx8uUfkiA&utm_medium=api&utm_source=0fd54924&v=7C90B2BB52AA81EB60C613281A1D6AF4E5DC8BD8
data scientist,Data Science Instructor - Learning Centre,upGrad,"Raipur, Chhattisgarh",,,2026-09-23T19:43:11Z,"Job Title: Data Science Instructor Offline Learning Centre Location: Raipur Working Days: 6 (Monday to Saturday) About upGrad Founded in 2015, upGrad is Asias largest integrated Learning, Skilling, Workforce Development, and Placement company. Its offerings include online and hybrid degrees, study abroad programs, certifications, bootcamps, and doctorates for working professionals. Through its B2B arm, upGrad also provides enterprise training, recruitment, and staffing services. With 10M learne…",https://www.adzuna.in/land/ad/5895240611?se=FOzd6za78RGV2Kx8uUfkiA&utm_medium=api&utm_source=0fd54924&v=AC7603409D652971635CE7AFC10F93B2EDB66443
data scientist,"Manager, Data Science (Analytics) L25",eBay,"Bangalore, Karnataka",,,2026-09-05T16:19:51Z,"This job is with eBay, an inclusive employer and a member of myGwork – the largest global platform for the LGBTQ business community. Please do not contact the recruiter directly. At eBay, we're more than a global ecommerce leader - we're changing the way the world shops and sells. Our platform empowers millions of buyers and sellers in more than 190 markets around the world. We're committed to pushing boundaries and leaving our mark as we reinvent the future of ecommerce for enthusiasts. Our cu…",https://www.adzuna.in/land/ad/5871846785?se=FOzd6za78RGV2Kx8uUfkiA&utm_medium=api&utm_source=0fd54924&v=085F534B1C22976B1BB5E9420236C02F4509E937
data scientist,"Data Scientist / AI Engineer, AVP",Deutsche Bank,"Bangalore, Karnataka",,,2026-09-04T20:32:59Z,"This job is with Deutsche Bank, an inclusive employer and a member of myGwork – the largest global platform for the LGBTQ business community. Please do not contact the recruiter directly. Position Overview Role Description Driving the creation of new AI solutions for Corporate Banking and Investment Banking Operations and Controls (CBIBOC). As Deutsche Bank enters into a phase where a variety of data and AI development tools are becoming more accessible, we are seeking a Data Scientist / AI Eng…",https://www.adzuna.in/land/ad/5870693464?se=FOzd6za78RGV2Kx8uUfkiA&utm_medium=api&utm_source=0fd54924&v=E295BDE60927B45FDA47075AC7352EB9E364E86B
data scientist,"Staff, Data Science & Applied AI",Warner Bros. Discovery,"Hyderabad, Telangana",,,2026-08-13T18:00:01Z,"This job is with Warner Bros. Discovery, an inclusive employer and a member of myGwork – the largest global platform for the LGBTQ business community. Please do not contact the recruiter directly. Welcome to Warner Bros. Discovery… the stuff dreams are made of. Who We Are… When we say, “the stuff dreams are made of,” we’re not just referring to the world of wizards, dragons and superheroes, or even to the wonders of Planet Earth. Behind WBD’s vast portfolio of iconic content and beloved brands,…",https://www.adzuna.in/land/ad/5840277221?se=FOzd6za78RGV2Kx8uUfkiA&utm_medium=api&utm_source=0fd54924&v=1717CE647719AD3F604E88D4232C78A9A111E6A8
data scientist,"Specialist, Data Science & Artificial Intelligence",Novartis,India,,,2026-09-22T18:29:58Z,"This job is with Novartis, an inclusive employer and a member of myGwork – the largest global platform for the LGBTQ business community. Please do not contact the recruiter directly. Summary - Understands business problems, supports an integrated analytical approach to mine data sources, manage data effectively, employ statistical methods and machine learning algorithms to contribute to solving unmet medical needs, discover actionable insights, and automate processes for reducing effort and tim…",https://www.adzuna.in/land/ad/5893961410?se=FOzd6za78RGV2Kx8uUfkiA&utm_medium=api&utm_source=0fd54924&v=A1658915B094ECA74FCE1869ABD36EF5FF4ABDE5
data scientist,"Consultant, Data Science -Credit Risk",TransUnion,India,,,2026-09-20T23:26:38Z,"Consultant Credit Risk Analytics Team Overview The Credit Risk Consulting team partners with leading financial institutions across the US and Africa to solve complex lending, portfolio management, and risk strategy challenges through advanced analytics and data-driven decisioning. Working at the intersection of consulting, credit risk, and machine learning, the team helps clients improve profitability, manage risk exposure, optimize customer acquisition, and drive sustainable business growth. R…",https://www.adzuna.in/land/ad/5891976220?se=FOzd6za78RGV2Kx8uUfkiA&utm_medium=api&utm_source=0fd54924&v=EF54F9C4A1E1943F201AA13293B3834678845A5A
data scientist,"Data Scientist, Fraud Risk Mitigation",Applied Data Finance,India,,,2026-09-22T23:35:21Z,"Role Summary Data Scientist supporting fraud strategy development, fraud analytics, and operational monitoring across a consumer lending portfolio. Working under the fraud strategy lead and alongside senior team members, you will analyze fraud trends, monitor portfolio and decisioning performance, and help translate findings into policy and rule recommendations for the decision engine. This is an individual-contributor role for someone with strong analytical fundamentals and hands-on SQL and Py…",https://www.adzuna.in/land/ad/5894222466?se=FOzd6za78RGV2Kx8uUfkiA&utm_medium=api&utm_source=0fd54924&v=12E1E77078DCFDE0D15466F5D5D5A7014E147C6B
data scientist,Data Science Trainer-AI/ML,Evalueserve,India,,,2026-09-04T22:30:43Z,"Job Summary We are looking for a skilled and detail-oriented Trainer to design and deliver high-impact learning programs in AI/ML (including Generative AI), Digital Transformation, Technology, and Advanced Analytics. The role emphasizes structured learning paths, engaging facilitation, and measurable outcomes aligned with Evalueserve’s domain-specific AI and analytics offerings. Key Responsibilities Experienced AI Enablement professional to design and deliver high-impact learning programs in Ge…",https://www.adzuna.in/land/ad/5870865883?se=FOzd6za78RGV2Kx8uUfkiA&utm_medium=api&utm_source=0fd54924&v=9C5C0AEB26A677AEBE59D6011944C89C228A027F
data scientist,Global Demand Expert & Data Scientist,TE Connectivity,"Bangalore, Karnataka",,,2026-09-25T06:38:48Z,"This job is with TE Connectivity, an inclusive employer and a member of myGwork – the largest global platform for the LGBTQ business community. Please do not contact the recruiter directly. At TE, you will unleash your potential working with people from diverse backgrounds and industries to create a safer, sustainable and more connected world. Job Overview Define the technical roadmap for Global Demand Management AI initiatives and SAP IBP capabilities. Architect end-to-end AI and SAP IBP solut…",https://www.adzuna.in/land/ad/5897683545?se=FOzd6za78RGV2Kx8uUfkiA&utm_medium=api&utm_source=0fd54924&v=2F9EA124FC9FDA138CFFF58EF753CD761AD46613
data scientist,Senior Data Science & AI Specialist,ABB,"Bangalore, Karnataka",,,2026-09-19T20:33:43Z,"This job is with ABB, an inclusive employer and a member of myGwork – the largest global platform for the LGBTQ business community. Please do not contact the recruiter directly. At ABB, we help industries run leaner and cleaner—and every person here makes that happen. You’ll be empowered to lead, supported to grow, and proud of the impact we create together. Join us and help run what runs the world. This Position reports to: Data Analytics & BI Manager Your role and responsibilities: In this ro…",https://www.adzuna.in/land/ad/5890717813?se=FOzd6za78RGV2Kx8uUfkiA&utm_medium=api&utm_source=0fd54924&v=3D9187E481CB3CFE558A9BD7A487CBE64156A3C0
data scientist,Data Science-Index Quant Specialist,MSCI,"Mumbai, Maharashtra",,,2026-08-15T20:01:37Z,"This job is with MSCI, an inclusive employer and a member of myGwork – the largest global platform for the LGBTQ business community. Please do not contact the recruiter directly. Your Team Responsibilities: OneMSCI R&D Quality & Architecture is a newly established cross-functional organization within R&D, created to drive consistent quality standards (especially from quantitative finance perspective) , modular architecture, and AI-first workflows across MSCI's product lines. As a Senior Associa…",https://www.adzuna.in/land/ad/5843137505?se=FOzd6za78RGV2Kx8uUfkiA&utm_medium=api&utm_source=0fd54924&v=EC4079028ED7338B991CD57034DE9EA5AC8D9A0B
data scientist,Deputy Vice President - Data Scientist,SBI Card,India,,,2026-09-04T22:29:01Z,"Role Purpose To oversee the preparation of business insights and data visualization dashboards, develop credit and fraud risk models, and ensure effective deployment of credit and fraud decision engines. Role Accountability Explore data and transform it into business insights by applying both data analytics and business knowledge Provide user-friendly visualization of data and business insights by creating dashboards leveraging any business intelligence (BI) software Develop credit and fraud ri…",https://www.adzuna.in/land/ad/5870858265?se=FOzd6za78RGV2Kx8uUfkiA&utm_medium=api&utm_source=0fd54924&v=CE4FF697B0B114B0B7E9BF452A99125FC9890E57
data scientist,Director Data Science (Healthcare & Life Sciences),Tredence Inc.,India,,,2026-09-04T22:28:26Z,"Job Summary We are seeking a dynamic and results-driven Director to lead Data Science (DS) delivery projects, combining deep expertise in data science methodologies with strong project management skills. The ideal candidate will have a strong track record of driving data-driven decision-making, managing end-to-end delivery of complex projects, and leading teams of data scientists and analysts in achieving business outcomes. Key Responsibilities Data Science Leadership: Drive end-to-end executio…",https://www.adzuna.in/land/ad/5870857259?se=FOzd6za78RGV2Kx8uUfkiA&utm_medium=api&utm_source=0fd54924&v=55A7E848BEAFB6921131016471D693EB13572E7C
data scientist,Data Scientist (Remote | $150–$350/hr),Synthires,India,,,2026-09-28T07:35:05Z,"Data Scientist Position: Data Scientist Type: Contractor Compensation: $150–$350/hour Location: Remote About the Opportunity micro1 is partnering with a leading AI lab to engage experienced Data Scientists and quantitative professionals from top companies. In this role, you will apply your expertise in statistics, machine learning, experimentation, data analysis, and quantitative reasoning to evaluate and improve the capabilities of advanced AI systems. You will work on expert-level data scienc…",https://www.adzuna.in/land/ad/5901133813?se=FOzd6za78RGV2Kx8uUfkiA&utm_medium=api&utm_source=0fd54924&v=4DC0E1BDBDE035E187D8BC04305729B5903953F6
data scientist,Lead GenAI Data Scientist — LLM Applications,DBiz.ai,"Bangalore, Karnataka",,,2026-09-18T23:23:48Z,Lead GenAI Data Scientist — LLM Applications Lead / Principal | Education / EdTech | 8 years About the Role: We are seeking a Lead GenAI Data Scientist to spearhead the development of large language model-powered products that transform how learners and educators interact with our platform. You will architect LLM solutions — from retrieval-augmented generation to fine-tuning — and define our applied AI strategy in partnership with product leadership. Key Responsibilities : • Lead the design and…,https://www.adzuna.in/land/ad/5889678785?se=FOzd6za78RGV2Kx8uUfkiA&utm_medium=api&utm_source=0fd54924&v=25C57C262DC1A7E520832EC650FE7A339AC8F255
data scientist,Technical Lead – Data Science & Generative AI,Incedo Inc.,India,,,2026-09-02T21:45:20Z,"Technical Lead – Data Science & Generative AI Incedo Platform & Solutions| Applied AI, Python & LLMs LOCATION: Gurugram EXPERIENCE: 6–10 years REPORTS TO: Engineering Manager ABOUT INCEDO Incedo is a global AI and data transformation specialist, helping companies turn digital investment into sustainable business impact by delivering ROI from AI@Scale . We are 4,000 people across the US, Canada, Latin America and India, working with Fortune 500 enterprises and fast-growing clients in banking & p…",https://www.adzuna.in/land/ad/5867263676?se=FOzd6za78RGV2Kx8uUfkiA&utm_medium=api&utm_source=0fd54924&v=02BBD6555AA2168E622B0710AE1F2C7B772805F0
data scientist,"Analytics & Data Science Lead, Commercial Pharma","Orcana-AI, Inc.","Bangalore, Karnataka",,,2026-09-21T23:34:53Z,"You’ve spent years solving difficult pharma analytics problems, guiding teams, and delivering work that customers trust. At Orcana, you can turn that expertise into technology that helps entire organizations accomplish more. We’re looking for a hands-on analytics and data science leader to work directly with the founders, shape our analytical capabilities, and build the team behind them. What we’re building Orcana is an AI-native technology company building the intelligence layer for life scien…",https://www.adzuna.in/land/ad/5893042467?se=FOzd6za78RGV2Kx8uUfkiA&utm_medium=api&utm_source=0fd54924&v=76335C7B0B9351735211F8FEB0F6EEFB773AC83E
data scientist,HR Data Scientist (People Analytics & Automation),RWS,"Bangalore, Karnataka",,,2026-09-09T00:19:05Z,"This job is with RWS, an inclusive employer and a member of myGwork – the largest global platform for the LGBTQ business community. Please do not contact the recruiter directly. HR Data Scientist (People Analytics & Automation) Job LocationsIN-Bangalore | IN-BangalorePosted Date1 month ago(25/08/2026 06:10)Job ID2026-6642 of Openings1CategoryHuman ResourcesBanding6 Job Purpose Job Purpose As we enter a period of accelerated digital transformation, the HR Data Scientist will play a critical role…",https://www.adzuna.in/land/ad/5875903817?se=FOzd6za78RGV2Kx8uUfkiA&utm_medium=api&utm_source=0fd54924&v=4E33603494232F6B64BC41EB8CCB0EFD8EC33F29
data scientist,"Staff Data Scientist (Growth & ML), Hyderabad",Warner Bros. Discovery,"Hyderabad, Telangana",,,2026-08-12T11:59:36Z,"This job is with Warner Bros. Discovery, an inclusive employer and a member of myGwork – the largest global platform for the LGBTQ business community. Please do not contact the recruiter directly. Welcome to Warner Bros. Discovery… the stuff dreams are made of. Who We Are… When we say, “the stuff dreams are made of,” we’re not just referring to the world of wizards, dragons and superheroes, or even to the wonders of Planet Earth. Behind WBD’s vast portfolio of iconic content and beloved brands,…",https://www.adzuna.in/land/ad/5837843617?se=FOzd6za78RGV2Kx8uUfkiA&utm_medium=api&utm_source=0fd54924&v=F8E1EFEC007F68DA2C9DD2662FEA174A42B0BC35
data scientist,"Data Science and AI Engineering Lead, VP",Deutsche Bank,"Bangalore, Karnataka",,,2026-08-18T18:03:40Z,"This job is with Deutsche Bank, an inclusive employer and a member of myGwork – the largest global platform for the LGBTQ business community. Please do not contact the recruiter directly. Position Overview Role Description Driving the creation of new AI solutions for Corporate Banking and Investment Banking Operations and Controls (CBIBOC). As Deutsche Bank enters into a phase where a variety of data and AI development tools are becoming more accessible, we are seeking an experienced Data Scien…",https://www.adzuna.in/land/ad/5846723461?se=FOzd6za78RGV2Kx8uUfkiA&utm_medium=api&utm_source=0fd54924&v=AF15AA8FCA86EB07FE65BD3AAD41B97E7C8B20E1
data scientist,Senior Health Data Scientist & Analytics Lead,Estatic Infotech Pvt. Ltd. ,"Ahmedabad, Gujarat",,,2026-09-24T01:48:06Z,"POSITION: Senior Health Data Scientist & Analytics Lead EXPERIENCE: 5 Years WORK MODE: On-Site LOCATION: Science City, Ahmedabad JOB TYPE: Full Time COMMUNICATION: Strong written and spoken English is a must. JOB DESCRIPTION: Primary Skills: • 5 years of hands-on experience in Data Science, Advanced Analytics, Analytics Engineering, or related roles • Advanced proficiency in Python, SQL, Statistics, and Data Analysis • Strong experience working with large longitudinal and time-series datasets •…",https://www.adzuna.in/land/ad/5895599861?se=FOzd6za78RGV2Kx8uUfkiA&utm_medium=api&utm_source=0fd54924&v=48033BCC69193DF8ED6F12E3071BD250AEC67BF6
data scientist,"Human-Centered AI Data Scientist, Strategy and Talent",Standard Chartered Bank,"Bangalore, Karnataka",,,2026-08-12T01:59:32Z,"This job is with Standard Chartered Bank, an inclusive employer and a member of myGwork – the largest global platform for the LGBTQ business community. Please do not contact the recruiter directly. Job Summary As a Human-Centered AI Data Scientist for Strategy and Talent (S&T) at Standard Chartered, you will work at the forefront of empowering human-centered and trustworthy AI adoption across S&T from vendor-provided and internally-developed AI systems. This role is central in guiding and asses…",https://www.adzuna.in/land/ad/5837139276?se=FOzd6za78RGV2Kx8uUfkiA&utm_medium=api&utm_source=0fd54924&v=C0F814CBDD0355075DDB000131DE4C8D130504ED
data scientist,Senior Data Scientist|NR-2026-0241 (4),Media.net,"Mumbai, Maharashtra",,,2026-09-18T23:25:23Z,"Role : Senior Data Scientist About Media.net : Media.net is a leading global ad tech company, building innovative products and solutions for advertisers and publishers. Media.net creates the most transparent and efficient path for ad budgets to become publisher revenue, while delivering meaningful value to advertisers, publishers, app developers, and end users across the open web. We are one of the world’s largest independent contextual advertising businesses, with one of the industry’s most co…",https://www.adzuna.in/land/ad/5889684821?se=FOzd6za78RGV2Kx8uUfkiA&utm_medium=api&utm_source=0fd54924&v=70380D15433C4FA2F2B2E316E7D70D92EF25377D
data scientist,Senior Data Scientist – Marketing Mix Optimization (MMO Enhancements),Blend,"Hyderabad, Telangana",,,2026-09-14T01:13:40Z,"Blend is seeking Senior Data Scientists to join our Marketing Mix Optimization (MMO) Enhancements team, building next-generation Bayesian Marketing Mix Models that help global clients optimize media investments and maximize business outcomes. This role is ideal for professionals who have deep expertise in Bayesian statistics, causal inference, optimization, and advanced econometric modeling. As a Senior Data Scientist, you will develop production-grade Bayesian models, design optimization frame…",https://www.adzuna.in/land/ad/5882863894?se=FOzd6za78RGV2Kx8uUfkiA&utm_medium=api&utm_source=0fd54924&v=42B93B653C226240549824593CBAAA45A0AFCD30
data scientist,Talent Pool -FP&A- Data Scientist / Analytics Specialist / Data & AI Specialist,ABB,"Bangalore, Karnataka",,,2026-07-03T00:54:32Z,"This job is with ABB, an inclusive employer and a member of myGwork – the largest global platform for the LGBTQ business community. Please do not contact the recruiter directly. At ABB, we help industries outrun - leaner and cleaner. Here, progress is an expectation - for you, your team, and the world. As a global market leader, we’ll give you what you need to make it happen. It won’t always be easy, growing takes grit. But at ABB, you’ll never run alone. Run what runs the world. This Position …",https://www.adzuna.in/land/ad/5785773115?se=FOzd6za78RGV2Kx8uUfkiA&utm_medium=api&utm_source=0fd54924&v=888721B9EAAF876B1F079BC209DECF1099E63440
data scientist,TCS Mega Walk-In Drive | Data Scientist | 19 Sep 2026,Tata Consultancy Services,"Bangalore, Karnataka",,,2026-09-07T00:52:44Z,"Title Description for Opportunity : Experience : 4-10 Years. Role Name : Data Scientist Responsibilities: Develop and implement Machine Learning and Statistical Models to solve complex business problems and improve decision-making. Analyze, clean, and transform large datasets using Python/R to build scalable data-driven solutions. Design, train, validate, and deploy ML models using frameworks such as Scikit-learn, TensorFlow, PyTorch, or similar tools . Create impactful dashboards, visualizatio…",https://www.adzuna.in/land/ad/5873277736?se=wpAC7Ta78RG3jpCv9xpWmA&utm_medium=api&utm_source=0fd54924&v=9CEA296BFBACD4C202D348709FE5935B885B4431
data scientist,Senior Health Data Scientist & Analytics Lead — Wearables & Digital Health,Iron - Saúde ao seu alcance,"Ahmedabad, Gujarat",,,2026-09-01T16:22:40Z,"Location: Ahmedabad, India Work model: In-person Company: Iron Fit You — IFY About Iron Fit You Iron Fit You is a digital health and performance platform that combines wearable technology, physiological data and intelligent insights to help users better understand and improve four essential pillars: Effort, Recovery, Sleep and Focus. We are looking for a senior, hands-on Health Data Scientist to lead the analysis, validation and evolution of IFY’s data and insights. Your mission Your mission wi…",https://www.adzuna.in/land/ad/5864437728?se=wpAC7Ta78RG3jpCv9xpWmA&utm_medium=api&utm_source=0fd54924&v=519F461475DAEC3E65BE43EEA689329C97902BD4
data scientist,Scientific Computing Engineer - Drug Product Process Modeling & Data Science,Novartis,India,,,2026-09-05T16:19:33Z,"This job is with Novartis, an inclusive employer and a member of myGwork – the largest global platform for the LGBTQ business community. Please do not contact the recruiter directly. Summary We are looking for a hands-on Scientific Computing Engineer to strengthen process modeling, statistics, and data science capabilities in Drug Product development. This role is intended for an early-career engineer with a strong quantitative foundation, practical programming skills, and the ability to transl…",https://www.adzuna.in/land/ad/5871846075?se=wpAC7Ta78RG3jpCv9xpWmA&utm_medium=api&utm_source=0fd54924&v=326B6FA659B880A3C0F3E2CA4AB8E0734BF69D7B
data scientist,Senior/ Lead Data Scientist | 5-10 Yrs | Bangalore | Immediate,Bandhan Technologies,India,,,2026-09-12T01:08:04Z,"Role Overview: A hands-on Applied AI leader to both build AI systems and drive enterprise adoption . To work closely with the Leadership Team, and functional leadersto design, deliver, and embed AI into core workflows across insurance value chain including sales, underwriting, and operations. To identify high-impact opportunities, translate business problems into AI solutions, and ensure successful deployment and adoption of AI systems. Key Focus Areas: Own end-to-end delivery of AI systems, fr…",https://www.adzuna.in/land/ad/5880069394?se=wpAC7Ta78RG3jpCv9xpWmA&utm_medium=api&utm_source=0fd54924&v=85A77F47C7D577A8839607F5B214797B21847703
data scientist,ABB Talent Pool(Unpause - Returnee program) - Technology and Data Science,ABB,"Bangalore, Karnataka",,,2026-07-03T00:54:23Z,"This job is with ABB, an inclusive employer and a member of myGwork – the largest global platform for the LGBTQ business community. Please do not contact the recruiter directly. At ABB, we help industries outrun - leaner and cleaner. Here, progress is an expectation - for you, your team, and the world. As a global market leader, we’ll give you what you need to make it happen. It won’t always be easy, growing takes grit. But at ABB, you’ll never run alone. Run what runs the world. This Position …",https://www.adzuna.in/land/ad/5785772182?se=wpAC7Ta78RG3jpCv9xpWmA&utm_medium=api&utm_source=0fd54924&v=42B55A7F5E51E946663DF8E8BD77240E99C71583
data scientist,Data Scientist | 5 Years | Any UST Location | Immediate Joiner,UST,"Bangalore, Karnataka",,,2026-09-01T16:22:50Z,"Candidates ready to join immediately can share their details via email for quick processing.  CCTC | ECTC | Notice Period | Location Preference nitin.patil@ust.com Act fast for immediate attention! ⏳ Must-Have Skills: Strong experience in Data Science and Machine Learning Hands-on experience in Artificial Intelligence and Statistical Modeling Strong programming skills in Python or R Experience with Scikit-learn, Pandas, TensorFlow , or similar libraries Strong knowledge of Statistics, Probabili…",https://www.adzuna.in/land/ad/5864438981?se=wpAC7Ta78RG3jpCv9xpWmA&utm_medium=api&utm_source=0fd54924&v=DB7A3B158C98CA4CF77CB6EDCE5EBB10B7FB4211
data scientist,Data Scientist :: 5-8 Years & 8 Years :: Multiple openings,Quantum Integrators,"Hyderabad, Telangana",,,2026-09-28T07:39:34Z,"Data Scientist Total positions:2 Positions Level Sr. Consultant Location: USI Location (Hyderabad, Bangalore, Pune, Mumbai, Kolkata, Chennai, Gurgaon) Experience: 3-8  Years Shift Time: 11 am to 8 pm Work Mode: Hybrid Mandatory Skills: Pyspark, Machine learning, Azure, ML Models, Azure, synapse, Data Bricker’s. phyton-Scripting, Lag chain Role Summary We are seeking a Data Architect to own canonical data modeling and abstraction discipline across our platforms, most notably our payroll-system-a…",https://www.adzuna.in/land/ad/5901137087?se=wpAC7Ta78RG3jpCv9xpWmA&utm_medium=api&utm_source=0fd54924&v=8ECB902338A0C47274E4ACCBA13F1262BAAABCE7
data scientist,"Data Science || 2.5 Years || Bangalore, Hyderabad, Gurugram, Mumbai, Kolkata, Chennai",A Client of Neerinfo Solutions,"Bangalore, Karnataka",,,2026-09-25T22:02:56Z,"Senior Analyst – Data Science & Gen AI Experience: 2.5 Years Locations: Bangalore, Hyderabad, Gurugram, Kolkata, Mumbai, Chennai Role: Senior Analyst Employment Type: Full-Time Job Summary We are looking for a Senior Analyst – Data Science & Gen AI with 2.5 years of experience in Data Science, Machine Learning, Generative AI, LLMs, and NLP . The ideal candidate should have strong hands-on experience in Python and SQL , along with exposure to cloud technologies such as Azure, AWS, or GCP . Key R…",https://www.adzuna.in/land/ad/5898533963?se=wpAC7Ta78RG3jpCv9xpWmA&utm_medium=api&utm_source=0fd54924&v=1292C2B978E0423422E33D6AE758BF2052227EC6
data scientist,Azure Data Factory,Tata Consultancy Services,"Bangalore, Karnataka",,,2026-09-09T01:04:03Z,"Mode Of Interview: Walk-In Drive (In-Person) Date: September 19,2026(Saturday) Job Title : Databricks Developer / Lead Experience : 4-10 years Job Summary : An experienced Databricks Developer / Lead to design, develop, and optimize data solutions using Databricks, Spark, and related technologies. The ideal candidate should have a strong background in data engineering, data science, and programming languages like Python, Scala, or Java. Responsibilities: Data Solution Development: Design, devel…",https://www.adzuna.in/land/ad/5876016009?se=wpAC7Ta78RG3jpCv9xpWmA&utm_medium=api&utm_source=0fd54924&v=4FE9764DDD4D00DC1783D87D4AA3AC96B37BF5E5
data scientist,Data Engineer,Tata Consultancy Services,"Chennai, Tamil Nadu",,,2026-09-12T17:19:16Z,"EXP: 4 to 10 year Job description Responsibilities: Data Solution Development: Design, develop, and optimize data solutions using Databricks, Spark, and related technologies. Data Engineering: Develop and maintain data pipelines, data lakes, and data warehouses using Databricks, Delta Lake, and other tools. Data Science: Collaborate with data scientists to deploy machine learning models and optimize data science workflows. Performance Optimization: Optimize Spark jobs, Databricks notebooks, and…",https://www.adzuna.in/land/ad/5880950446?se=wpAC7Ta78RG3jpCv9xpWmA&utm_medium=api&utm_source=0fd54924&v=7C1071A94C7FE307D6A644A2E1BA2A73C437AACE
data scientist,Associate,Victoria’s Secret & Co.,"Bangalore, Karnataka",,,2026-09-18T17:29:49Z,"TITLE: Associate Data Scientist DEPARTMENT: Data Sciences & Analytics LOCATION: Bangalore, India Team: The Center of Excellence on Data Sciences & Analytics is an upstart CoE team, incubated within Victoria’ Secret & CO. (VS&Co), building the best-in-class suite of Data Science & Analytics Products that power the best shopping experience for our customers, and deliver actionable, customer-centric insights to our ecommerce, marketing, merchandising and supply chain teams enabling better business…",https://www.adzuna.in/land/ad/5889220286?se=wpAC7Ta78RG3jpCv9xpWmA&utm_medium=api&utm_source=0fd54924&v=0D2B7F3750CFF8AEBD1BEDE302F98FE5EFCB1694
data scientist,Staff Researcher – Applied Science,Navi,India,,,2026-09-09T01:05:45Z,"About the Team The Data Science team at Navi plays a central role in building intelligent solutions that power our products and drive business impact. We work across key domains such as Lending, Collections, KYC, UPI Growth and Ads recommendation, applying advanced machine learning/deep learning/GenAI techniques to solve high-impact challenges. Our work involves a diverse range of data types—including text, image, and tabular data—and we closely collaborate with cross-functional teams like Prod…",https://www.adzuna.in/land/ad/5876021987?se=wpAC7Ta78RG3jpCv9xpWmA&utm_medium=api&utm_source=0fd54924&v=5A54970FD7F0E5DDDF3894BA150968B9A7DAE45E
data scientist,Senior Data Engineer (Analyst/Scientist) - Remote,Kake,"Bangalore, Karnataka",,,2026-09-01T16:23:14Z,"Senior Data Engineer (Analyst/Scientist) - Remote Kake is a remote-first company and a people-first global community of senior engineers. Kake engineers are behind some of the world’s most innovative products (Brands you’ve heard!), from Fortune 500 to fast-growing companies. We believe it’s not where your table is, but what you bring to the table that matters. Our community spans 45,000 engineers across 55 countries; join a culture where great people stay, grow, and thrive (and love eating kak…",https://www.adzuna.in/land/ad/5864442505?se=wpAC7Ta78RG3jpCv9xpWmA&utm_medium=api&utm_source=0fd54924&v=6155ACC03125A8E4FD992DB648D4B5952CFF591B
data scientist,Senior Data Engineer (Analyst/Scientist) - Remote,Kake,"Hyderabad, Telangana",,,2026-09-01T16:21:43Z,"Senior Data Engineer (Analyst/Scientist) - Remote Kake is a remote-first company and a people-first global community of senior engineers. Kake engineers are behind some of the world’s most innovative products (Brands you’ve heard!), from Fortune 500 to fast-growing companies. We believe it’s not where your table is, but what you bring to the table that matters. Our community spans 45,000 engineers across 55 countries; join a culture where great people stay, grow, and thrive (and love eating kak…",https://www.adzuna.in/land/ad/5864431152?se=wpAC7Ta78RG3jpCv9xpWmA&utm_medium=api&utm_source=0fd54924&v=992068F702D0BD1D92EF8D1AB0E5CA33A0D15B29
data scientist,Senior Data Engineer (Analyst/Scientist) - Remote,Kake,India,,,2026-09-12T01:03:48Z,"Senior Data Engineer (Analyst/Scientist) - Remote Kake is a remote-first company and a people-first global community of senior engineers. Kake engineers are behind some of the world’s most innovative products (Brands you’ve heard!), from Fortune 500 to fast-growing companies. We believe it’s not where your table is, but what you bring to the table that matters. Our community spans 45,000 engineers across 55 countries; join a culture where great people stay, grow, and thrive (and love eating kak…",https://www.adzuna.in/land/ad/5880062263?se=wpAC7Ta78RG3jpCv9xpWmA&utm_medium=api&utm_source=0fd54924&v=15089641EC59B28C9D0095BD4D6409CD97F4D658
data scientist,"Subject Matter Expert (SME) – Python, Artificial Intelligence, Data Science & Business Analytics | Job Type: Full-Time | Location: Sasaram, Bihar (120 km from Varanasi)",Cognitel,"Sasaram, Rohtas",,,2026-09-24T01:47:19Z,"Company Description Cognitel is a forward-looking training and consulting organization in India, dedicated to bridging the gap between academia and industry. Working closely with leading universities, Cognitel integrates industry-driven learning into academic environments, ensuring students gain practical skills alongside strong theoretical foundations. With a focus on employability and real-world readiness, Cognitel specializes in upskilling students and working professionals in high-demand do…",https://www.adzuna.in/land/ad/5895599594?se=wpAC7Ta78RG3jpCv9xpWmA&utm_medium=api&utm_source=0fd54924&v=DA0E81C80581FF800A969A15FF4DF777792B2DCC
data scientist,Specialist - US IT Recruitment,MathCo,India,,,2026-09-02T16:44:04Z,"Designation: Specialist – Talent Acquisition About Us TheMathCompany or MathCo® is a global Enterprise AI and Analytics company trusted for data-driven decision-making by leading Fortune 500 and Global 2000 enterprises. Founded in 2016, MathCo builds custom AI and advanced analytics solutions focused on enterprise problem-solving through its innovative hybrid model. NucliOS, MathCo’s proprietary platform with pre-built workflows and reusable plug-and-play modules, enables the vision of connecte…",https://www.adzuna.in/land/ad/5867037846?se=wpAC7Ta78RG3jpCv9xpWmA&utm_medium=api&utm_source=0fd54924&v=86958648CD29D91E173FEF1EF0EAF4FFE6F7CE76
data scientist,Principal,MathCo,"Bangalore, Karnataka",,,2026-09-25T15:23:49Z,"Job Description We are seeking a highly accomplished Principal (L6) to lead one of MathCo's delivery units focused. The person will be responsible for end-to-end delivery ownership, customer success, business growth, people leadership, and P&L management. The Principal will serve as a trusted advisor to senior client stakeholders, drive strategic engagements, ensure excellence in delivery, and collaborate closely with Client Partners to expand relationships and create long-term value for custom…",https://www.adzuna.in/land/ad/5898129420?se=wpAC7Ta78RG3jpCv9xpWmA&utm_medium=api&utm_source=0fd54924&v=AD6DE3757AB901785C2F8FE417E139B78F02E882
data scientist,Senior Data Specialist,Ascendion,"Bangalore, Karnataka",,,2026-09-20T23:26:58Z,"Job Title :: Senior Data Scientist Location :: Bangalore (Hybrid - 2 days in a week onsite) Minimum relevant experience :: 7 Years Must Have Skills & Non-Negotiable skills: Experience in MSFT Stack (ADF, Azure Machine Learning, Azure AI Services, Copilot Studio). Designing, developing and maintaining scalable ETL processes. Data science and data engineering background with AI capabilities. Python for Data engineering & strong SQL skills Job Description: We are looking for Data Scientist to desi…",https://www.adzuna.in/land/ad/5891977121?se=wpAC7Ta78RG3jpCv9xpWmA&utm_medium=api&utm_source=0fd54924&v=1D49F0288918B5895DB4E84388E5E85DF3D811E3
data scientist,New hiring for Senior AI/Machine Learning Developer,iZOOlogic,"Jaipur, Rajasthan",,,2026-09-23T15:40:37Z,"Join a fast-growing international cybersecurity product company delivering advanced Threat Intelligence and Digital Risk Protection solutions to a global client base. As an AI/Data Science Engineer, you will work closely with senior data scientists, engineers, and product teams to develop, deploy, and scale AI/ML solutions. This is an exciting opportunity for recent graduates or early-career professionals looking to build a strong foundation in the data science and AI ecosystem. Responsibilitie…",https://www.adzuna.in/land/ad/5895032039?se=wpAC7Ta78RG3jpCv9xpWmA&utm_medium=api&utm_source=0fd54924&v=B0A64EA0E6BC2CFBD05F620441FAB70B93259F93
data scientist,"Senior BI Consultant(Data Engineering ,Python.AWS services) with fast growing Software company, Baner, Pune.",Seventh Contact Hiring Solutions,India,,,2026-09-20T17:32:36Z,"Position : – Senior BI Consultant Years of Experience – 6 Years Qualifications –Any Graduate Job Location : Pune, Baner Job Summary We are seeking a highly skilled Senior BI Consultant with extensive experience in designing, developing, and maintaining scalable Business Intelligence and data warehousing solutions. This role requires a strong background in Python scripting, AWS services (Lambda, S3, Redshift), and data science methodologies to extract actionable insights and support data-driven …",https://www.adzuna.in/land/ad/5891690316?se=wpAC7Ta78RG3jpCv9xpWmA&utm_medium=api&utm_source=0fd54924&v=1C23709CF8AE46DE6D3C7BFC76F5C639B4BA7A62
data scientist,Associate - Instock Analyst,Myntra,"Bangalore, Karnataka",,,2026-09-19T17:31:52Z,"Role Overview The Instock Analyst will be part of the MNow (Dark Store / Quick Commerce) Planning team, responsible for ensuring optimal stock availability across dark stores. This role blends inventory analytics, demand-side judgement, and hyperlocal planning to minimize stockouts and overstocks while supporting adherence to the DS (Data Science) replenishment model. Key Responsibilities Monitor and analyze dark-store inventory health across cities using availability, sell-through, and sales-p…",https://www.adzuna.in/land/ad/5890611790?se=wpAC7Ta78RG3jpCv9xpWmA&utm_medium=api&utm_source=0fd54924&v=BFD2326420943A4E47A42C4E07BE09ECCED59FCA
data scientist,Assistant Professor in Computer Science & Engineering (AI & ML),Brainware University,"Kolkata, West Bengal",,,2026-09-25T15:23:15Z,"We Are Hiring: Assistant Professor in Computer Science & Engineering (AI & ML) Are you a passionate academician in Computer Science, Artificial Intelligence, Machine Learning, Data Science, or allied emerging technologies ? Do you want to build a career in a research-driven, innovation-focused university that values teaching excellence, publications, funded projects, and AI-enabled learning ? Brainware University invites applications from highly motivated, research-oriented, and student-centri…",https://www.adzuna.in/land/ad/5898128426?se=wpAC7Ta78RG3jpCv9xpWmA&utm_medium=api&utm_source=0fd54924&v=8060CF366705BA118A837488EE4308CDD8D01E94
data scientist,Assistant Professor - School of Computing,Kumaraguru College of Technology,"Coimbatore, Tamil Nadu",,,2026-09-27T18:06:56Z,"Kumaraguru College of Technology invites applications for the position of Assistant Professor / Associate Professor in the departments of Computer Science Engineering, Information Technology, and Artificial Intelligence & Data Science. We are seeking passionate educators and researchers who are eager to inspire the next generation of innovators and contribute to our growing academic community. Educational Background: M.E / M.Tech / M.S / Ph.D. in Computer Science Engineering, Information Techno…",https://www.adzuna.in/land/ad/5900616288?se=wpAC7Ta78RG3jpCv9xpWmA&utm_medium=api&utm_source=0fd54924&v=87CB10605011564C768EE9842EC1745948CE10C7
data scientist,Business Intelligence Analyst,Omnicom Global Solutions,"Bangalore, Karnataka",,,2026-09-11T17:14:33Z,"Business Intelligence Location: Bangalore / Hyderabad (Hybrid) Shift: 11:00 AM – 8:00 PM IST Experience: 3–5 Years About the Role We are looking for a skilled Business Intelligence / Data Science Specialist with 3 to 5 years of experience to design, build, and maintain robust reporting solutions and analytics frameworks. In this role, you will bridge the gap between complex technical data systems and strategic business decisions, turning raw data into clear, actionable insights for key stakehol…",https://www.adzuna.in/land/ad/5879665881?se=wpAC7Ta78RG3jpCv9xpWmA&utm_medium=api&utm_source=0fd54924&v=F9E29EEA689E9617FBDD74921184FF4A8F5105CA
data scientist,Data Engineering Manager,Novartis,India,,,2026-09-19T00:27:46Z,"This job is with Novartis, an inclusive employer and a member of myGwork – the largest global platform for the LGBTQ business community. Please do not contact the recruiter directly. Summary As a Data Engineer Manager, you'll lead the data engineering team and support the data science and/or reporting & analytics team inbuilding scalable Commercial solutions to enhance the medical/sales representative actionable. You'll be at the forefront of cloud-based data integration, driving automation, qu…",https://www.adzuna.in/land/ad/5889709403?se=wpAC7Ta78RG3jpCv9xpWmA&utm_medium=api&utm_source=0fd54924&v=B376C5103A886BF683A1A26709AF5676B14AFB78
data scientist,Senior consultant-Business Analytics,Allianz Commercial,"Pune, Maharashtra",,,2026-09-16T22:34:59Z,"This job is with Allianz Commercial, an inclusive employer and a member of myGwork – the largest global platform for the LGBTQ business community. Please do not contact the recruiter directly. KEY REQUIREMENTS - A degree in a highly quantitative field such as Computer Science, Mathematics, Statistics or equivalent, postgraduate studies preferred Demonstrated experience in a Data Scientist role, applying Data Science Methods to solve real-world business problems within a commerical setting. Expe…",https://www.adzuna.in/land/ad/5886486753?se=wpAC7Ta78RG3jpCv9xpWmA&utm_medium=api&utm_source=0fd54924&v=8E0B3CAE6200E79B3DE6D4E1A63331F1D469A9D3
data scientist,Geographic Information System Developer,ClimaCrew,"Mumbai, Maharashtra",,,2026-09-17T07:18:24Z,"Company Description ClimaCrew Pvt Ltd is pioneering innovation in seaweed production with a focus on data, technology, and social sciences. Our mission is to position India as a key player in the global seaweed industry by leveraging an advanced technology platform that connects suppliers and buyers of diverse seaweed products. By addressing the growing global demand, our initiatives aim to create sustainable livelihood opportunities while fostering marine ecosystem resilience. We are committed…",https://www.adzuna.in/land/ad/5886986209?se=wpAC7Ta78RG3jpCv9xpWmA&utm_medium=api&utm_source=0fd54924&v=F6E6017A182BCB1416DE72810CF010C6373919CB
data scientist,Customer Analytics Specialist,EXL,India,,,2026-09-24T15:17:33Z,"Role Title: Customer Analytics Specialist At EXL, our collaboration is built on ongoing listening and learning to adapt our methodologies. We’re your business evolution partner—tailoring solutions that make the most of data to make better business decisions and drive more intelligence into your increasingly digital operations. Role Overview: We are seeking a highly skilled analytics professional who can independently design and execute end-to-end analytical solutions. This is a high-impact, hig…",https://www.adzuna.in/land/ad/5896612612?se=wpAC7Ta78RG3jpCv9xpWmA&utm_medium=api&utm_source=0fd54924&v=9141432BBC2A31D465739C6104E56D7BD8B1185B
data scientist,Assistant Professor in Computer Science & Engineering Dept,Invertis University,"Bareilly, Uttar Pradesh",,,2026-09-16T17:34:59Z,"Job description Role & responsibilities Deliver lectures, tutorials, and practical sessions for undergraduate and postgraduate (B.Tech, M.Tech, & Diploma) students in Computer Science & Engineering Department in AI&ML, Data Science & Big Data Analytics, Distributed Systems, Programming Languages , Cloud Computing Design, update, and develop curriculum and course materials for relevant subjects. Engage in academic planning and contribute to the development of new courses or programs. Participate…",https://www.adzuna.in/land/ad/5886099690?se=wpAC7Ta78RG3jpCv9xpWmA&utm_medium=api&utm_source=0fd54924&v=3C97F9B35B555EBBBC27B3415BE3E19D92F12A51
data scientist,Senior Data Engineer,WAISL Limited,"Delhi, India",,,2026-09-11T17:14:35Z,"Data Engineer Role Summary: The Data Engineer is the foundation of the AI CoE. You build and maintain the robust, scalable, and efficient data pipelines that feed clean, reliable data to the data scientists and ML models. You ensure that data is accessible, organized, and of high quality. Key Responsibilities: Design, construct, install, and maintain large-scale data processing systems and data lakes/warehouses. Build scalable and reliable ETL/ELT pipelines to ingest data from diverse sources. …",https://www.adzuna.in/land/ad/5879665935?se=wpAC7Ta78RG3jpCv9xpWmA&utm_medium=api&utm_source=0fd54924&v=05849A59983E29B603FE2D65164354B491FC58BB
data scientist,Azure Data Factory,Tata Consultancy Services,"Chennai, Tamil Nadu",,,2026-09-13T01:09:24Z,"Greetings from TCS! Job Title: Azure data factory Walkin Date: 19th Sep ‘26 Walkin Location: TCS -Magnum Block IT SEZ Phase-2, 200 Feet Radial Road, MCN Nagar Extension, Thoraipakkam, Chennai - 600097 Walkin Time: 9am-1pm Experience Range:4-10 yrs Job description: TCS has always been in the spotlight for being adept in the next big technologies. What we can offer you is a space to explore varied technologies and quench your techie soul. Responsibilities: Data Integration: Design, develop, and m…",https://www.adzuna.in/land/ad/5881767841?se=wpAC7Ta78RG3jpCv9xpWmA&utm_medium=api&utm_source=0fd54924&v=0D4BF2B482C0C3F48D9F6D48D8E5DDED066CFFBD
data scientist,Data analyst,Live Connections,"Chennai, Tamil Nadu",,,2026-09-18T17:30:22Z,3 to 8 years of relevant experience in Data Analytics BI Data Engineering or Data Science Advanced SQL including complex joins CTEs window functions and query performance optimization Hands on proficiency in at least one BI or visualization tool such as Power BI Tableau or Qlik Strong stakeholder management skills and proven ability to work with business teams to shape analytical solutions Python or equivalent scripting such as R or PySpark for data manipulation automation or analysis Good to H…,https://www.adzuna.in/land/ad/5889220796?se=wpAC7Ta78RG3jpCv9xpWmA&utm_medium=api&utm_source=0fd54924&v=DA2B7E776D183BB53842F894AF7B97E6948A3BB7
data scientist,Assistant Professor of Computer Science,Illinois Tech Mumbai,"Mumbai, Maharashtra",,,2026-09-11T17:17:10Z,"Location: Illinois Tech Mumbai, India About Illinois Tech Illinois Institute of Technology (Illinois Tech) is a private, Ph.D.-granting research university based in Chicago, USA, with globally recognized programs in architecture, engineering, computing, sciences, humanities and social sciences, psychology, business, law, and design. Illinois Tech is ranked 1 in Illinois and 23 nationally in The Wall Street Journal’s “America’s Best Colleges 2024.” Founded in 1890, Illinois Tech was born differe…",https://www.adzuna.in/land/ad/5879670937?se=wpAC7Ta78RG3jpCv9xpWmA&utm_medium=api&utm_source=0fd54924&v=A73F726A4D21ECC5D52C7FD3588FEE3623FD2C88
data scientist,Project Manager,Nuvo AI,"Valsad, Gujarat",,,2026-09-18T17:29:33Z,"About the Role Must-have experience Project management in Software Development Experience working on software platforms or scientific applications Strong understanding of drug-discovery workflows Experience coordinating Software Developers, Data Scientists, Computational Biologists/Chemists and Scientists Strong backend/software project understanding Ability to convert scientific requirements → technical requirements → development tasks Experience managing timelines, dependencies, risks, releas…",https://www.adzuna.in/land/ad/5889219761?se=wpAC7Ta78RG3jpCv9xpWmA&utm_medium=api&utm_source=0fd54924&v=AD58539ED3809950F1C90B1C3BDC2D42C82A179A
data scientist,Artificial Intelligence Intern,Meril,"Bangalore, Karnataka",,,2026-09-25T15:24:39Z,"Machine Learning Intern Location: Bangalore Employment Type: Internship Full-Time Opportunity: Based on performance About the Role We are looking for a highly motivated and analytical AI/ML & Strategy Exploration Intern to join our team. The role involves working with data, supporting Machine Learning activities, exploring data-driven strategies, and solving analytical problems. The ideal candidate should have strong problem-solving skills, fundamental knowledge of Machine Learning, and a good …",https://www.adzuna.in/land/ad/5898131359?se=wpAC7Ta78RG3jpCv9xpWmA&utm_medium=api&utm_source=0fd54924&v=96C76A8F6D1FF518FE2E82F8D4E1A5BFC05A9673
data scientist,CDP-Data Engineer,Americana Restaurants,India,,,2026-09-11T17:12:54Z,"As a Customer Data Platform (CDP) Engineer , you will play a key role in building and optimizing customer data ecosystems that power personalization, analytics, and marketing initiatives. Key Responsibilities: Design, build, and maintain scalable ELT/data pipelines for customer data ingestion, transformation, and processing. Drive customer data unification and identity resolution to create accurate 360° customer profiles. Develop and enhance customer segmentation models to enable targeted marke…",https://www.adzuna.in/land/ad/5879662996?se=wpAC7Ta78RG3jpCv9xpWmA&utm_medium=api&utm_source=0fd54924&v=D743284BC305960BCA8AAAEC5AC58297AA59C220
data scientist,Data Engineer,Tata Consultancy Services,India,,,2026-09-02T21:45:17Z,"Dear Candidate, We have face to face interview @ Gurgaon 5th Sep,2026 Experience : 5-10yrs Please apply if you are interested and available for in person interview. Skills: 1.Data Engineer – Python PySpark, SQL, AWS 2.Data Analyst-Power BI, SQL, Statistical skill 3.Sr. Java Engineers-Microservices, Kafka 4.Data Scientist 5.Data Modeler 6.Data Engineer – Databricks, Splunk 7.AWS DevOps Engineer 8.Smart Comm Developer",https://www.adzuna.in/land/ad/5867263507?se=wpAC7Ta78RG3jpCv9xpWmA&utm_medium=api&utm_source=0fd54924&v=D8AC08290284E56445A4F253FABC0AF5EE2DE3F8
data scientist,Data Engineer,Talink,"Chandigarh, India",,,2026-09-20T17:32:30Z,"We’re Hiring: Data Engineer | Mid-Level We’re looking for a Data Engineer with 3–5 years of experience to join our team and help build an end-to-end data pipeline and storage solution. This is a great opportunity for someone who enjoys working hands-on with data — building scalable pipelines, transforming unstructured data into analytics-ready datasets, and creating the data foundations that support both business analytics and data science . What you’ll be working on: • Design, build and maint…",https://www.adzuna.in/land/ad/5891690253?se=wpAC7Ta78RG3jpCv9xpWmA&utm_medium=api&utm_source=0fd54924&v=1B62A213463B2B2814234F68EB0ACCF9543B78A6
data scientist,Senior Data Analyst,Kamakhya Analytics Private Limited,"Bangalore, Karnataka",,,2026-09-14T01:11:06Z,"JOB DESCRIPTION - SENIOR DATA ANALYST Location: Bangalore-Hybrid Department : Analytics Team : Survey Insights and Reporting About the Company: Kamakhya Analytics is a technology-driven research and consulting organisation helping leaders, parties, and institutions decode India’s political and policy landscape. We bring together survey science, data analytics, and strategic insight to answer complex questions about public opinion, governance, and performance. From ground-level fieldwork to adva…",https://www.adzuna.in/land/ad/5882861190?se=wpAC7Ta78RG3jpCv9xpWmA&utm_medium=api&utm_source=0fd54924&v=3F4E1282AEE628212FB0C68C1A0A7BC1BFA2E50F
data scientist,Azure Data Engineer,Recro,India,,,2026-09-16T17:28:31Z,"About the job We are seeking a skilled Azure Data Engineer with expertise in data engineering, cloud solutions, and experience with data pipeline development using Azure services. You will play a key role in designing and implementing scalable data solutions that drive insights and business decisions for our clients. Position-Azure Data Engineer Experience: 7 years Location: Hybrid- Hyderabad/ Bangalore/Pune Mandatory Skills: ADF, SQL, Pyspark, Python, Databricks Key Responsibilities Design, de…",https://www.adzuna.in/land/ad/5886096552?se=wpAC7Ta78RG3jpCv9xpWmA&utm_medium=api&utm_source=0fd54924&v=F5C353AD4FCD7565CF0925133B74A7EEAA1984C2
data scientist,Fashion Buying and Merchandising (E-Commerce/ AI/ Fashion design),PeopleGene,"Bangalore, Karnataka",,,2026-09-13T01:10:22Z,"Responsibilities: Lead end-to-end buying activities, including assortment planning, vendor selection, price negotiation, and purchase order management for fashion categories. Manage a team of Fashion Designers & work in close collaboration with data science, and operations teams to build AI-informed assortments that meet customer demand and margin targets. Analyze sales and customer data, identifying trends, planning seasonal and core collections, and optimizing inventory levels across channels…",https://www.adzuna.in/land/ad/5881771030?se=wpAC7Ta78RG3jpCv9xpWmA&utm_medium=api&utm_source=0fd54924&v=53ABCA5C56708A1F564B51013B2163707CDE467D
data scientist,Azure Data Engineer,KPI Partners,"Bangalore, Karnataka",,,2026-09-11T17:11:34Z,"KPI Partners is seeking a skilled Azure Data Engineer with expertise in data engineering, cloud solutions, and experience with data pipeline development using Azure services. You will play a key role in designing and implementing scalable data solutions that drive insights and business decisions for our clients. Position-Azure Data Engineer Experience: 7 years Location: Hybrid- Hyderabad/ Bangalore/Pune Mandatory Skills: ADF, SQL, Pyspark, Python, Databricks Key Responsibilities Design, develop…",https://www.adzuna.in/land/ad/5879658434?se=wpAC7Ta78RG3jpCv9xpWmA&utm_medium=api&utm_source=0fd54924&v=33A7B39D491DD12E54B73177D290BEBE4205F25E
data scientist,Quantitative Researcher,Alpha Alternatives,"Mumbai, Maharashtra",,,2026-09-19T23:26:23Z,"ABOUT THE ROLE We are looking for a Full-time Quantitative Researcher to join our quantitative investment team. You will research, build and test systematic investment signals and strategies, working directly with the Fund Manager, and use modern data science and AI tools to do it faster and better. KEY RESPONSIBILITIES Research: Generate and test new investment ideas and signals using market, fundamental, derivatives and alternative data. Build: Turn ideas into clean, reproducible Python code …",https://www.adzuna.in/land/ad/5890896664?se=wpAC7Ta78RG3jpCv9xpWmA&utm_medium=api&utm_source=0fd54924&v=D8B23478D3497DBD2A65A8411D54FCFC256DA110
data scientist,Senior Data Engineer (India - Remote),Anson McCade,India,,,2026-09-25T01:52:32Z,"Confidential opportunity with a global strategy firm Our client is looking for an experienced Senior Data Engineer to join a high-performing engineering team delivering modern data and technology solutions for some of the world’s largest organisations. This is a hands-on engineering role, working across the full data engineering lifecycle — from designing and developing data platforms and pipelines through to optimisation, deployment and production support. You’ll work alongside data scientists…",https://www.adzuna.in/land/ad/5897294628?se=wpAC7Ta78RG3jpCv9xpWmA&utm_medium=api&utm_source=0fd54924&v=EFB4753992C9E951231521F683D3EEC99735998A
data scientist,"Business Management Analyst, AVP",Deutsche Bank,"Mumbai, Maharashtra",,,2026-09-03T04:36:51Z,"This job is with Deutsche Bank, an inclusive employer and a member of myGwork – the largest global platform for the LGBTQ business community. Please do not contact the recruiter directly. Position Overview Role Description We are looking for an expert and forward-thinking Data Scientist/Expert to shape and deliver strategic COO initiatives, operating model improvements and process excellence priorities across the Private Bank. Role requires understanding the project requirement & the process fl…",https://www.adzuna.in/land/ad/5867726679?se=wpAC7Ta78RG3jpCv9xpWmA&utm_medium=api&utm_source=0fd54924&v=2488F69520E1565C12B6D1C35698E26B8FF6D9E2
data scientist,Staff AI Developer,Thermo Fisher Scientific,"Bangalore, Karnataka",,,2026-09-16T22:34:59Z,"This job is with Thermo Fisher Scientific, an inclusive employer and a member of myGwork – the largest global platform for the LGBTQ business community. Please do not contact the recruiter directly. Work Schedule Standard (Mon-Fri) Environmental Conditions Office Job Description As part of the Thermo Fisher Scientific team, you’ll discover meaningful work that makes a positive impact on a global scale. Join our colleagues in bringing our Mission to life every single day to enable our customers …",https://www.adzuna.in/land/ad/5886486783?se=wpAC7Ta78RG3jpCv9xpWmA&utm_medium=api&utm_source=0fd54924&v=6B02C61BF14692B5AB5E71376A86FB140ED27EB3
data scientist,Senior Sales Engineer,Quantiphi,"Bangalore, Karnataka",,,2026-09-24T01:46:54Z,"Designation: Senior Sales Engineer/ Associate Client Solutions Partner Experience Level: 3-8 Years Location: Mumbai / Bangalore Role & Responsibilities: As part of the core sales team of Quantiphi, the Sales Engineer will be responsible for execution of the end-to-end sales process in a B2B environment. Your responsibilities will include: ● Take ownership for enhancing the customer experience, assisting customers by utilizing consultative selling practices and guidelines to identify their needs…",https://www.adzuna.in/land/ad/5895599327?se=wpAC7Ta78RG3jpCv9xpWmA&utm_medium=api&utm_source=0fd54924&v=765E79EC6AF5821DC655CC9D9062B132AA49B180
data scientist,Senior Sales Engineer,Quantiphi,"Mumbai, Maharashtra",,,2026-09-24T01:47:09Z,"Designation: Senior Sales Engineer/ Associate Client Solutions Partner Experience Level: 3-8 Years Location: Mumbai / Bangalore Role & Responsibilities: As part of the core sales team of Quantiphi, the Sales Engineer will be responsible for execution of the end-to-end sales process in a B2B environment. Your responsibilities will include: ● Take ownership for enhancing the customer experience, assisting customers by utilizing consultative selling practices and guidelines to identify their needs…",https://www.adzuna.in/land/ad/5895599378?se=wpAC7Ta78RG3jpCv9xpWmA&utm_medium=api&utm_source=0fd54924&v=808F484460E10D8314B92BAB902EA8E787FB58FC
data scientist,Senior Data Engineer,Olympus Corporation,"Hyderabad, Telangana",,,2026-09-01T16:20:06Z,"The Global Insights & Analytics team at Olympus Corporation helps define and lead the transformation towards becoming a global, data-driven MedTech company with the help of data and modern data technologies (e.g., machine learning, deep learning). To us, data and advanced analytics are important levers to reach our business targets, now and in the future; they help differentiate us from our competition and ensure sustainable revenue growth at optimal margins. The Senior Data Solutions and Cloud…",https://www.adzuna.in/land/ad/5864423067?se=wpAC7Ta78RG3jpCv9xpWmA&utm_medium=api&utm_source=0fd54924&v=6A43B7FEB7185C3C5C9FCF35B22F632972F062EA
data scientist,Manager-Data Engineering,Moody's,"Bangalore, Karnataka",,,2026-08-28T18:11:39Z,"This job is with Moody's, an inclusive employer and a member of myGwork – the largest global platform for the LGBTQ business community. Please do not contact the recruiter directly. At Moody's, we unite the brightest minds to turn today’s risks into tomorrow’s opportunities. We do this by striving to create an inclusive environment where everyone feels welcome to be who they are—with the freedom to exchange ideas, think innovatively, and listen to each other and customers in meaningful ways. Mo…",https://www.adzuna.in/land/ad/5859662512?se=2iB37ja78RGV2Kx8uUfkiA&utm_medium=api&utm_source=0fd54924&v=3ACAADBE855679B1D0CC1872AC54B2D07797CB67
data scientist,Data Engineer,ConveGenius.AI,"Ranchi, Jharkhand",,,2026-09-25T01:56:59Z,"Role Summary We are looking for a skilled Data Engineer to design, build, and maintain our core data infrastructure. In this role, you will make data clean, reliable, and accessible. You will work closely with data scientists, analysts, and product teams to power business intelligence and machine learning initiatives. Key Responsibilities Pipeline Development: Build, test, and maintain scalable ETL (Extract, Transform, Load) pipelines to move data from various sources into centralized storage. …",https://www.adzuna.in/land/ad/5897296089?se=2iB37ja78RGV2Kx8uUfkiA&utm_medium=api&utm_source=0fd54924&v=C29CE85BF67D89A5F4B6D898975FB38052CCAA05
data scientist,Project Leader/Manager - Patient Analytics  Predictive Modeling,Axtria - Ingenious Insights,"Bangalore, Karnataka",,,2026-09-18T23:25:24Z,"Axtria is a global provider of award-winning cloud software and data analytics to the life sciences industry. The company enables pharmaceutical, medical device, and diagnostics organizations to transform product commercialization and improve healthcare outcomes worldwide. Job Title- Project Lead/Manage, Patient Predictive Analytics Location: Gurgaon / Noida / Bangalore / Pune / Hyderabad Job Summary : Responsible for data science solutioning (predictive analytics, clustering, segmentation, loo…",https://www.adzuna.in/land/ad/5889684928?se=2iB37ja78RGV2Kx8uUfkiA&utm_medium=api&utm_source=0fd54924&v=89B7ABB1708742570BD355FB4019AA1866FE925A
data scientist,"Senior Manager, Data Solutions & Analytics",Standard Chartered Bank,"Bangalore, Karnataka",,,2026-09-25T16:34:54Z,"This job is with Standard Chartered Bank, an inclusive employer and a member of myGwork – the largest global platform for the LGBTQ business community. Please do not contact the recruiter directly. Job Summary Senior Manager - Data Solution & Data Science Leading the way in International Banking. We support the people and companies driving investment, trade and wealth creation across Asia, Africa and the Middle East. And our heritage and values are expressed in our brand promise - here for good…",https://www.adzuna.in/land/ad/5898262824?se=2iB37ja78RGV2Kx8uUfkiA&utm_medium=api&utm_source=0fd54924&v=8E1C8D39E155EC046218F81126B23F796F7373BE
data scientist,Pyspark Role,Tata Consultancy Services,"Hyderabad, Telangana",,,2026-09-12T01:04:56Z,"Open Position for Pyspark We are seeking an experienced AWS Data Engineer to design, develop, and maintain scalable data solutions on the Amazon Cloud Platform (AWS). The ideal candidate will have strong expertise in building modern data pipelines, data warehousing, big data processing, and cloud-native analytics solutions. The role requires close collaboration with business stakeholders, data architects, data scientists, and application teams to deliver reliable and high-performance data platf…",https://www.adzuna.in/land/ad/5880064440?se=2iB37ja78RGV2Kx8uUfkiA&utm_medium=api&utm_source=0fd54924&v=5ECB0AE2BD3ABA11AB908F132B9302F7186DE2F1
data scientist,Artificial Intelligence Specialist,Infosys Finacle,"Bangalore, Karnataka",,,2026-09-18T17:31:08Z,"Job Summary: We are seeking a highly experienced and innovative Senior Data Scientist / AI Specialist to join our team. The ideal candidate will have a strong background in statistical analysis, machine learning, and AI model deployment. You will work on cutting-edge AI solutions, collaborate with industry leaders, and contribute to transformative projects that drive business impact. Key Responsibilities: Develop and implement advanced AI algorithms and statistical models Collaborate with cross…",https://www.adzuna.in/land/ad/5889222402?se=2iB37ja78RGV2Kx8uUfkiA&utm_medium=api&utm_source=0fd54924&v=A9DE12904D402F520BC0EC9ECF29E12E2386BF1C
data scientist,Python with Django - Python with Django L3 (5.1-7 years),Capco,"Chennai, Tamil Nadu",,,2026-09-13T04:24:18Z,"This job is with Capco, an inclusive employer and a member of myGwork – the largest global platform for the LGBTQ business community. Please do not contact the recruiter directly. About Us “Capco, a Wipro company, is a global technology and management consulting firm. Awarded with Consultancy of the year in the British Bank Award and has been ranked Top 100 Best Companies for Women in India 2022 by Avtar & Seramount . With our presence across 32 cities across globe, we support 100 clients acros…",https://www.adzuna.in/land/ad/5881877312?se=2iB37ja78RGV2Kx8uUfkiA&utm_medium=api&utm_source=0fd54924&v=978F5B1E6AD56BB77EDF6E3F498916AE312AE485
data scientist,Assistant Professor,Galgotias University,"Noida, Ghaziabad",,,2026-09-04T16:57:29Z,"Galgotias University is inviting applications for the position of Assistant Professor – Computer Science & Engineering (CSE) in the School of Computing Science & Engineering, Greater Noida . The university’s current openings include Assistant Professor positions in areas such as AI/ML, Data Science, Cyber Security, Blockchain, Cloud Computing, IoT, Robotics, AR/VR, Full Stack Development and related computing domains. Eligibility B.TechM.Tech Interested Candidtes may share their resume at shwet…",https://www.adzuna.in/land/ad/5870527521?se=2iB37ja78RGV2Kx8uUfkiA&utm_medium=api&utm_source=0fd54924&v=EEFC508F380C673CC8A2A894A43E1A0541384480
data scientist,Data Annotation Engineer,Tonbo Imaging,"Bangalore, Karnataka",,,2026-09-26T15:25:41Z,"Role: Data Annotation Engineer Location: Bengaluru (with travel as required) Type: Full-time Summary We're looking for a detail-oriented Data Annotation Engineer with experience in image and video annotation to join our team. In this role, you'll annotate image data used to train and test machine learning models supporting defense applications. The position involves significant time at client’s location and frequent travel for on-site data collection. If you have strong attention to detail and …",https://www.adzuna.in/land/ad/5899510237?se=2iB37ja78RGV2Kx8uUfkiA&utm_medium=api&utm_source=0fd54924&v=0EA97DD859FA54AEB0A74BE47ACA583D1FD06A38
data scientist,GTM Data & AI Analyst - Night Shift,Orcaworks,"Hyderabad, Telangana",,,2026-09-11T17:13:38Z,"Key Responsibilities: Analyze account, prospect, pipeline, and market data to identify trends, opportunities, and gaps. Build and maintain datasets for account prioritization, segmentation, prospecting, and GTM planning . Use AI and data tools to enrich accounts, research companies, identify buying signals, and improve lead intelligence. Develop and refine ICP models, account scoring, segmentation, and prioritization frameworks . Analyze sales funnel performance, conversion rates, pipeline move…",https://www.adzuna.in/land/ad/5879665110?se=2iB37ja78RGV2Kx8uUfkiA&utm_medium=api&utm_source=0fd54924&v=F8882EAC34301360D7E0318E9721F6B941F223E8
data scientist,Assistant/Associate Professor - AI/ML (Sonipat),Newton School of Technology,"Sonipat, Haryana",,,2026-09-25T01:52:57Z,"About Newton: Newton School of Technology (NST) is a new-age institution redefining technical education in India. Founded by IIT alumni, NST offers a 4-year B.Tech in Computer Science and AI, focused on hands-on learning and deep industry integration. Within two years, over 93% of students have secured paid internships with companies like Razorpay, SarvamAI, and DRDO, along with global exposure through tech treks to Singapore and Silicon Valley. Led by a distinguished faculty comprising ICPC Wo…",https://www.adzuna.in/land/ad/5897294723?se=2iB37ja78RGV2Kx8uUfkiA&utm_medium=api&utm_source=0fd54924&v=017FA6CE01D15D5918A4C2EF3ECFAA6E3120E467
data scientist,Assistant/Associate Professor - AI/ML (Pune),Newton School of Technology,India,,,2026-09-24T15:17:54Z,"About Newton: Newton School of Technology (NST) is a new-age institution redefining technical education in India. Founded by IIT alumni, NST offers a 4-year B.Tech in Computer Science and AI, focused on hands-on learning and deep industry integration. Within two years, over 93% of students have secured paid internships with companies like Razorpay, SarvamAI, and DRDO, along with global exposure through tech treks to Singapore and Silicon Valley. Led by a distinguished faculty comprising ICPC Wo…",https://www.adzuna.in/land/ad/5896612958?se=2iB37ja78RGV2Kx8uUfkiA&utm_medium=api&utm_source=0fd54924&v=01D5831CC92F1BDCD67F36E2F755EA064E081B80
data scientist,Data Engineer,iConsultera,India,,,2026-09-28T02:04:23Z,"Job Summary We are seeking a skilled Data Engineer to design, build, and maintain scalable data pipelines and data infrastructure that support business intelligence, analytics, and machine learning initiatives. The ideal candidate will have experience with ETL processes, data warehousing, cloud platforms, and big data technologies. This remote role requires strong programming skills, expertise in SQL, and the ability to collaborate with data analysts, data scientists, and software engineering t…",https://www.adzuna.in/land/ad/5900876540?se=2iB37ja78RGV2Kx8uUfkiA&utm_medium=api&utm_source=0fd54924&v=5B05A3857453502D75B5DA200D45FD8F24206701
data scientist,Assistant Professor of Computer Science,"SRM Institute of Science and Technology, Kattankulathur Campus",India,,,2026-09-17T07:18:46Z,"SRM Institute of Science & Technology, Kattankulathur Campus, Chengalpattu Opening in School of Computing under 4 departments Computing Technologies Computational Intelligence Network and Communications Data Science and Business Systems Opening for Assistant Professor Experience - 0 to 18 years can apply Ph.D Specialization in CSE, IT, AI, ICE, Machine learning & Deep learning techniques. UG any degree, PG in M.E or M.Tech related to computer Science background. Note: Ph.D completed or Thesis S…",https://www.adzuna.in/land/ad/5886986225?se=2iB37ja78RGV2Kx8uUfkiA&utm_medium=api&utm_source=0fd54924&v=D79130AF02985EA161CEA1BB75BBB34B8A7AB184
data scientist,Senior Insights Analyst,WPP Production,"Chennai, Tamil Nadu",,,2026-08-12T01:59:33Z,"This job is with WPP Production, an inclusive employer and a member of myGwork – the largest global platform for the LGBTQ business community. Please do not contact the recruiter directly. About WPP Production We are WPP Production - the unified global production company that brings together all of WPP's content producers, studios and craft experts into one connected organisation. We combine world-class human craft with next generation technology to originate, design, and deliver multi-channel …",https://www.adzuna.in/land/ad/5837139342?se=2iB37ja78RGV2Kx8uUfkiA&utm_medium=api&utm_source=0fd54924&v=47C602DFE911D6A3DF5B8EE92A73942F0A173739
data scientist,Supply Chain COE Capability Lead Role,Biocon Biologics,"Bangalore, Karnataka",,,2026-09-22T23:36:20Z,"At Biocon Biologics, we are creating a model for the future of healthcare for all. We are a leading company in the biosimilars revolution where patients come first. Our ambition is to impact a billion lives and we do this by fostering a culture of affordable innovation, patient centricity and disruptive thinking. We are a multicultural global company where employees have a purpose and passion to work closely with partners and patients. We have proven end to end expertise in the field of biosimi…",https://www.adzuna.in/land/ad/5894224956?se=2iB37ja78RGV2Kx8uUfkiA&utm_medium=api&utm_source=0fd54924&v=91036D13017E613E4DF36456703B6B2D9FEE5D11
data scientist,Assistant Professor,"Birla Institute of Technology and Science, Pilani","Bangalore, Karnataka",,,2026-08-18T17:10:41Z,"Post / Job Title: Assistant Professor Job Type: Full Time No. of Positions : 4 Department : Academic Location: Bangalore Role Overview: The incumbent will play a pivotal role in shaping and delivering high-quality, industry-aligned educational content for our online courses and programmes. The role will include curriculum development, teaching, assessment, and ensuring the overall quality of programme delivery. Faculty members will also manage a large pool of guest/adjunct faculty and teaching …",https://www.adzuna.in/land/ad/5846663519?se=2iB37ja78RGV2Kx8uUfkiA&utm_medium=api&utm_source=0fd54924&v=D43032F56152A49A75402D2CD148527A014441BD
data scientist,"Business Management Analyst, AS",Deutsche Bank,"Mumbai, Maharashtra",,,2026-09-03T04:37:22Z,"This job is with Deutsche Bank, an inclusive employer and a member of myGwork – the largest global platform for the LGBTQ business community. Please do not contact the recruiter directly. Position Overview Role Description We are looking for an expert and forward-thinking Data Scientist/Analyst to shape and deliver strategic COO initiatives, operating model improvements and process excellence priorities across the Private Bank. Role requires understanding the project requirement & the process f…",https://www.adzuna.in/land/ad/5867727348?se=2iB37ja78RGV2Kx8uUfkiA&utm_medium=api&utm_source=0fd54924&v=FB650AE0C5A0F639A3230D36D3A8F41BB48A14B8
data scientist,CDP-Tech Data Analyst,Americana Restaurants,India,,,2026-09-11T17:16:03Z,"What You Bring Bachelor's degree in computer science, Engineering, Data Science, or (master's degree ). . Strong analytical and problem-solving skills with keen attention to detail. Proficiency in data analysis tools and languages (e.g., SQL, Presto, Hive, Python, R, etc.). Solid understanding of data structures and adept query construction skills. Strong SQL , Presto, Hive experience. Deep understanding of a range of customer data sources. Excellent communication and collaboration skills. Abil…",https://www.adzuna.in/land/ad/5879667961?se=2iB37ja78RGV2Kx8uUfkiA&utm_medium=api&utm_source=0fd54924&v=7F7E3F80F5B4C45D17D9C96C321C24C037A9F1FE
data scientist,AI PROJECT Manager,Tekskills Inc.,"Hyderabad, Telangana",,,2026-09-13T01:09:01Z,"AI Project Manager Experience: 10-15 years Candidate experience and seniority AI/GenAI project experience Technical expertise Client-facing responsibilities We are looking for an experienced AI Project Manager to lead the planning, execution, and delivery of AI/ML projects. The ideal candidate will have strong project management skills along with a good understanding of AI technologies, data, software development, and cross-functional team coordination. The candidate will work closely with busi…",https://www.adzuna.in/land/ad/5881766635?se=2iB37ja78RGV2Kx8uUfkiA&utm_medium=api&utm_source=0fd54924&v=5D6920E0D9D1F6F6BA2C3996A25BB0D3C74E60FD
data scientist,Spark / Scala Data Engineer,Tata Consultancy Services,"Bangalore, Karnataka",,,2026-09-24T15:18:43Z,"Dear Professionals, Greetings from Tata Consultancy Services (TCS) Job Title : Spark / Scala Data Engineer Experience : 6- 10 Years Location: Hyderabad/Bangalore Job Requirements ; We are seeking an experienced Scala / Pyspark associate to design, develop, and maintain scalable data solutions on the Amazon Cloud Platform (AWS). The ideal candidate will have strong expertise in building modern data pipelines, data warehousing, big data processing, and cloud-native analytics solutions. The role r…",https://www.adzuna.in/land/ad/5896614104?se=2iB37ja78RGV2Kx8uUfkiA&utm_medium=api&utm_source=0fd54924&v=1EB49353C53546580E71D5C5C0F9255A8D71E33E
data scientist,Pyspark Data Engineer,Tata Consultancy Services,"Bangalore, Karnataka",,,2026-09-18T17:29:36Z,"Dear Professionals, Greetings from Tata Consultancy Services (TCS) Job Title : Pyspark Data Engineer Experience : 6- 10 Years Location: Hyderabad/ Pune/ Chennai/ Bangalore Job Requirements ; We are seeking an experienced AWS Data Engineer to design, develop, and maintain scalable data solutions on the Amazon Cloud Platform (AWS). The ideal candidate will have strong expertise in building modern data pipelines, data warehousing, big data processing, and cloud-native analytics solutions. The role…",https://www.adzuna.in/land/ad/5889219840?se=2iB37ja78RGV2Kx8uUfkiA&utm_medium=api&utm_source=0fd54924&v=A96BB416B6A53AB6730051D62C4DF234C3B2D835
data scientist,Analytics Senior Manager - Risk & Controls,Wise,"Hyderabad, Telangana",,,2026-08-28T08:11:46Z,"This job is with Wise, an inclusive employer and a member of myGwork – the largest global platform for the LGBTQ business community. Please do not contact the recruiter directly. Wise is a global technology company, building the best way to move and manage the world’s money. Min fees. Max ease. Full speed. Whether people and businesses are sending money to another country, spending abroad, or making and receiving international payments, Wise is on a mission to make their lives easier and save t…",https://www.adzuna.in/land/ad/5859162456?se=2iB37ja78RGV2Kx8uUfkiA&utm_medium=api&utm_source=0fd54924&v=BF15CD28F34C58331A5CFF3143E3263AC04449E4
data scientist,Senior – Data Architect,Kraft Heinz,"Bangalore, Karnataka",,,2026-09-11T02:23:33Z,"This job is with Kraft Heinz, an inclusive employer and a member of myGwork – the largest global platform for the LGBTQ business community. Please do not contact the recruiter directly. Job Description SENIOR DATA ARCHITECT Finance, Master Data & S4 Kraft Heinz | Enterprise Data & Analytics Function Enterprise Data & Analytics / IT Reports To Group Lead Data Products & Platforms POSITION OVERVIEW The Senior Data Architect - S/4HANA Analytics owns the design, governance, and quality of domain-sp…",https://www.adzuna.in/land/ad/5878873564?se=2iB37ja78RGV2Kx8uUfkiA&utm_medium=api&utm_source=0fd54924&v=6055824063B70A2C01FFEA9C3559F178589D2DDE
data scientist,Data Architect,Kraft Heinz,"Bangalore, Karnataka",,,2026-09-18T14:36:20Z,"This job is with Kraft Heinz, an inclusive employer and a member of myGwork – the largest global platform for the LGBTQ business community. Please do not contact the recruiter directly. Job Description Data Architect General Information Role Description: This position assists in implementing data architecture at Kraft Heinz for a sub-domain , ensuring assigned data assets are properly organized, structured, and secured. Collaborates with teams to support seamless data accessibility while adheri…",https://www.adzuna.in/land/ad/5888968611?se=2iB37ja78RGV2Kx8uUfkiA&utm_medium=api&utm_source=0fd54924&v=F8A9612FD087C141BFEA109734EBAE584A187352
data scientist,SR BUSINESS INTELLIGENCE ANALYST,TE Connectivity,"Bangalore, Karnataka",,,2026-09-17T08:31:14Z,"This job is with TE Connectivity, an inclusive employer and a member of myGwork – the largest global platform for the LGBTQ business community. Please do not contact the recruiter directly. At TE, you will unleash your potential working with people from diverse backgrounds and industries to create a safer, sustainable and more connected world. Job Overview This role is responsible for driving advanced analytics, AI, and machine learning solutions to improve Supply Chain performance and decision…",https://www.adzuna.in/land/ad/5887061515?se=2iB37ja78RGV2Kx8uUfkiA&utm_medium=api&utm_source=0fd54924&v=44E757BF4FB5655F3A273205D06B8CD58EB6503C
data scientist,Corporate Relations Manager,upGrad,India,,,2026-09-11T17:13:03Z,"About upGrad Founded in 2015, upGrad is Asia’s largest integrated Learning, Skilling, Workforce Development, and Placement company. Its offerings include online and hybrid degrees, study abroad programs, certifications, bootcamps, and doctorates for working professionals. Through its B2B arm, upGrad also provides enterprise training, recruitment, and staffing services. With 10M learners across 100 countries, 300 global university partners, 2,500 pathway connections, and 20,000 recruitment partn…",https://www.adzuna.in/land/ad/5879663223?se=2iB37ja78RGV2Kx8uUfkiA&utm_medium=api&utm_source=0fd54924&v=96CDA4ACED217CFFC2AB2132A4F4ABD05A8D2A4F
data scientist,Software Associate,Tata Consultancy Services,India,,,2026-09-18T17:32:39Z,"Job Requirements* We are seeking an experienced Scala / Pyspark associate to design, develop, and maintain scalable data solutions on the Amazon Cloud Platform (AWS). The ideal candidate will have strong expertise in building modern data pipelines, data warehousing, big data processing, and cloud-native analytics solutions. The role requires close collaboration with business stakeholders, data architects, data scientists, and application teams to deliver reliable and high-performance data platf…",https://www.adzuna.in/land/ad/5889223712?se=2iB37ja78RGV2Kx8uUfkiA&utm_medium=api&utm_source=0fd54924&v=B8D42305F29D61897A077133E6A133F1831D03F5
data scientist,Certified Workday Consultant,JMAN Group,"Chennai, Tamil Nadu",,,2026-09-07T00:58:49Z,"ABOUT JMAN: JMAN Group is a fast-growing data engineering & data science consultancy . We work primarily with Private Equity Funds and their Portfolio Companies to create commercial value using Data & Artificial Intelligence. In addition, we also work with growth businesses, large corporates, multinationals, and charities. We are headquartered in London with Offices in New York, London and Chennai. Our team of over 450 people is a unique blend of individuals with skills across commercial consul…",https://www.adzuna.in/land/ad/5873278272?se=2iB37ja78RGV2Kx8uUfkiA&utm_medium=api&utm_source=0fd54924&v=FF391BFE5B89695002D328F3A959B3C4ED9639BB
data scientist,Azure data engineer - F2F discussion - Chennai,Tata Consultancy Services,"Chennai, Tamil Nadu",,,2026-09-02T16:42:44Z,"Greetings from Tata Consultancy Services (TCS) What we are looking for: Azure data engineer Location : Chennai Interview Mode : F2F discussion Exp : 5 Years Design, develop, and maintain scalable data pipelines and data integration solutions using Azure cloud services. Build and manage ETL/ELT processes using Azure Data Factory (ADF), Azure Databricks, and Azure Synapse Analytics . Develop and optimize data lakes and data warehouses using Azure Data Lake Storage (ADLS), Synapse, and SQL databas…",https://www.adzuna.in/land/ad/5867036131?se=2iB37ja78RGV2Kx8uUfkiA&utm_medium=api&utm_source=0fd54924&v=C48C5706049EB6DA33F6189F3349ED33FD35CA25
data scientist,Lead Data Engineer,McCormick & Company,India,,,2026-09-25T15:21:04Z,"This role will be accountable for building and maintaining scalable data pipelines from source systems. The Data Engineer will ensure the availability, reliability, and performance of data products by integrating raw data from various sources. Key responsibilities include data modeling, ETL (Extract, Transform, Load) development, and ensuring data quality and security. This role will be accountable for data coming in from 5-10 source systems. Design and Execute • Partner with data product manag…",https://www.adzuna.in/land/ad/5898126207?se=2iB37ja78RGV2Kx8uUfkiA&utm_medium=api&utm_source=0fd54924&v=BEEDBDD725C8DF2A2ED3F7FE64DD70C7DAEF2938
data scientist,Senior Data Engineer,Cornerstone OnDemand,"Hyderabad, Telangana",,,2026-08-14T14:19:22Z,"This job is with Cornerstone OnDemand, an inclusive employer and a member of myGwork – the largest global platform for the LGBTQ business community. Please do not contact the recruiter directly. We are seeking a talented Senior Data Engineer in India. The right candidate has strong communication skills, passion for solving business problems with data and has domain knowledge in Finance, Human Resources, and Customer Success. You have empathy, curiosity and desire to improve and constantly learn…",https://www.adzuna.in/land/ad/5841509271?se=2iB37ja78RGV2Kx8uUfkiA&utm_medium=api&utm_source=0fd54924&v=79C7894BF01ADAAC3675B837FB4EFBB73CE628B1
data scientist,Software Associate,Tata Consultancy Services,"Hyderabad, Telangana",,,2026-09-24T15:17:46Z,"We are seeking an experienced Scala / Pyspark associate to design, develop, and maintain scalable data solutions on the Amazon Cloud Platform (AWS). The ideal candidate will have strong expertise in building modern data pipelines, data warehousing, big data processing, and cloud-native analytics solutions. The role requires close collaboration with business stakeholders, data architects, data scientists, and application teams to deliver reliable and high performance data platforms. Key Responsi…",https://www.adzuna.in/land/ad/5896612832?se=2iB37ja78RGV2Kx8uUfkiA&utm_medium=api&utm_source=0fd54924&v=59A3A3C2909E4F6A748309C62F082F657A90697F
data scientist,Senior Data Engineer - L3,Wayfair,"Bangalore, Karnataka",,,2026-09-13T17:19:03Z,"Candidates for this position are preferred to be based in Bangalore, India and will be expected to comply with their team's hybrid work schedule requirements. About the Role : As a Senior Data Engineer, you will be part of the Data Engineering team with this role being inherently multi-functional, and the ideal candidate will work with Client Experience, Data Scientist, Analysts, Application teams across the company, as well as all other Data Engineering squads at Wayfair. We are looking for so…",https://www.adzuna.in/land/ad/5882593345?se=2iB37ja78RGV2Kx8uUfkiA&utm_medium=api&utm_source=0fd54924&v=95D237BF5FF57271D96A5F37A626ADFC65C137CB
data scientist,Quantitative Research Analyst,Kamakhya Analytics Private Limited,"Bangalore, Karnataka",,,2026-09-14T01:12:55Z,"JOB DESCRIPTION - Quantative Research Analyst Location: Bangalore-Hybrid Department/Team: Analytics/Index and Policy About the Company: Kamakhya Analytics is a technology-driven research and consulting organisation helping leaders, parties, and institutions decode India’s political and policy landscape. We bring together survey science, data analytics, and strategic insight to answer complex questions about public opinion, governance, and performance. From ground-level fieldwork to advanced mod…",https://www.adzuna.in/land/ad/5882862316?se=2iB37ja78RGV2Kx8uUfkiA&utm_medium=api&utm_source=0fd54924&v=B1756A9E5FA2C38497C740CA5DE8A6015F3CDFEB
data scientist,Technical Project Manager,Artizent,"Bangalore, Karnataka",,,2026-09-19T23:27:21Z,"Technical Project Manager ABOUT ARTIZENT Artizent (formerly known as Nous Infosystems) is a CMMI® Level 5 and ISO 9001:2000 certified global information Technology Company with expertise in providing quality software solutions and IT-enabled support services to a wide range of industries. Artizent is built on deep engineering discipline, selective industry focus, and a continued commitment to solving complex business problems for enterprise customers. Our work spans software and product enginee…",https://www.adzuna.in/land/ad/5890897388?se=2iB37ja78RGV2Kx8uUfkiA&utm_medium=api&utm_source=0fd54924&v=A4F82F023648BD4096FF23E929CBDCA3577171EF
data scientist,GenAI & Agentic AI Developer,Kyndryl,"Mumbai, Maharashtra",,,2026-08-12T01:59:32Z,"This job is with Kyndryl, an inclusive employer and a member of myGwork – the largest global platform for the LGBTQ business community. Please do not contact the recruiter directly. Who We Are At Kyndryl, we design, build, manage and modernize the mission-critical technology systems that the world depends on every day. So why work at Kyndryl? We are always moving forward - always pushing ourselves to go further in our efforts to build a more equitable, inclusive world for our employees, our cus…",https://www.adzuna.in/land/ad/5837139239?se=2iB37ja78RGV2Kx8uUfkiA&utm_medium=api&utm_source=0fd54924&v=7291B6FF184E2AF0485146D307A99C41458CD88A
data scientist,Senior Analytics Platform Engineer,MSD,"Hyderabad, Telangana",,,2026-09-19T20:33:30Z,"This job is with MSD, an inclusive employer and a member of myGwork – the largest global platform for the LGBTQ business community. Please do not contact the recruiter directly. Job Description Required Skills: Data Engineering, Data Visualization, Design Applications, Software Configurations, Software Development, Software Development Life Cycle (SDLC), Solution Architecture, System Designs, System Integration, Testing Preferred Skills: Current Employees apply HERE Current Contingent Workers a…",https://www.adzuna.in/land/ad/5890717554?se=2iB37ja78RGV2Kx8uUfkiA&utm_medium=api&utm_source=0fd54924&v=A5F8443A860370876AED52A0EE9AA35B067E164E
data scientist,ML ENGINEER II,TE Connectivity,"Bangalore, Karnataka",,,2026-09-17T08:31:14Z,"This job is with TE Connectivity, an inclusive employer and a member of myGwork – the largest global platform for the LGBTQ business community. Please do not contact the recruiter directly. At TE, you will unleash your potential working with people from diverse backgrounds and industries to create a safer, sustainable and more connected world. Job Overview The pace of innovation in artificial intelligence and machine learning continues to accelerate, and the Data and Devices Business Unit is at…",https://www.adzuna.in/land/ad/5887061477?se=2iB37ja78RGV2Kx8uUfkiA&utm_medium=api&utm_source=0fd54924&v=0052C107680FE62929E796F178A796F5233E09F6
data scientist,AI Engineer,Capco,"Pune, Maharashtra",,,2026-08-12T01:59:43Z,"This job is with Capco, an inclusive employer and a member of myGwork – the largest global platform for the LGBTQ business community. Please do not contact the recruiter directly. Job Title: GenAI Developer/ Engineer About Us “Capco, a Wipro company, is a global technology and management consulting firm. Awarded with Consultancy of the year in the British Bank Award and has been ranked Top 100 Best Companies for Women in India 2022 by Avtar & Seramount . With our presence across 32 cities acros…",https://www.adzuna.in/land/ad/5837139879?se=2iB37ja78RGV2Kx8uUfkiA&utm_medium=api&utm_source=0fd54924&v=4FA42B1D1023E22F4C86456DE8F7475C671CCA5C
data scientist,Data Analyst,Celestica,India,,,2026-09-18T17:29:26Z,"Summary The AI Data Analyst will design, develop, document, and maintain data pipelines and architectures, workingclosely with IT, Data Engineering, and Data Science teams to deliver artificial intelligence and machine learningsolutions. Provide technical support on selected AI systems (for example, Generative AI applications, agenticworkflows, and internal data integration tools) and participate in enterprise IT and AI projects. Detailed Description Performs tasks such as, but not limited to, …",https://www.adzuna.in/land/ad/5889219254?se=2iB37ja78RGV2Kx8uUfkiA&utm_medium=api&utm_source=0fd54924&v=F7AFC9AC2D0E9DD4D9D13BF0498E433176A3ACB6
data scientist,Manager - Analytics,JioHotstar,"Mumbai, Maharashtra",,,2026-09-24T01:47:09Z,"JOB SUMMARY: As a Manager Analytics at JioHotstar, you will play a pivotal role in driving data-led product decisions across one of India’s largest OTT platforms. You’ll be part of the central analytics team, working closely with product, engineering, and data science to optimize platform performance, working on personalization and recommendation systems. ABOUT THE TEAM: At JioHotstar, the team has developed one of India’s largest, highly scalable platforms in the OTT landscape. This team is pa…",https://www.adzuna.in/land/ad/5895599379?se=2iB37ja78RGV2Kx8uUfkiA&utm_medium=api&utm_source=0fd54924&v=138753764530BBE1120429237F6738BE9E194857
data scientist,AI Engineer (Manager level),Clifford Chance,"Hyderabad, Telangana",,,2026-08-22T22:08:48Z,"This job is with Clifford Chance, an inclusive employer and a member of myGwork – the largest global platform for the LGBTQ business community. Please do not contact the recruiter directly. Job Description The role This role is a key contributor in the Data & Analytics, AI team: The daily work primarily focuses on Natural Language processing (NLP). This role will lead a range of data analytics efforts, including monitoring and improving the performance of our Natural Language Understanding (NLU…",https://www.adzuna.in/land/ad/5852738554?se=2iB37ja78RGV2Kx8uUfkiA&utm_medium=api&utm_source=0fd54924&v=6429E37E2EF2674248EB04297A6B31B30FD47056
data scientist,Spark/Scala Data Engineer,Tata Consultancy Services,"Chennai, Tamil Nadu",,,2026-09-18T17:28:23Z,"Spark/Scala Data Engineer Job Title: Spark/Scala Data Engineer Experience: 4-10 Years Location: Chennai Job Type: Full-Time Job Summary We are looking for a highly skilled Spark/Scala Data Engineer with strong experience in Big Data technologies. The ideal candidate will design, develop, and maintain scalable data pipelines and data processing applications using Spark and Scala while working closely with business and analytics teams. Key Responsibilities Design, develop, and optimize large-scal…",https://www.adzuna.in/land/ad/5889214883?se=2iB37ja78RGV2Kx8uUfkiA&utm_medium=api&utm_source=0fd54924&v=5A7E88504A5A56684FEC6AA6017B9F06CDAD1376
data scientist,Data Engineer,v4c.ai,India,,,2026-09-17T07:17:41Z,"About V4C.ai v4c.ai is a premier IT services consultancy specialising in Databricks to help organizations unlock the full potential of their data. We partner with enterprises to accelerate their journey to becoming data-driven by delivering end-to-end Databricks services across Lakehouse implementation, data engineering, AI/ML, and governance. Our expertise in integration, optimization, and enablement empowers clients to unify disparate data sources, modernize analytics, and build AI-ready plat…",https://www.adzuna.in/land/ad/5886986201?se=2iB37ja78RGV2Kx8uUfkiA&utm_medium=api&utm_source=0fd54924&v=BD078F6AE42068E337800D7F188DEB5B87BBCA8C
data scientist,Quality Assurance Manager,Tekion Corp,India,,,2026-09-12T17:19:44Z,"Role Overview We are looking for an experienced QA Manager to lead our quality engineering function, with a strong focus on test automation, evaluation of AI/LLM-based systems, and team leadership . The ideal candidate combines deep hands-on technical expertise with proven experience managing and mentoring QA teams. Key Details Position: QA Manager – Automation Total Experience: 10 to 17 years Team Management Experience: Minimum 2 years (leading QA/automation teams) Employment Type: Full-time R…",https://www.adzuna.in/land/ad/5880951633?se=2iB37ja78RGV2Kx8uUfkiA&utm_medium=api&utm_source=0fd54924&v=67A74C015629F3B43A17BAC8396A1C8568380505
data scientist,GCP Data Engineer,EliteRecruitments,India,,,2026-09-28T07:38:57Z,"Hiring GCP Data Engineers having 6 years of experience for big4 firm. Location: Bangalore Job Summary: We are seeking a highly skilled Senior Google BigQuery Data Engineer to lead the design, development, and optimization of our data platform. The ideal candidate will have a deep understanding of BigQuery's architecture, capabilities, and best practices, including columnar storage, nested and repeated fields, and separation of compute and storage. A proven track record of delivering complex dat…",https://www.adzuna.in/land/ad/5901136961?se=2iB37ja78RGV2Kx8uUfkiA&utm_medium=api&utm_source=0fd54924&v=839AAF88AA41513C1BCFCF5E27A3C2C43308F510
data scientist,Project Manager for Data & Analytics,TE Connectivity,"Bangalore, Karnataka",,,2026-09-17T08:31:17Z,"This job is with TE Connectivity, an inclusive employer and a member of myGwork – the largest global platform for the LGBTQ business community. Please do not contact the recruiter directly. At TE, you will unleash your potential working with people from diverse backgrounds and industries to create a safer, sustainable and more connected world. Job Overview About TE Connectivity & the Channel BU TE Connectivity is a global technology leader that designs and manufactures connectivity and sensor s…",https://www.adzuna.in/land/ad/5887061666?se=2iB37ja78RGV2Kx8uUfkiA&utm_medium=api&utm_source=0fd54924&v=85B4A2FD5C127BBCCC91016522AD4EDB1E1BB91E
data scientist,Data Engineer,Quess IT Solutions,"Bangalore, Karnataka",,,2026-09-23T15:38:31Z,"• Master’s degree or foreign equivalent in Information Systems, Data Science, Data Analytics, Computer Science, Computer Engineering, or related field. • Five (5) years of work experience in the position offered, as a Data Engineer, Software Developer, or related occupation. • Must have experience with the following: o Working in a production data environment, with responsibility for building, maintaining, and supporting data pipelines and platforms; o Leading cloud data migrations and platform…",https://www.adzuna.in/land/ad/5895030916?se=2iB37ja78RGV2Kx8uUfkiA&utm_medium=api&utm_source=0fd54924&v=8EA709C6E327FCA1545257C8236C8325B911C910
data scientist,MLOps Engineer (Data Engineer),VARITE INC,India,,,2026-09-22T17:39:54Z,"Job Title : MLOps Engineer Location: Gurgaon, HR Experience Required: 2 Years Salary Range: 15 to 18 LPA Role Type : Contract Contract Duration: 5 Months Company Name: VARITE India Private Limited About The Client: An American technological research and consulting firm based in Stamford, Connecticut that conducts research on technology and shares this research through private consulting, executive programs, and conferences. Its clients include large corporations, government agencies, technology…",https://www.adzuna.in/land/ad/5893930219?se=2iB37ja78RGV2Kx8uUfkiA&utm_medium=api&utm_source=0fd54924&v=F08FA5811B76A7606884AB3FD0CF4776F8C62373
data scientist,Data Engineer,VARITE INC,India,,,2026-09-22T17:37:07Z,"Job Title : Data Engineer II Location: Gurgaon, HR Experience Required: 3 Role Type/Shift : Contract/NA About The Job: Company Name: VARITE India Private Limited About The Client: An American technological research and consulting firm based in Stamford, Connecticut that conducts research on technology and shares this research through private consulting, executive programs, and conferences. Its clients include large corporations, government agencies, technology companies, and investment firms. T…",https://www.adzuna.in/land/ad/5893924902?se=CljS7za78RGGQ9u1mQKVdw&utm_medium=api&utm_source=0fd54924&v=25B0F92438673B512C81E3ACBD65DEF0401A72DE
data scientist,"Senior Specialist, Business Insights & Analytics",MSD,"Mumbai, Maharashtra",,,2026-09-11T02:23:43Z,"This job is with MSD, an inclusive employer and a member of myGwork – the largest global platform for the LGBTQ business community. Please do not contact the recruiter directly. Job Description Role Summary The Senior Specialist, Business Insights & Analytics (BIA) is a strategic analytics partner supporting commercial, marketing, and omnichannel decision-making across priority therapeutic areas. This role transforms complex internal and external data into clear, actionable insights that shape …",https://www.adzuna.in/land/ad/5878873616?se=CljS7za78RGGQ9u1mQKVdw&utm_medium=api&utm_source=0fd54924&v=0BBD75427B5C3B4F889F9147917977D0A6FA6B05
data scientist,Data Analyst/Engineer – SCG India,SCG,"New Delhi, Delhi",,,2026-09-23T19:40:17Z,"About SCG in India SCG, Southeast Asia’s leading industrial conglomerate, is expanding in India with a focus on sustainable building materials, modern construction solutions, and digital transformation . Beyond advanced products, SCG is building capabilities in data-driven operations and analytics , leveraging India’s talent base to strengthen decision-making and performance. About the Role As a Data Analyst/Engineer, you will transform raw data into insights that support business growth, opera…",https://www.adzuna.in/land/ad/5895239259?se=CljS7za78RGGQ9u1mQKVdw&utm_medium=api&utm_source=0fd54924&v=4FCCAF26D8E5385244E97BD54062EC388012AFE8
data scientist,Credit Portfolio Manager,Confidential Careers,India,,,2026-07-05T05:29:50Z,"RESPONSIBILITIES: Work with internal partners to develop a robust portfolio management framework and a comprehensive credit & fraud risk management infrastructure for the Digital Bank. Define the credit & portfolio management strategy, focusing primarily on Consumer products, Merchant lending, and SME lending portfolios. Establish credit risk appetite and thresholds for the product portfolios. Develop a comprehensive process and build credit portfolio monitoring and control systems to assess, i…",https://www.adzuna.in/land/ad/5788599321?se=CljS7za78RGGQ9u1mQKVdw&utm_medium=api&utm_source=0fd54924&v=1D353D578E7F01D793D6E0311B2A98584BAEF146
data scientist,CDP Manager,Americana Restaurants,India,,,2026-09-18T17:29:29Z,"Job Description: CDP Data Engineer Location: Mohali (Please apply only if you are open to relocating to Mohali, as this is a full-time work-from-office role.) Experience: 8 Years What You Bring Bachelor's degree in computer science, Engineering, Data Science, or a related field (master's degree in engineering preferred). 8 years of experience in Data Engineering, Data Architecture, or Customer Data Platform (CDP) implementation. 5 years of hands-on experience working with Customer Data Platform…",https://www.adzuna.in/land/ad/5889219465?se=CljS7za78RGGQ9u1mQKVdw&utm_medium=api&utm_source=0fd54924&v=A3974BB579E7D130C5BB2F47F6D9E78B7B948235
data scientist,GCP Data Engineer: Face to Face Hackathon on 19-Sep@ Chennai,HCLTech,"Chennai, Tamil Nadu",,,2026-09-18T17:30:28Z,"Position: GCP Data Engineer Experience: 5 Years Location: Hybrid/Remote/Onsite Employment Type: Full-time Job Summary We are seeking an experienced GCP Data Engineer with strong expertise in Google Cloud Platform (GCP), BigQuery, SQL, and PySpark . The ideal candidate will be responsible for designing, developing, and maintaining scalable data pipelines, optimizing data processing workflows, and supporting enterprise analytics and reporting initiatives. Key Responsibilities Design, build, and m…",https://www.adzuna.in/land/ad/5889220960?se=CljS7za78RGGQ9u1mQKVdw&utm_medium=api&utm_source=0fd54924&v=275AE435A8E1D9CC5D83B2FB0FA2310D862A9ED0
data scientist,Senior Data Engineer,JMAN Group,"Chennai, Tamil Nadu",,,2026-09-25T15:21:24Z,"About the Company JMAN Group is a fast-growing data engineering & data science consultancy. We work primarily with Private Equity Funds and their Portfolio Companies to create commercial value using Data & Artificial Intelligence. In addition, we also work with growth businesses, large corporates, multinationals, and charities. We are headquartered in London with Offices in New York, London and Chennai. Our team of over 450 people is a unique blend of individuals with skills across commercial c…",https://www.adzuna.in/land/ad/5898126538?se=CljS7za78RGGQ9u1mQKVdw&utm_medium=api&utm_source=0fd54924&v=181BA3DABFF19BF143A402C7BFB1C36D20F87A43
data scientist,Sr. Data Engineer - GCP,Ishan Technologies,India,,,2026-09-28T07:36:27Z,"Basic Information: Experience: 6 to 8 Years Location: Pune Must Required Skill: Google Cloud Platform (GCP) Immediate Joiners Job Purpose We are seeking experienced Data Engineer hands-on experience in designing, building, and managing large-scale data pipelines and cloud-based data infrastructure. The ideal candidate will have strong expertise in Google Cloud Platform (GCP) and experience integrating data from web and mobile applications, including React-based systems and Firebase services. Yo…",https://www.adzuna.in/land/ad/5901134392?se=CljS7za78RGGQ9u1mQKVdw&utm_medium=api&utm_source=0fd54924&v=7525E9824408A4840F466D62BC8978180A20F081
data scientist,Data Strategy and Governance Lead,HP,"Bangalore, Karnataka",,,2026-08-21T16:06:20Z,"This job is with HP, an inclusive employer and a member of myGwork – the largest global platform for the LGBTQ business community. Please do not contact the recruiter directly. Data Strategy and Governance Lead Description - Job Summary Define and execute the Finance data strategy to establish a trusted enterprise data foundation that enables transformation, AI, automation, and advanced analytics. Lead data governance, quality, stewardship, standards, and business data architecture while enabli…",https://www.adzuna.in/land/ad/5850907175?se=CljS7za78RGGQ9u1mQKVdw&utm_medium=api&utm_source=0fd54924&v=64319E4F8B7AC29AAF84FA52E603AF93BC04CA0C
data scientist,AI Solutions Engineer,HP,"Bangalore, Karnataka",,,2026-08-18T18:03:36Z,"This job is with HP, an inclusive employer and a member of myGwork – the largest global platform for the LGBTQ business community. Please do not contact the recruiter directly. AI Solutions Engineer Description - Job Summary • This role is responsible for specializing in development and deployment of machine learning models that drive innovation and business value. The role researches and implements appropriate ML algorithms and tools, runs machine learning tests and experiments, and trains and…",https://www.adzuna.in/land/ad/5846723241?se=CljS7za78RGGQ9u1mQKVdw&utm_medium=api&utm_source=0fd54924&v=0084818D71681FAC4F572D55AE1C6BC637792931
data scientist,Assistant Professor of Decision Science,GLA University,"Mathura, Uttar Pradesh",,,2026-09-04T16:57:29Z,"The Assistant Professor of Decision Sciences will be responsible for teaching undergraduate and postgraduate courses in areas such as Business Analytics, Statistics, Operations Research, Data Analytics, Artificial Intelligence for Business, Supply Chain Analytics, and Decision Support Systems. The role includes preparing course materials, developing and updating curriculum, mentoring students, supervising projects and internships, and supporting academic and examination activities. The incumben…",https://www.adzuna.in/land/ad/5870527516?se=CljS7za78RGGQ9u1mQKVdw&utm_medium=api&utm_source=0fd54924&v=2BC6F9A9D9BC3BD723934D2B1761AC9515D38F32
data scientist,Assistant Professor Computer Science Engineering,Dayananda Sagar University,"Bangalore, Karnataka",,,2026-09-22T17:38:31Z,"Position: Assistant Professor – Computer Science & Engineering Location: Dayananda Sagar University, Bengaluru, Karnataka (Harohalli Campus) Experience: 3-5 Years with Mandatory PHD in CSE or related field. Qualifications: PhD in CSE or closely related discipline (e.g., Cybersecurity, AI/ML, Data Science) – mandatory Proven research output: ≥ 4 papers in Scopus/Web of Science indexed journals. Strong academic record at UG and PG levels (First Class preferred). Desired Profile: Passionate about …",https://www.adzuna.in/land/ad/5893929872?se=CljS7za78RGGQ9u1mQKVdw&utm_medium=api&utm_source=0fd54924&v=3737B5A761278149C7BC86E0ECB7E70E929E80DC
data scientist,PhD Machine Learning / Artificial Intelligence Expertise,Outlier,India,,,2026-09-25T22:03:51Z,"Are you an experienced ML or AI professional who'd like to help shape the next generation of AI models — on your own schedule, from anywhere? At Outlier , we help the world's most innovative companies improve their AI models through expert human feedback. Now we're looking for talented Machine Learning and AI Experts to help train generative AI. Why you'll like it: ✅ Fully remote ✅ Flexible hours — work whenever suits you best ✅ Freelance, project-based What you'll do: Assess the factuality and…",https://www.adzuna.in/land/ad/5898535064?se=CljS7za78RGGQ9u1mQKVdw&utm_medium=api&utm_source=0fd54924&v=6923B1D5F77AAB6088D5E3D18F7F8621475E9AD7
data scientist,Sr Data Engineer,Wissen Technology,"Bangalore, Karnataka",,,2026-09-28T02:01:02Z,"Job Summary Wissen Technology is hiring a Senior Data Engineer – Python & Kafka to design, develop, and support enterprise-scale data platforms, real-time streaming solutions, and high-performance ETL pipelines. This role focuses on building robust data integration frameworks, enabling mission-critical business processes, and delivering scalable data engineering solutions within complex enterprise and banking environments. Experience: 7–11 years Location: Bangalore (Hybrid) Mandatory Skills (Mu…",https://www.adzuna.in/land/ad/5900875298?se=CljS7za78RGGQ9u1mQKVdw&utm_medium=api&utm_source=0fd54924&v=BF2045B42FAF17F160C25B79479FBC8C6770AE45
data scientist,Data Analytics Trainer,HCLTech,"Delhi, India",,,2026-09-20T23:27:22Z,"We're Hiring: Data Analytics Trainer  Are you passionate about Data Analytics, Data Science, and empowering the next generation of professionals ? We are looking for an experienced Data Analytics Trainer with 4-6 years of experience to lead engaging instructor-led sessions, mentor learners, and guide real-world analytics projects.  Location: Ghaziabad  Program: Data Analytics Key Skills Required: ✅ Advanced Python Programming ✅ Statistics & Data Analysis ✅ Data Visualization (Power BI, Tableau…",https://www.adzuna.in/land/ad/5891977264?se=CljS7za78RGGQ9u1mQKVdw&utm_medium=api&utm_source=0fd54924&v=4DA59C938939C3B54547EE2E886B75F27C784FB1
data scientist,GCP Data Engineer,Tata Consultancy Services,"Chennai, Tamil Nadu",,,2026-09-09T14:44:25Z,"Jobe Role: GCP Data Engineer Experience Range: 5 - 12 Years Mode of Interview: In-Person (walk-in Interview) Location: Chennai We are seeking an experienced GCP Data Engineer with 7-15 years of overall IT experience and strong expertise in designing, developing, and optimizing large-scale data platforms on Google Cloud Platform (GCP) . The ideal candidate should possess hands-on experience in data engineering, ETL/ELT development, cloud-native architectures, data warehousing, and big data techn…",https://www.adzuna.in/land/ad/5876869964?se=CljS7za78RGGQ9u1mQKVdw&utm_medium=api&utm_source=0fd54924&v=E7373CADEF5A8F50FEB084AF3CD30CA3660C1E3E
data scientist,Senior Data Engineer,R Systems,India,,,2026-09-05T18:30:37Z,"We are looking for a Senior Data Engineer to join our team. In this role, you will design, build, and optimize scalable data pipelines on the Databricks Lakehouse Platform. You will partner with data science, analytics, and business teams to deliver reliable, high-performance data solutions in a collaborative environment. Your responsibilities will include building and maintaining batch or streaming ETL pipelines using PySpark, Delta Lake, and Delta Live Tables. You will manage Databricks clust…",https://www.adzuna.in/land/ad/5871992107?se=CljS7za78RGGQ9u1mQKVdw&utm_medium=api&utm_source=0fd54924&v=21DD70B259089EC2335C10AD1A9EE324D1DEEA7B
data scientist,Team Lead - MLOps / AI DevOps (AWS),Moody's,"Bangalore, Karnataka",,,2026-09-23T14:40:07Z,"This job is with Moody's, an inclusive employer and a member of myGwork – the largest global platform for the LGBTQ business community. Please do not contact the recruiter directly. At Moody's, we unite the brightest minds to turn today’s risks into tomorrow’s opportunities. We do this by striving to create an inclusive environment where everyone feels welcome to be who they are—with the freedom to exchange ideas, think innovatively, and listen to each other and customers in meaningful ways. Mo…",https://www.adzuna.in/land/ad/5894979895?se=CljS7za78RGGQ9u1mQKVdw&utm_medium=api&utm_source=0fd54924&v=6CC39EF00CC1C3F24F9D7AC5FCD6A85357B9F3DF
data scientist,Senior Lead - SME Risk,Credit Saison India,India,,,2026-09-15T07:08:42Z,"About Credit Saison India Established in 2019, Credit Saison India (CS India) is one of the country’s fastest growing Non-Bank Financial Company (NBFC) lenders, with verticals in wholesale, direct lending and tech-enabled partnerships with Non-Bank Financial Companies (NBFCs) and fintechs. Its tech-enabled model coupled with underwriting capability facilitates lending at scale, meeting India’s huge gap for credit, especially with underserved and under penetrated segments of the population.Credi…",https://www.adzuna.in/land/ad/5884159581?se=CljS7za78RGGQ9u1mQKVdw&utm_medium=api&utm_source=0fd54924&v=928424641B1537FEE73773DC83BB8002AB875A0A
data scientist,"Machine Learning Engineer II, Hyderabad",Warner Bros. Discovery,"Hyderabad, Telangana",,,2026-09-24T20:31:56Z,"This job is with Warner Bros. Discovery, an inclusive employer and a member of myGwork – the largest global platform for the LGBTQ business community. Please do not contact the recruiter directly. Welcome to Warner Bros. Discovery… the stuff dreams are made of. Who We Are… When we say, “the stuff dreams are made of,” we’re not just referring to the world of wizards, dragons and superheroes, or even to the wonders of Planet Earth. Behind WBD’s vast portfolio of iconic content and beloved brands,…",https://www.adzuna.in/land/ad/5896962263?se=CljS7za78RGGQ9u1mQKVdw&utm_medium=api&utm_source=0fd54924&v=924CFDFC8399BD5B8E25DC298EBD2B034A35537D
data scientist,"IT&D Manager, Smart Execution",Reckitt,"Hyderabad, Telangana",,,2026-08-12T01:59:43Z,"This job is with Reckitt, an inclusive employer and a member of myGwork – the largest global platform for the LGBTQ business community. Please do not contact the recruiter directly. We are Reckitt Home to the world's best loved and trusted hygiene, health, and nutrition brands. Our purpose defines why we exist: to protect, heal and nurture in the relentless pursuit of a cleaner, healthier world. We are a global team united by this purpose.Join us in our fight to make access to the highest quali…",https://www.adzuna.in/land/ad/5837139873?se=CljS7za78RGGQ9u1mQKVdw&utm_medium=api&utm_source=0fd54924&v=ABACA93DBC01E0939AD5CACA42F5732B201CDBFF
data scientist,Senior Quantitative Research,1 Finance,"Mumbai, Maharashtra",,,2026-09-21T23:33:12Z,"Responsibilities Own the firm’s patented behavioural frameworks, covering financial personality and the quality of financial decision-making, including their ongoing calibration and improvement as member data grows Direct the firm’s macroeconomic research, covering tracking of high frequency indicators and the macroeconomic views published from it Oversee product scoring and ranking models across mutual funds, health and term insurance, credit cards, home loans, NPS and crypto Lead the developm…",https://www.adzuna.in/land/ad/5893035616?se=CljS7za78RGGQ9u1mQKVdw&utm_medium=api&utm_source=0fd54924&v=91C0B07173201C7DB1D98F48D6EF4219A9453A8D
data scientist,Data Quality Analyst,Sambodhi Research and Communications Pvt. Ltd.,India,,,2026-09-01T16:23:17Z,"Company Description Sambodhi Research and Communications Pvt. Ltd. is a knowledge-based organization that focuses on promoting accountability in the public domain. We provide project management, monitoring & evaluation, and research solutions to implementers, governments, aid agencies, and philanthropic foundations. Our expertise lies in evaluating large-scale interventions in sectors such as public health, nutrition, sanitation, renewable energy, livelihoods, and microfinance. We are committed…",https://www.adzuna.in/land/ad/5864442886?se=CljS7za78RGGQ9u1mQKVdw&utm_medium=api&utm_source=0fd54924&v=098165625AD5F210BFEF1A3E40FBBB890EC719D4
data scientist,Assistant Professor- Computer Science and Engineering,Amity University,"Noida, Ghaziabad",,,2026-07-04T17:06:15Z,"Amity University is a highly research-oriented, Innovation-driven and Inter-disciplinary University accredited by the NAAC with grade 'A' and ranked 22 by NIRF. It has over 35,000 students at its campus in Noida (Delhi NCR) . The University is ranked amongst the top 3% of universities globally and has the Highest US and UK accreditations . The large National and Global network of Amity Universities and Institutions provides immense opportunities for joint research and mobility through its stron…",https://www.adzuna.in/land/ad/5787964850?se=CljS7za78RGGQ9u1mQKVdw&utm_medium=api&utm_source=0fd54924&v=704C8C74D98153FDA23CD7084C5D134794FD7FCF
data scientist,Senior Data Engineer,R Systems,"Bangalore, Karnataka",,,2026-09-11T17:17:13Z,"Location – Bangalore (WFO) Experience – 6-9 Years Key Responsibilities: Design, develop, and maintain scalable data architectures leveraging AWS services and data modeling techniques such as Data Vault. Collaborate with data engineers and data scientists to create and optimize ETL processes for data ingestion and transformation using AWS Glue and Lambda. Implement data storage solutions using Amazon Redshift and other AWS data services, ensuring performance and cost-effectiveness. Utilize AWS K…",https://www.adzuna.in/land/ad/5879671084?se=CljS7za78RGGQ9u1mQKVdw&utm_medium=api&utm_source=0fd54924&v=BBA423382AC19B625415FBD378F1B59EAFE98592
data scientist,Lead Data Analyst,Aceolution,"Hyderabad, Telangana",,,2026-09-18T17:30:21Z,"Job description We are seeking an experienced and results-driven Data Analysis Team Lead to join our growing analytics team. The ideal candidate will possess strong analytical capabilities, excellent leadership skills, and a passion for transforming complex data into actionable business insights. This role involves working with large-scale datasets, developing impactful dashboards and reports, collaborating with cross-functional stakeholders, and mentoring a team of analysts to support data-dri…",https://www.adzuna.in/land/ad/5889220778?se=CljS7za78RGGQ9u1mQKVdw&utm_medium=api&utm_source=0fd54924&v=108405D200C31A72237E5B128410C32D494F6A78
data scientist,Data Analyst - Team Lead,Aceolution,"Hyderabad, Telangana",,,2026-09-04T02:34:28Z,"We are seeking an experienced and results-driven Data Analysis Team Lead to join our growing analytics team. The ideal candidate will possess strong analytical capabilities, excellent leadership skills, and a passion for transforming complex data into actionable business insights. This role involves working with large-scale datasets, developing impactful dashboards and reports, collaborating with cross-functional stakeholders, and mentoring a team of analysts to support data-driven decision-mak…",https://www.adzuna.in/land/ad/5869559140?se=CljS7za78RGGQ9u1mQKVdw&utm_medium=api&utm_source=0fd54924&v=54E35D55857D4386D453BC5608143BA8F1420DF3
data scientist,EdTech Business Development Manager – Programs & Partnerships,"iHub-Data, IIIT Hyderabad","Hyderabad, Telangana",,,2026-09-03T16:51:02Z,"Job Description Position: EdTech Business Development Manager – UDAAN (Programs & Partnerships) Organization: IIIT H Data I Hub Foundation ( IHub-Data ) Initiative: UDAAN – Upskilling & Digital Advancement for AI-led National Capacity Location : IIIT H Campus, Gachibowli,Hyderabad Work Mode : Work from Office Shift : Regular Shift ( day Shift ) – 5 Day work IIIT H Data I Hub Foundation ( IHub-Data ) is a Technology Innovation Hub established by IIIT Hyderabad under the Government of India's Nat…",https://www.adzuna.in/land/ad/5868794695?se=CljS7za78RGGQ9u1mQKVdw&utm_medium=api&utm_source=0fd54924&v=4CD1994CE05C02D0DC941CE061C18D106DBA105D
data scientist,Senior Data Engineer,Ganit Inc.,"Mumbai, Maharashtra",,,2026-09-18T17:29:30Z,"Job Title: Senior Data Engineer About Ganit Inc At Ganit , we are not just data geeks – we are a family of scientists, refiners, and artisans. Our mission is to bridge the gap between intelligence and action, translating data into valuable insights and strategies. We work with businesses to create state-of-the-art solutions that push the boundaries of data science. Incorporated in 2017, Ganit was founded by professionals with vast experience in consulting, analytics, marketing, merchandise, ope…",https://www.adzuna.in/land/ad/5889219654?se=CljS7za78RGGQ9u1mQKVdw&utm_medium=api&utm_source=0fd54924&v=2768AA77589012BE7475D1CA2058FC8F588D0E9B
data scientist,"Associate Director, Machine Learning Engineering",S&P Global,India,,,2026-08-25T00:07:35Z,"This job is with S&P Global, an inclusive employer and a member of myGwork – the largest global platform for the LGBTQ business community. Please do not contact the recruiter directly. About the Role: Grade Level (for internal use): 12 Job Description Responsibilities : - Develop and implement machine learning models and algorithms for large scale machine learning projects. - Collaborate with data scientists and software engineers to design and deploy scalable machine learning solutions. - Cond…",https://www.adzuna.in/land/ad/5854537752?se=CljS7za78RGGQ9u1mQKVdw&utm_medium=api&utm_source=0fd54924&v=B6B80550D9756B02B64D209D3E177106375F1742
data scientist,Analytics COE Lead,eClerx,"Mumbai, Maharashtra",,,2026-09-19T23:24:15Z,"Overview We are looking for an experienced and self-driven Analytics COE senior consultant to independently drive client discussions, analytics presales, solutioning, consulting, and account-mining initiatives. The individual will partner with sales, account, vertical, and delivery leaders to identify growth opportunities, understand client priorities, shape differentiated analytics and AI propositions, and progress opportunities from discovery through proposal and closure. This is a hands-on, …",https://www.adzuna.in/land/ad/5890890279?se=CljS7za78RGGQ9u1mQKVdw&utm_medium=api&utm_source=0fd54924&v=C5CDB1E0535C13A66ABD7EFDCED46DBAA85F305E
data scientist,"Senior AI Engineer, Legal",Danaher,"Kolkata, West Bengal",,,2026-09-04T00:31:46Z,"This job is with Danaher, an inclusive employer and a member of myGwork – the largest global platform for the LGBTQ business community. Please do not contact the recruiter directly. Bring more to life. At Danaher, our work saves lives. And each of us plays a part. Fueled by our culture of continuous improvement, we turn ideas into impact – innovating at the speed of life. Our 60,000 associates work across the globe at more than 15 unique businesses within life sciences, diagnostics, and biotech…",https://www.adzuna.in/land/ad/5869485012?se=CljS7za78RGGQ9u1mQKVdw&utm_medium=api&utm_source=0fd54924&v=49A6B92570EB5104AA185A7A5E2EFEA645B531DE
data scientist,Principal Product Manager(Clinical),Providence India,"Hyderabad, Telangana",,,2026-09-06T00:48:22Z,"About Providence At Providence, we help people and communities’ benefit from the best health care model for the future—today. Providence Global Innovation Center (PGC) in India is part of Providence, one of the largest health systems in the US. We are a not-for-profit organization where every day, 119,000 compassionate caregivers serve patients and communities through a large network of 51 hospitals, 829 clinics and a comprehensive range of services across Alaska, California, Montana, New Mexic…",https://www.adzuna.in/land/ad/5872265967?se=CljS7za78RGGQ9u1mQKVdw&utm_medium=api&utm_source=0fd54924&v=A88FF20907765AD8EB8D5E2273AD56343E92EBFE
data scientist,AI/ML Delivery Manager,Innodata Inc.,India,,,2026-09-25T09:55:19Z,"We are looking for a Technical Delivery Manager (TDM) to own end-to-end program management for our AI/ML engagements — spanning ML model development, training and fine-tuning, LLM-based solutions, data pipelines, model evaluation, and broader AI/ML workflows. This role is the single point of contact (SPOC) for clients and internally coordinates across CXO’s, practice heads, engineering, hiring, operations teams. The TDM acts as the orchestrator of the entire delivery engine, ensuring that what …",https://www.adzuna.in/land/ad/5897873622?se=CljS7za78RGGQ9u1mQKVdw&utm_medium=api&utm_source=0fd54924&v=2A52373EA4DA524CF9A2420909BF2B1CBCD00226
data scientist,Data Scientist-Data Science-Data Scientist,EXL,India,,,2026-02-26T01:46:48Z,"Description Data Scientists design and implement data analysis processes to derive actionable insights. Duties include building statistical models, analyzing large datasets, and presenting findings to stakeholders. You will collaborate with other data professionals to solve complex problems and improve business outcomes. Proficiency in data science tools and techniques is essential. Responsibilities · Data collation, processing, cleaning & transformation along with feature engineering and model…",https://www.adzuna.in/details/5645288318?utm_medium=api&utm_source=0fd54924
data scientist,Principal GenAI Engineer – Backend / Fullstack,Savitr Software Services  Ltd,"Hyderabad, Telangana",,,2026-09-28T07:36:38Z,"What We’re Looking For 8-14 years of experience in software engineering (backend or fullstack) 2 years of hands-on experience with LLMs (RAG, agents, prompt engineering) Strong experience building production-grade distributed systems Proficiency in Python Strong experience with SQL & NoSQL databases Hands-on experience with LangChain, LangGraph, or similar frameworks Experience deploying systems on AWS / Azure / GCP Strong understanding of APIs, microservices, and system design Experience with …",https://www.adzuna.in/land/ad/5901134453?se=CljS7za78RGGQ9u1mQKVdw&utm_medium=api&utm_source=0fd54924&v=467503F919AEEAF6A86B80D49B9BA3CD6B47E0A1
data scientist,Data Engineer,Andor Tech,"Bangalore, Karnataka",,,2026-09-20T09:30:15Z,"Hiring: Senior Data Engineer (Azure Databricks) | Bangalore | 5 Days WFO  We are looking for an experienced Senior Data Engineer to join a leading global organization and drive large-scale data transformation initiatives on Azure.  Location: Bangalore  Work Mode: 5 Days Work From Office  Experience: 9 Years Key Skills Required ✅ 5 years of hands-on experience in Databricks (Mandatory) ✅ Strong expertise in PySpark and Python ✅ Azure Cloud Services: ADF, ADLS, Azure Blob Storage, Key Vault ✅ Exp…",https://www.adzuna.in/land/ad/5891352671?se=CljS7za78RGGQ9u1mQKVdw&utm_medium=api&utm_source=0fd54924&v=60C1943245FCDFD30BFD5C08A2DD552DD718AA13
data scientist,Senior Data Engineer,Latinem Private Limited,"Hyderabad, Telangana",,,2026-09-11T17:13:30Z,"Job Title: Senior Data Engineer – Data Analytics Location: Hyderabad Function: Data Analytics / Business Intelligence Role Overview: We are seeking a Senior Data Engineer – Data Analytics to lead the organization’s analytics strategy and enable data driven decision making across the enterprise. This role will drive advanced analytics and BI initiatives, partner with business and IT leaders, and ensure scalable, secure, and compliant analytics solutions. Key Responsibilities: Define and execute …",https://www.adzuna.in/land/ad/5879664856?se=CljS7za78RGGQ9u1mQKVdw&utm_medium=api&utm_source=0fd54924&v=756A6D8C2AAA53628A9BE32BCE0D23C25866D269
data scientist,Senior Data Engineer (immediate joiner),Luxoft,India,,,2026-09-28T07:41:06Z,"Project Description: We are seeking a highly experienced Senior Data Engineer to design, develop, and optimize enterprise-scale data platforms using modern cloud technologies. The role involves building robust ELT pipelines, scalable data models, and analytics-ready datasets leveraging Snowflake, Azure Data Factory (ADF), DBT, Python, and SQL. The ideal candidate will play a key role in enabling data-driven decision making by delivering high-quality, governed, and performant data solutions. Res…",https://www.adzuna.in/land/ad/5901137667?se=CljS7za78RGGQ9u1mQKVdw&utm_medium=api&utm_source=0fd54924&v=A9EA94E75E94AA1FAD5F5E2AE9B4A80DFA028C5C
data scientist,Assistant Professor,REVA University,"Bangalore, Karnataka",,,2026-09-27T18:05:55Z,"Position Assistant Professor – Computer Science & Applications Key Responsibilities: Teaching & Instruction Teach undergraduate and/or postgraduate courses in Computer Science and Applications. Deliver lectures, tutorials, laboratory sessions, and seminars. Prepare lesson plans, course materials, assignments, and examinations. Research & Academic Development Conduct research in areas such as Artificial Intelligence, Data Science, Software Engineering, Cyber Security, Cloud Computing, etc. Publi…",https://www.adzuna.in/land/ad/5900615917?se=CljS7za78RGGQ9u1mQKVdw&utm_medium=api&utm_source=0fd54924&v=2A66A95FF3FD6AC953793B97A86D41732B21C51C
data scientist,Data Associate,Arcana,India,,,2026-09-01T16:21:22Z,"We are seeking a detail-oriented Data Associate to join our growing team. As a Data Associate, you will work closely with our product managers, financial analysts, and engineers to ensure high-quality data integration, analysis, and maintenance. The ideal candidate will have a passion for working with large datasets, a strong analytical mindset, and a desire to make an impact in the financial technology space. Responsibilities: Work with large datasets to ensure data accuracy, consistency, and …",https://www.adzuna.in/land/ad/5864428908?se=CljS7za78RGGQ9u1mQKVdw&utm_medium=api&utm_source=0fd54924&v=0116C97E6DCD96C247CBC81C1EACD60CD8C03AD3
data scientist,Manager – MIS & Analytics,ICICI Lombard,"Mumbai, Maharashtra",,,2026-09-12T01:07:26Z,"We have exciting opportunities for the role of Manager – MIS & Analytics Location : Mumbai Interested candidate can share resume akshada.tathe@icicilombard.com with Manager – MIS & Analytics subject line and share below details. Current Salary Expectation Notice Period Education (Full Time / part Time) Key Deliverables Transform raw operational data into structured, timely MIS dashboards that enable leadership to track performance, identify trends, and support data‑driven decisions. Improve rep…",https://www.adzuna.in/land/ad/5880068122?se=CljS7za78RGGQ9u1mQKVdw&utm_medium=api&utm_source=0fd54924&v=6903F3016AD440EF6FD2DCD84536E402E6964326
data scientist,AI SQL Developer (MySQL \ PostgreSQL \ Vector DB),Cryscol Solutions,"Tamil Nadu, India",,,2026-09-07T18:37:51Z,"About Company Cryscol Solutions is a technology company focused on digital transformation, business process automation, and custom software development. We help businesses improve efficiency and accelerate growth through scalable, secure, and innovative technology solutions. About NavForms NavForms is an AI-powered, low-code form and workflow automation platform developed by Cryscol Solutions. It helps businesses digitize forms, automate workflows, manage data, and streamline business processes…",https://www.adzuna.in/land/ad/5874134587?se=CljS7za78RGGQ9u1mQKVdw&utm_medium=api&utm_source=0fd54924&v=B2C93B78B537BD97B92EE83CB5CB585D45DD12CE
data scientist,SDE 3 - Backend,slice,"Bangalore, Karnataka",,,2026-09-03T04:28:53Z,"About us slice A new bank for a new India slice’s purpose is to make the world better at using money and time, with a major focus on building the best consumer experience for your money. We’ve all felt how slow, confusing, and complicated banking can be. So, we’re reimagining it. We’re building every product from scratch to be fast, transparent, and feel good, because we believe that the best products transcend demographics, like how great music touches most of us. Our cornerstone products and …",https://www.adzuna.in/land/ad/5867717280?se=CljS7za78RGGQ9u1mQKVdw&utm_medium=api&utm_source=0fd54924&v=CA77623099AEA0010CBBB08AF1162F37A16861C4
data scientist,Presales Solutions Consultant,Edureka,"Bangalore, Karnataka",,,2026-09-11T17:16:04Z,"Job Title : Pre-Sales Solution Associate – Enterprise Business Location : Bengaluru (Work from Office) Experience: 2–4 Years Business Unit : Edureka Enterprise (B2B Corporate Learning) Reporting To: Head of Enterprise Business About Edureka Enterprise Edureka Enterprise is the corporate learning division of Edureka, enabling organizations to build future-ready talent through customized learning solutions. We partner with leading enterprises to design and deliver impactful training programs acro…",https://www.adzuna.in/land/ad/5879668042?se=CljS7za78RGGQ9u1mQKVdw&utm_medium=api&utm_source=0fd54924&v=9AB739202E7A5E473A8BFEB1D498CDDE96D756FF
data scientist,Senior Data Engineer - L4,Wayfair,"Bangalore, Karnataka",,,2026-09-09T14:45:14Z,"Candidates for this position are preferred to be based in Bangalore, India and will be expected to comply with their team's hybrid work schedule requirements. About the Role : As a Senior Data Engineer, you will be part of the Data Engineering team with this role being inherently multi-functional, and the ideal candidate will work with Client Experience, Data Scientist, Analysts, Application teams across the company, as well as all other Data Engineering squads at Wayfair. We are looking for so…",https://www.adzuna.in/land/ad/5876870966?se=CljS7za78RGGQ9u1mQKVdw&utm_medium=api&utm_source=0fd54924&v=8D4AB6C15322BF6F207D22E61A52C92BBA53E8C7
data scientist,Data Engineer,Persistent Systems,India,,,2026-09-19T17:33:09Z,"About Position: We are seeking a skilled GCP Data Engineer with 3 to 5 years of experience in designing, developing, and maintaining scalable data solutions on Google Cloud Platform (GCP). The ideal candidate will have strong expertise in cloud-native data engineering, ETL/ELT pipeline development, Python programming, and data warehousing technologies. You will play a key role in building reliable and efficient data platforms that support analytics, reporting, and business intelligence initiati…",https://www.adzuna.in/land/ad/5890612426?se=CljS7za78RGGQ9u1mQKVdw&utm_medium=api&utm_source=0fd54924&v=3A8EEEF9B8B4180278576794823CD1AF3FDD8BED
data scientist,"Senior Staff Product Manager - Technical, Data Platform Team, Hyderabad",Warner Bros. Discovery,"Hyderabad, Telangana",,,2026-08-12T01:59:39Z,"This job is with Warner Bros. Discovery, an inclusive employer and a member of myGwork – the largest global platform for the LGBTQ business community. Please do not contact the recruiter directly. Welcome to Warner Bros. Discovery… the stuff dreams are made of. Who We Are… When we say, “the stuff dreams are made of,” we’re not just referring to the world of wizards, dragons and superheroes, or even to the wonders of Planet Earth. Behind WBD’s vast portfolio of iconic content and beloved brands,…",https://www.adzuna.in/land/ad/5837139622?se=CljS7za78RGGQ9u1mQKVdw&utm_medium=api&utm_source=0fd54924&v=3517D3BD5666701A1E399915A425E6E06716D724
data scientist,"AVP, Data - LARC",Standard Chartered Bank,"Chennai, Tamil Nadu",,,2026-09-04T00:32:00Z,"This job is with Standard Chartered Bank, an inclusive employer and a member of myGwork – the largest global platform for the LGBTQ business community. Please do not contact the recruiter directly. Job Summary The Associate Vice President - Data LARC is responsible for driving the organisation's data agenda, including data strategy execution, data governance, data platform development, and advanced analytics enablement. The role partners with business, technology, and risk teams to ensure data …",https://www.adzuna.in/land/ad/5869485059?se=CljS7za78RGGQ9u1mQKVdw&utm_medium=api&utm_source=0fd54924&v=B08240FE29A236D0342CE7CFE1673A2440F38CA9
data scientist,AI Specialist,Deutsche Bank,"Pune, Maharashtra",,,2026-08-18T18:03:35Z,"This job is with Deutsche Bank, an inclusive employer and a member of myGwork – the largest global platform for the LGBTQ business community. Please do not contact the recruiter directly. Position Overview Role Description As a Lead AI Engineer , you will stand at the forefront of innovation, architecting, developing, and deploying groundbreaking AI solutions that redefine what's possible. We are seeking a visionary and highly motivated Engineer eager to leverage advanced AI models and platform…",https://www.adzuna.in/land/ad/5846723213?se=CljS7za78RGGQ9u1mQKVdw&utm_medium=api&utm_source=0fd54924&v=9AF29DE0C286540A437786D2B1F8204CD029F22D
